SK_ID_PREV,SK_ID_CURR,NUM_INSTALMENT_VERSION,NUM_INSTALMENT_NUMBER,DAYS_INSTALMENT,DAYS_ENTRY_PAYMENT,AMT_INSTALMENT,AMT_PAYMENT
2652367,232137,0.0,18,-2398.0,-2403.0,4500.0,4500.0
1845882,167969,1.0,14,-136.0,-140.0,8043.48,8043.48
2430317,105881,1.0,15,-120.0,-120.0,48222.855,48222.855
1052426,170461,1.0,7,-1083.0,-1090.0,11721.735,11721.735
2148550,265570,0.0,47,-1125.0,-1128.0,7875.0,7875.0
1576797,351755,1.0,10,-702.0,-700.0,9994.455,8850.6
1956223,315408,1.0,10,-2267.0,-2263.0,12371.805,12356.55
1396186,244627,1.0,3,-752.0,-755.0,14588.91,14588.91
2426282,296187,1.0,10,-1253.0,-1256.0,2498.94,2498.94
1017530,420419,0.0,8,-140.0,-140.0,855.585,855.585
2837692,365911,0.0,1,-294.0,-294.0,45000.0,45000.0
1956039,380916,0.0,82,-1142.0,-1142.0,22.185,22.185
2102435,267444,2.0,5,-1697.0,-1709.0,16400.115,16400.115
2261128,289361,1.0,11,-1213.0,-1216.0,5662.305,5662.305
2206388,124454,1.0,2,-492.0,-522.0,18606.555,18606.555
2300703,249583,1.0,4,-293.0,-351.0,7578.9,7578.9
1133161,336620,0.0,66,-671.0,-668.0,5625.0,5625.0
1396585,276332,1.0,1,-1394.0,-1400.0,17914.86,17914.86
1545490,287406,1.0,2,-1138.0,-1145.0,31616.955,31616.955
1995080,245430,0.0,63,-542.0,-558.0,15073.56,15073.56
1077513,398594,1.0,1,-850.0,-880.0,17713.125,17713.125
2230226,292850,1.0,1,-2626.0,-2632.0,20056.545,20056.545
1557336,344213,1.0,2,-1576.0,-1616.0,9768.87,9768.87
1492833,385374,1.0,12,-1867.0,-1867.0,3959.28,3959.28
2399875,157138,1.0,9,-1402.0,-1408.0,7918.2,7918.2
1364340,319964,1.0,4,-261.0,-286.0,6106.95,6106.95
1861102,111629,5.0,20,-255.0,-248.0,8667.0,4005.0
1870491,378572,0.0,86,-1243.0,-1243.0,2250.0,2250.0
2391619,153109,0.0,58,-677.0,-707.0,1776.51,1776.51
1693545,311286,1.0,7,-1116.0,-1157.0,1888.335,1888.335
1390644,360913,1.0,4,-2469.0,-2479.0,13334.67,13334.67
2784951,190559,1.0,6,-436.0,-463.0,26496.72,26496.72
1770283,148701,1.0,5,-1959.0,-1969.0,3168.45,3168.45
2817731,306808,1.0,5,-59.0,-63.0,24772.14,24772.14
1176763,288574,1.0,1,-2647.0,-2659.0,4679.55,4679.55
1327609,435372,1.0,25,-1760.0,-1887.0,2454.435,2454.435
1263251,295004,1.0,4,-844.0,-856.0,5444.235,5444.235
1803385,189352,0.0,45,-2183.0,-2183.0,510.57,510.57
2426957,200697,0.0,85,-332.0,-332.0,765.945,765.945
1386410,416602,0.0,67,-988.0,-1000.0,3375.0,3375.0
2391311,245975,2.0,6,-526.0,-544.0,134773.875,134773.875
2409257,194232,1.0,5,-949.0,-967.0,21870.18,21870.18
2317399,248924,1.0,6,-1663.0,-1673.0,9805.77,9805.77
1980780,437603,1.0,2,-435.0,-457.0,19978.425,636.3
2249182,364592,1.0,8,-2290.0,-2274.0,5756.175,5756.175
2594294,299082,1.0,4,-2051.0,-2060.0,2446.11,2446.11
2024082,247588,0.0,73,-1326.0,-1326.0,13500.0,13500.0
1491089,194699,1.0,6,-2822.0,-2884.0,2326.275,2326.275
1639725,119243,1.0,1,-660.0,-675.0,18330.615,18330.615
2817667,140782,0.0,114,-482.0,-482.0,1307.025,1307.025
2167822,246488,1.0,7,-2260.0,-2266.0,6359.94,6359.94
2545968,187538,1.0,3,-330.0,-339.0,28438.38,28438.38
1378298,310132,0.0,21,-348.0,-348.0,9288.765,9288.765
1487300,245932,0.0,37,-2090.0,-2090.0,514.125,514.125
1255704,364518,3.0,18,-297.0,-303.0,6875.37,6875.37
2762038,165700,0.0,31,-2531.0,-2538.0,165.555,165.555
1028461,102519,1.0,5,-15.0,-31.0,13945.68,13945.68
1156051,281583,1.0,2,-1222.0,-1225.0,13999.815,13999.815
1270781,189305,0.0,45,-1876.0,-1876.0,2250.0,2250.0
2152929,295134,0.0,25,-234.0,-247.0,19701.405,5188.905
1165622,137401,1.0,21,-279.0,-281.0,39090.465,39090.465
1053744,383006,0.0,124,-104.0,-104.0,90.225,90.225
1800898,445911,1.0,7,-51.0,-60.0,15717.87,15717.87
2199315,277109,2.0,1,-644.0,-646.0,61751.025,61751.025
2116647,142214,0.0,81,-1427.0,-1427.0,4500.0,4500.0
1413008,392765,1.0,7,-1549.0,-1558.0,7437.375,6844.5
2328393,441347,1.0,3,-1408.0,-1406.0,10080.18,10080.18
2162751,153560,1.0,5,-1886.0,-1886.0,22243.59,22243.59
1989602,436743,10.0,6,-606.0,-617.0,29409.48,45000.0
1912673,340195,0.0,6,-2726.0,-2737.0,6750.0,6750.0
2584694,187049,1.0,11,-358.0,-362.0,6154.92,6154.92
1798095,331390,0.0,42,-2018.0,-2027.0,5625.0,5625.0
1157488,124204,1.0,4,-2348.0,-2355.0,14305.275,14234.085
1219403,318511,1.0,11,-401.0,-403.0,9356.805,9356.805
2099201,289249,1.0,7,-315.0,-317.0,39096.855,39096.855
2181018,139030,0.0,25,-283.0,-286.0,13838.58,13838.58
2741894,152714,0.0,82,-528.0,-524.0,6750.0,6750.0
2323478,418081,0.0,202,-71.0,-71.0,3600.0,3600.0
2162672,441523,0.0,25,-2064.0,-2074.0,9000.0,8775.0
1691183,189719,0.0,89,-55.0,-55.0,256.905,256.905
1728113,423980,1.0,17,-381.0,-406.0,34303.545,34303.545
2357672,299271,1.0,11,-302.0,-311.0,6771.105,6771.105
2445055,125562,1.0,32,-738.0,-765.0,11420.82,11420.82
1354888,395560,1.0,3,-536.0,-566.0,28742.67,28742.67
1535457,371778,0.0,53,-858.0,-858.0,391.185,391.185
2016150,269010,1.0,2,-2013.0,-2020.0,5496.93,5496.93
1360178,334283,3.0,7,-59.0,-202.0,4682.925,4682.925
1688207,455436,0.0,18,-2443.0,-2461.0,4500.0,4500.0
2809647,349034,1.0,2,-2445.0,-2445.0,2807.685,2807.685
1865006,389352,1.0,17,-1628.0,-1657.0,8074.08,164.475
2502678,281122,1.0,3,-1092.0,-1106.0,68903.01,68903.01
2126511,386083,1.0,6,-360.0,-389.0,33021.585,2562.075
2700932,455803,1.0,16,-295.0,-297.0,20269.125,20269.125
1590921,455196,1.0,4,-181.0,-194.0,17699.985,17699.985
1645550,146277,0.0,3,-2616.0,-2616.0,2250.0,2250.0
2450433,128471,1.0,1,-1044.0,-1064.0,3339.27,3339.27
1375518,121388,1.0,9,-1561.0,-1565.0,9172.71,9172.71
1338982,173366,1.0,8,-183.0,-196.0,10404.63,10404.63
2256533,328499,1.0,2,-2606.0,-2611.0,13404.15,13404.15
2016783,106870,1.0,6,-190.0,-191.0,47212.2,47212.2
2096465,310956,1.0,3,-2486.0,-2450.0,3004.695,6.66
1645532,164651,0.0,10,-2004.0,-2016.0,6750.0,6750.0
1450536,403046,1.0,4,-1617.0,-1617.0,4605.03,4605.03
1251103,217282,1.0,6,-980.0,-1010.0,63481.05,63481.05
1193527,264360,1.0,4,-50.0,-85.0,7312.635,7312.635
1752660,219478,2.0,6,-694.0,-695.0,10732.5,10732.5
2109123,144919,0.0,21,-194.0,-194.0,35.01,35.01
1239485,345989,1.0,35,-155.0,-158.0,27574.47,27574.47
1369277,377466,1.0,5,-395.0,-410.0,5165.595,5165.595
1712165,339709,1.0,2,-1398.0,-1407.0,19055.475,19055.475
2354070,360442,3.0,36,-50.0,-59.0,26608.5,26608.5
1395109,228913,2.0,11,-360.0,-357.0,46345.32,42100.02
2083074,356444,0.0,93,-1478.0,-1484.0,7875.0,7875.0
1382867,413306,1.0,6,-320.0,-344.0,24097.41,676.215
2224957,338211,1.0,5,-2341.0,-2344.0,13913.91,13913.91
1326756,288774,1.0,3,-1946.0,-1947.0,22419.585,22419.585
1134881,437643,2.0,1,-169.0,-175.0,4747.095,27000.0
1081770,283408,1.0,12,-224.0,-243.0,17298.225,17298.225
1769439,372581,1.0,2,-2037.0,-2077.0,7724.205,7724.205
1916105,370331,0.0,55,-188.0,-193.0,8812.53,8812.53
1448490,309246,0.0,27,-2079.0,-2096.0,3375.0,3375.0
1923177,144971,0.0,118,-288.0,-288.0,807.03,807.03
2521878,210707,2.0,1,-676.0,-687.0,8219.385,22500.0
1176972,442452,2.0,5,-959.0,-965.0,40703.715,40703.715
1488680,338146,1.0,6,-1200.0,-1209.0,5349.24,5349.24
2233640,109477,2.0,15,-766.0,-771.0,11894.715,11894.715
1054637,196471,0.0,106,-238.0,-234.0,2250.0,2250.0
2027435,209610,1.0,3,-616.0,-618.0,53174.88,53174.88
2074972,284807,1.0,7,-58.0,-68.0,12725.235,12725.235
2754824,163727,3.0,11,-263.0,-274.0,4758.525,4758.525
1822113,362663,0.0,26,-73.0,-73.0,2506.455,2506.455
1374166,213499,1.0,5,-1444.0,-1461.0,24712.47,427.995
2467444,152524,1.0,4,-1180.0,-1191.0,26627.04,26627.04
1876638,263995,0.0,13,-2709.0,-2699.0,5400.0,5400.0
2478085,105695,1.0,2,-1271.0,-1330.0,5283.0,5283.0
1206037,174651,1.0,6,-1461.0,-1475.0,3295.62,3295.62
2313307,135604,1.0,16,-29.0,-47.0,11340.225,11340.225
2403845,384665,1.0,2,-619.0,-627.0,11352.6,11352.6
2477598,212975,1.0,4,-814.0,-814.0,56741.13,56741.13
1685273,302694,1.0,19,-1026.0,-1025.0,13264.155,13264.155
2678535,371731,0.0,86,-885.0,-885.0,422.1,422.1
2594574,272413,0.0,30,-41.0,-41.0,6758.055,6758.055
1642518,294974,1.0,15,-2012.0,-2012.0,7942.995,7942.995
2261276,267257,1.0,2,-46.0,-66.0,16545.69,16545.69
2813388,201719,1.0,2,-2639.0,-2650.0,6623.055,6623.055
1604948,138280,1.0,8,-2490.0,-2512.0,8610.12,8610.12
2344550,227736,0.0,32,-921.0,-924.0,10298.34,10298.34
1320545,348161,1.0,4,-890.0,-900.0,11720.07,11720.07
2271686,386650,0.0,78,-1570.0,-1577.0,3375.0,3375.0
1193805,112260,0.0,5,-2887.0,-2900.0,3375.0,3318.885
2682497,325262,1.0,6,-484.0,-484.0,11344.77,11344.77
1768443,160525,0.0,20,-42.0,-42.0,48.87,48.87
1870520,452057,1.0,10,-633.0,-647.0,12838.455,12838.455
1188234,173118,1.0,3,-863.0,-883.0,28873.17,28873.17
2106251,294535,1.0,34,-55.0,-56.0,47350.935,47350.935
1513419,272869,1.0,2,-2133.0,-2135.0,12908.295,12908.295
1238100,341534,0.0,32,-2503.0,-2503.0,450.0,450.0
2391605,308239,0.0,6,-2761.0,-2776.0,9000.0,6750.0
2522950,388937,0.0,18,-1515.0,-1515.0,4500.0,4500.0
2391620,152181,0.0,40,-388.0,-388.0,158582.745,158582.745
1255578,194357,1.0,1,-892.0,-903.0,40604.04,40604.04
2299661,364907,0.0,59,-872.0,-872.0,192.51,192.51
1007552,407471,0.0,1,-781.0,-795.0,2250.0,2250.0
1387443,103073,1.0,25,-16.0,-18.0,44923.77,44923.77
1027307,233769,1.0,3,-1509.0,-1489.0,5625.36,0.225
1735754,424550,0.0,4,-587.0,-598.0,3888.135,3888.135
1396363,257755,1.0,21,-773.0,-784.0,19025.1,19025.1
1260414,396620,1.0,5,-654.0,-655.0,4499.685,4499.685
2510230,349882,1.0,14,-586.0,-587.0,52601.445,52601.445
2476020,188201,1.0,9,-150.0,-169.0,9595.8,9595.8
1087819,386973,1.0,17,-1280.0,-1299.0,17651.52,17651.52
2189403,375141,1.0,8,-2368.0,-2395.0,4649.535,4649.535
1010091,165456,1.0,2,-1040.0,-1080.0,12178.125,12178.125
1467793,159950,1.0,8,-1324.0,-1342.0,27762.21,27762.21
2831645,387932,1.0,9,-870.0,-871.0,25857.0,25857.0
1994152,424152,1.0,6,-1879.0,-1912.0,6153.75,4.5
1752090,372997,1.0,2,-1911.0,-1942.0,21200.535,21200.535
1793595,410177,1.0,4,-2426.0,-2431.0,2868.345,2868.345
2029147,454028,1.0,32,-850.0,-842.0,6851.835,6723.72
2458606,387188,1.0,8,-75.0,-75.0,8023.725,8023.725
1473726,316903,3.0,24,-279.0,-281.0,12404.475,12404.475
1334454,430023,1.0,6,-2516.0,-2520.0,2798.01,2798.01
1589350,117059,1.0,12,-104.0,-112.0,15002.55,15002.55
2512427,256063,1.0,7,-637.0,-655.0,26191.395,26191.395
2705871,448265,1.0,9,-168.0,-168.0,14821.335,14821.335
2056812,167501,0.0,23,-2229.0,-2233.0,13500.0,13500.0
1369296,304467,0.0,40,-2085.0,-2085.0,2250.0,2250.0
1316238,435539,1.0,9,-1856.0,-1858.0,15623.46,15623.46
1565957,264286,1.0,2,-490.0,-502.0,11499.435,11497.815
1627348,231361,0.0,8,-747.0,-747.0,111.465,111.465
2144413,221509,1.0,2,-642.0,-658.0,21061.98,21061.98
1626516,141775,0.0,75,-1306.0,-1306.0,257.985,257.985
1568975,424451,1.0,9,-1628.0,-1648.0,5457.51,5457.51
1338330,358502,2.0,7,-564.0,-593.0,275.94,4736.52
2001362,379195,1.0,3,-1031.0,-1039.0,6039.135,6039.135
1830458,189837,0.0,11,-141.0,-158.0,4955.13,4955.13
1531338,235981,0.0,13,-1989.0,-2018.0,67.5,67.5
1985305,156247,1.0,1,-1059.0,-1063.0,4646.07,4646.07
1468217,219781,6.0,5,-147.0,-147.0,53302.365,81000.0
1259902,387811,0.0,10,-535.0,-535.0,234.225,234.225
2048318,134772,1.0,2,-1562.0,-1577.0,35399.88,35399.88
1034662,127814,1.0,11,-1980.0,-1978.0,10332.18,9930.735
2553077,243175,1.0,6,-225.0,-238.0,9285.615,9285.615
2480145,209744,1.0,1,-539.0,-551.0,9583.875,9583.875
1027769,118453,1.0,11,-1162.0,-1166.0,7029.9,7029.9
2208156,209554,0.0,49,-1055.0,-1055.0,342.54,342.54
1830062,395968,1.0,6,-684.0,-688.0,14935.005,14935.005
2583267,370327,0.0,89,-1112.0,-1112.0,7.02,7.02
1054779,397771,1.0,3,-351.0,-361.0,10165.86,10165.86
2138432,200041,0.0,9,-1796.0,-1796.0,9000.0,9000.0
2257114,342768,1.0,1,-2787.0,-2787.0,5279.355,5279.355
1532440,445922,0.0,26,-158.0,-158.0,266.58,266.58
2437029,144101,1.0,17,-1169.0,-1172.0,3903.345,3903.345
2446478,146948,2.0,8,-236.0,-238.0,108923.94,108923.94
1036255,153648,1.0,5,-464.0,-478.0,7066.17,7066.17
1493025,316341,0.0,17,-2070.0,-2073.0,4500.0,2250.0
1500168,353860,1.0,6,-1366.0,-1365.0,56087.865,56087.865
2404419,319962,1.0,12,-1541.0,-1555.0,13190.985,13190.985
1870984,366675,1.0,1,-1157.0,-1187.0,28873.17,28873.17
1256583,399508,1.0,3,-779.0,-795.0,8722.845,8722.845
2094957,391838,0.0,3,-968.0,-975.0,12479.76,12479.76
2814521,226583,0.0,51,-200.0,-200.0,887.58,887.58
1088206,258504,2.0,7,-132.0,-137.0,68771.295,68771.295
2394927,129377,1.0,14,-489.0,-486.0,16822.44,16638.075
2496685,194520,2.0,4,-1008.0,-1049.0,12047.625,12047.625
2704215,111723,1.0,3,-1896.0,-1914.0,6802.695,6802.695
1683284,431828,0.0,100,-985.0,-985.0,156.78,156.78
2517402,361580,1.0,4,-2026.0,-2026.0,4584.195,4584.195
2050382,140576,1.0,21,-247.0,-277.0,72824.985,72824.985
2023950,309490,1.0,9,-216.0,-223.0,34955.775,34955.775
1232127,168029,0.0,64,-1604.0,-1633.0,67.5,67.5
1459524,236024,1.0,11,-191.0,-209.0,12546.495,12546.495
2085776,169222,3.0,5,-53.0,-56.0,18534.825,18534.825
1691039,213935,1.0,2,-820.0,-834.0,7787.655,7787.655
1113216,145608,1.0,18,-1818.0,-1818.0,19681.965,19681.965
2632957,142122,1.0,10,-1975.0,-2012.0,8478.0,8478.0
2246394,217744,0.0,82,-867.0,-867.0,400.32,400.32
2403600,347881,0.0,37,-546.0,-546.0,165.87,165.87
1295423,217214,1.0,3,-80.0,-125.0,15322.05,15322.05
1762647,290350,1.0,1,-1219.0,-1230.0,6204.825,6204.825
2836466,180501,1.0,6,-1338.0,-1342.0,21827.52,21827.52
1698034,380734,0.0,50,-2129.0,-2129.0,3128.805,3128.805
1998987,262202,1.0,4,-737.0,-739.0,63546.03,63546.03
1597777,144809,1.0,5,-1614.0,-1628.0,12708.405,12708.405
1578078,273935,1.0,3,-2248.0,-2242.0,3611.07,3611.07
2462890,417822,1.0,3,-2363.0,-2379.0,6506.595,6506.595
1614737,302508,1.0,49,-1082.0,-1085.0,9982.44,9982.44
2181705,348530,0.0,19,-823.0,-823.0,849.15,849.15
2842797,225343,0.0,3,-439.0,-439.0,335.385,335.385
1004647,140940,0.0,51,-1275.0,-1280.0,5625.0,5625.0
1922925,167966,1.0,42,-241.0,-259.0,14874.48,14874.48
1132090,365417,1.0,11,-459.0,-562.0,2300.715,2300.715
1671635,266679,1.0,11,-1609.0,-1620.0,1523.88,1523.88
2504522,101491,0.0,12,-387.0,-394.0,2250.0,2250.0
1773808,433110,0.0,67,-819.0,-819.0,1524.195,1524.195
2482708,193219,1.0,9,-241.0,-244.0,10763.685,10763.685
2631923,212135,1.0,9,-854.0,-858.0,10258.2,10258.2
1406897,396915,0.0,65,-649.0,-649.0,378.405,378.405
1545333,246849,1.0,6,-2382.0,-2398.0,2331.135,2331.135
2162449,129839,0.0,20,-257.0,-257.0,6750.0,6750.0
1725802,357481,0.0,76,-1130.0,-1130.0,725.13,725.13
1898583,103256,2.0,5,-636.0,-653.0,19281.96,19281.96
2408874,370643,1.0,6,-167.0,-168.0,55809.855,55809.855
2760144,446159,1.0,1,-460.0,-476.0,89928.0,89928.0
1230710,157745,0.0,15,-257.0,-257.0,2.52,2.52
1134749,110881,1.0,5,-2361.0,-2376.0,14947.515,14947.515
2303999,295730,1.0,3,-298.0,-332.0,5918.94,5918.94
1613389,104038,0.0,60,-1487.0,-1487.0,9000.0,9000.0
1640146,267327,0.0,23,-2582.0,-2582.0,5625.0,5625.0
1489644,163643,1.0,7,-1003.0,-1022.0,10666.35,10666.35
1181405,276352,0.0,34,-252.0,-252.0,26412.255,26412.255
2116644,399369,0.0,4,-2643.0,-2653.0,5625.0,5625.0
1954014,353670,1.0,6,-1319.0,-1319.0,10810.8,10810.8
1234196,439489,1.0,4,-1070.0,-1099.0,3754.35,3754.35
2196513,424300,1.0,8,-2278.0,-2252.0,10086.3,148.275
1029712,227831,1.0,5,-1598.0,-1614.0,6784.425,6784.425
1322862,123813,0.0,92,-517.0,-517.0,27000.0,27000.0
1535287,188010,2.0,16,-320.0,-326.0,6511.365,2529.315
1415049,400329,0.0,3,-2821.0,-2833.0,3375.0,3375.0
2599944,410836,1.0,8,-2356.0,-2363.0,1796.49,1796.49
1973682,322932,1.0,2,-2749.0,-2749.0,8472.645,8472.645
1954242,189783,1.0,10,-2214.0,-2215.0,9611.505,9611.505
1277528,392873,1.0,6,-1109.0,-1112.0,4300.065,4300.065
2204644,337735,1.0,2,-2115.0,-2145.0,5754.78,5754.78
1769158,224801,0.0,97,-853.0,-853.0,2.115,2.115
1546595,399428,1.0,7,-1954.0,-1960.0,5072.715,5072.715
1158245,261121,1.0,16,-592.0,-595.0,8935.38,8935.38
2698448,190632,1.0,7,-200.0,-213.0,5987.925,5987.925
1528863,356559,3.0,4,-532.0,-542.0,63787.5,63787.5
1639230,358635,1.0,6,-1089.0,-1092.0,41699.385,41699.385
2564460,332650,0.0,23,-2810.0,-2818.0,8100.0,8100.0
2234747,268295,1.0,1,-1099.0,-1126.0,13158.0,13158.0
2696251,240570,0.0,36,-30.0,-48.0,18402.39,12195.9
1735541,270014,0.0,50,-1699.0,-1699.0,3375.0,3375.0
1746945,149212,1.0,8,-999.0,-1009.0,13155.75,13155.75
1151257,186929,1.0,9,-2452.0,-2457.0,5653.305,5653.305
1710403,298708,0.0,29,-1700.0,-1709.0,6750.0,6750.0
2013562,185448,1.0,19,-867.0,-880.0,11609.55,11609.55
1078945,121449,0.0,14,-127.0,-127.0,70.56,70.56
1643313,297202,1.0,4,-277.0,-286.0,17902.575,17902.575
1544521,294013,0.0,55,-9.0,-9.0,70.695,70.695
1645526,182837,0.0,97,-577.0,-577.0,64.575,64.575
1832557,285656,1.0,8,-1205.0,-1233.0,6875.325,6875.325
1535248,260257,0.0,14,-97.0,-105.0,20385.99,20385.99
1312843,319441,1.0,11,-379.0,-417.0,8500.95,1891.98
1915676,373256,1.0,3,-1657.0,-1681.0,14178.33,14.265
1748136,196978,1.0,1,-550.0,-559.0,13551.255,13551.255
1830458,189837,0.0,19,-49.0,-46.0,6224.22,6224.22
1664665,341373,1.0,10,-2452.0,-2457.0,12496.815,12496.815
1330331,225179,1.0,1,-2502.0,-2520.0,4285.125,4285.125
1823985,157035,0.0,76,-1500.0,-1163.0,4.005,4.005
2045713,409323,1.0,5,-1862.0,-1863.0,5580.405,5580.405
1421063,437201,1.0,1,-2439.0,-2445.0,4310.91,4310.91
2266213,154431,0.0,88,-99.0,-99.0,9000.0,9000.0
1129135,178386,1.0,4,-767.0,-788.0,18235.08,18235.08
1259884,184865,1.0,10,-812.0,-811.0,15030.45,15030.45
1356261,101793,1.0,12,-1769.0,-1769.0,12149.505,12149.505
1317378,311402,1.0,5,-2394.0,-2405.0,7926.705,7926.705
1259583,429084,1.0,2,-2239.0,-2288.0,10981.89,1.215
1281914,403863,1.0,10,-66.0,-72.0,11401.335,11401.335
2843364,148262,1.0,6,-273.0,-276.0,9226.485,9226.485
1331386,365643,1.0,3,-1639.0,-1640.0,10866.915,10866.915
2139022,144449,1.0,7,-194.0,-207.0,9099.09,9099.09
1689907,371092,1.0,10,-1051.0,-1059.0,22104.9,22104.9
2705732,120112,0.0,2,-537.0,-537.0,2250.0,2250.0
1424858,116478,2.0,9,-403.0,-419.0,359955.09,359955.09
1079361,126779,1.0,11,-638.0,-640.0,6933.6,6933.6
1673259,128281,1.0,8,-665.0,-679.0,10542.555,10542.555
1921886,417802,1.0,14,-452.0,-471.0,11211.345,11211.345
1948798,405696,0.0,23,-83.0,-83.0,2380.005,2380.005
1077627,174031,1.0,7,-105.0,-103.0,49168.935,48305.295
1419384,312646,0.0,43,-2285.0,-2285.0,1125.0,1125.0
2411206,177839,0.0,5,-221.0,-221.0,4500.0,4500.0
1952513,148136,1.0,2,-2418.0,-2422.0,4706.775,4706.775
2188690,265120,0.0,17,-289.0,-289.0,185.265,185.265
1793012,180206,0.0,29,-395.0,-405.0,15908.535,15908.535
2741088,207128,1.0,6,-49.0,-60.0,13310.775,13310.775
2356160,118343,0.0,66,-1686.0,-1686.0,1097.505,1097.505
2258034,400214,0.0,51,-1264.0,-1274.0,7875.0,7875.0
2270994,313660,0.0,66,-990.0,-1002.0,3375.0,3375.0
1308323,191942,1.0,4,-1446.0,-1460.0,8220.51,8220.51
1060241,265789,0.0,39,-1791.0,-1800.0,4500.0,4500.0
2316179,323591,2.0,7,-235.0,-241.0,5914.035,5914.035
1711580,293893,1.0,3,-889.0,-892.0,30332.295,30332.295
2463628,129509,0.0,6,-2716.0,-2725.0,5625.0,5625.0
2749545,205052,1.0,11,-1054.0,-1082.0,10932.255,227.61
1417363,174488,0.0,3,-1437.0,-1437.0,2025.0,2025.0
2653150,370844,1.0,10,-480.0,-479.0,30867.795,30867.795
2357527,396054,0.0,44,-1822.0,-1822.0,109.8,109.8
1496966,105713,0.0,88,-1353.0,-1359.0,4500.0,4500.0
2438041,448156,1.0,4,-229.0,-266.0,11691.63,11691.63
2084983,337617,1.0,6,-2665.0,-2713.0,7059.78,7059.78
2104749,275614,0.0,11,-482.0,-494.0,2250.0,2250.0
2479777,191942,1.0,13,-382.0,-393.0,10061.91,10061.91
1061569,382449,0.0,64,-2074.0,-2081.0,4050.0,4050.0
2069738,345250,0.0,2,-2553.0,-2553.0,11250.0,11250.0
2619418,422289,1.0,12,-1381.0,-1396.0,3554.055,3554.055
1519643,129994,0.0,64,-1266.0,-1266.0,3338.415,3338.415
1100300,413098,0.0,18,-1893.0,-1898.0,9000.0,9000.0
1425705,132921,1.0,4,-2782.0,-2782.0,1711.98,1711.98
1229754,387020,0.0,16,-2646.0,-2646.0,4500.0,4500.0
1922855,202901,1.0,2,-690.0,-718.0,3839.13,716.58
1307139,125838,0.0,37,-429.0,-429.0,2.745,2.745
1745141,349807,0.0,43,-2006.0,-2006.0,900.0,900.0
2083085,324894,0.0,80,-332.0,-332.0,11621.565,11621.565
1237769,160847,0.0,30,-2170.0,-2175.0,3375.0,3375.0
1966492,320502,1.0,4,-401.0,-413.0,8417.025,8417.025
1231863,165945,1.0,7,-1780.0,-1774.0,7796.835,7796.835
1640142,122485,0.0,64,-1025.0,-1025.0,32.22,32.22
2392815,356739,7.0,22,-207.0,-209.0,22575.465,22575.465
1873188,336802,1.0,1,-555.0,-563.0,13013.955,13013.955
2778650,297851,0.0,13,-85.0,-91.0,8024.985,8024.985
2633026,100743,1.0,17,-291.0,-315.0,6804.0,6804.0
2495145,346655,1.0,3,-978.0,-978.0,8772.255,8772.255
1869997,202537,1.0,9,-56.0,-61.0,17002.575,17002.575
2079514,119284,1.0,7,-713.0,-712.0,15221.25,15221.25
1082634,358193,0.0,23,-877.0,-877.0,3029.4,3029.4
1110374,279314,0.0,9,-592.0,-589.0,6916.725,6916.725
2287433,444859,1.0,6,-318.0,-336.0,56076.705,56076.705
2366233,374676,1.0,6,-38.0,-44.0,7654.68,7654.68
1550090,432775,1.0,21,-445.0,-460.0,30205.35,1409.535
2478779,406139,0.0,63,-2073.0,-2090.0,3375.0,3375.0
2366867,263815,2.0,9,-287.0,-298.0,7631.28,7631.28
2715774,119259,1.0,6,-2368.0,-2386.0,2788.56,2788.56
2588347,203880,1.0,7,-1488.0,-1503.0,8538.165,8538.165
1025934,254532,3.0,4,-263.0,-295.0,19709.28,631.44
2774528,235346,1.0,2,-384.0,-393.0,24113.25,24113.25
1075894,412729,3.0,6,-229.0,-273.0,4613.535,577.98
1767738,387019,0.0,44,-1811.0,-1811.0,254.475,254.475
2522066,209247,1.0,11,-741.0,-752.0,3351.69,3351.69
1208501,310157,0.0,92,-369.0,-369.0,231.12,231.12
1159581,104962,1.0,1,-523.0,-523.0,23366.205,23366.205
1258637,322922,0.0,43,-606.0,-604.0,17110.575,17110.575
1189412,431552,1.0,15,-2236.0,-2247.0,13776.21,13776.21
2238435,169866,3.0,17,-146.0,-161.0,16046.595,16046.595
2137355,347818,0.0,19,-1909.0,-1910.0,3375.0,3375.0
2751505,287798,1.0,1,-553.0,-555.0,10618.875,10618.875
1004353,421208,1.0,7,-1592.0,-1590.0,4949.325,4949.325
1391063,183584,0.0,21,-853.0,-861.0,4395.24,4395.24
1977978,267804,1.0,3,-150.0,-153.0,3813.21,3813.21
1931116,438325,4.0,20,-120.0,-132.0,14517.135,14517.135
1963993,288096,1.0,17,-333.0,-337.0,16373.43,16373.43
1683832,363905,1.0,5,-307.0,-320.0,11487.51,11487.51
2668570,250253,1.0,1,-1826.0,-1830.0,3371.625,3371.625
2558569,230081,1.0,4,-1909.0,-1934.0,3517.065,3517.065
2633761,252318,1.0,1,-550.0,-580.0,6347.475,6347.475
1659479,239632,1.0,16,-470.0,-484.0,41044.95,3236.625
1362626,317539,1.0,4,-1289.0,-1300.0,11550.24,11550.24
2540021,232848,0.0,13,-16.0,-15.0,20285.64,20285.64
1599793,432258,1.0,2,-784.0,-799.0,8663.31,8663.31
2662143,146104,1.0,1,-1653.0,-1661.0,10868.535,10868.535
1919884,252076,0.0,54,-2053.0,-2053.0,139.005,139.005
2537990,386204,1.0,6,-604.0,-632.0,16722.855,1024.2
1767954,154703,1.0,18,-570.0,-577.0,6446.205,7864.515
1026883,429225,1.0,12,-479.0,-487.0,12072.78,12072.78
1105924,202459,1.0,27,-282.0,-289.0,18000.945,18000.945
2619064,152241,1.0,1,-1394.0,-1406.0,11387.61,11387.61
2827317,204419,1.0,3,-1871.0,-1879.0,4478.265,4478.265
1855639,225772,1.0,14,-306.0,-424.0,5392.8,5392.8
1899405,276017,0.0,18,-315.0,-319.0,10494.225,10494.225
2067046,164718,1.0,5,-206.0,-206.0,57038.175,57038.175
2172376,375413,1.0,8,-132.0,-140.0,47624.175,47624.175
2305684,231573,0.0,69,-979.0,-979.0,319.815,319.815
1208176,175912,1.0,11,-569.0,-584.0,20969.1,20969.1
1314102,395031,1.0,3,-210.0,-232.0,9272.565,9272.565
1107245,155919,0.0,44,-184.0,-184.0,1008.855,1008.855
1803083,145126,1.0,6,-610.0,-619.0,4624.245,4624.245
2037034,125034,2.0,1,-651.0,-655.0,21839.625,21839.625
1664251,408563,1.0,6,-2354.0,-2361.0,14327.28,14327.28
2145496,204118,1.0,3,-356.0,-353.0,58457.835,56712.78
1207833,179218,1.0,5,-2435.0,-2430.0,8570.475,8570.025
1610898,378761,0.0,18,-192.0,-192.0,377.595,377.595
1420931,131070,1.0,11,-451.0,-463.0,12695.175,12695.175
2820981,408960,1.0,10,-602.0,-603.0,13232.34,13232.34
1141555,388747,2.0,9,-1429.0,-1441.0,20516.985,20516.985
1266789,107296,3.0,8,-424.0,-432.0,5462.64,5462.64
2371489,274851,1.0,20,-630.0,-623.0,9765.99,8588.43
2842605,307905,1.0,2,-408.0,-406.0,18235.08,18231.66
1202297,156777,1.0,6,-1202.0,-1201.0,12225.6,12225.6
1280286,140948,1.0,2,-361.0,-378.0,8799.885,8799.885
2783391,153596,1.0,3,-496.0,-510.0,6903.45,6903.45
2113639,152158,1.0,4,-1138.0,-1150.0,34182.0,34182.0
2253633,129440,1.0,2,-1848.0,-1857.0,13886.325,13886.325
2474604,394440,1.0,6,-913.0,-915.0,25309.575,25309.575
1630261,422254,1.0,11,-104.0,-122.0,24531.345,24531.345
1406408,244098,1.0,29,-624.0,-634.0,12408.93,12408.93
2196388,392842,1.0,6,-1752.0,-1752.0,9624.465,9624.465
2450023,440215,0.0,63,-865.0,-865.0,141.93,141.93
1954197,195830,1.0,8,-2513.0,-2516.0,5770.485,5770.485
2142323,312348,1.0,14,-1162.0,-1169.0,8267.625,8267.625
2608629,203899,0.0,39,-1411.0,-1414.0,7875.0,7875.0
2100460,282237,1.0,16,-362.0,-380.0,35912.16,17025.48
1930740,424996,0.0,114,-431.0,-431.0,149.895,149.895
2162951,155562,0.0,113,-770.0,-770.0,0.135,0.135
1640163,386863,0.0,22,-1925.0,-1925.0,365.85,365.85
1777733,172148,1.0,11,-254.0,-255.0,9614.16,9614.16
1420039,279921,0.0,11,-17.0,-20.0,4636.395,4636.395
1127852,167290,1.0,11,-560.0,-561.0,10317.6,10317.6
2580399,186493,0.0,64,-461.0,-461.0,3.735,3.735
1833349,187745,1.0,5,-576.0,-580.0,98677.395,98677.395
1829931,316119,1.0,6,-126.0,-150.0,7645.68,7645.68
1423208,329730,1.0,15,-2237.0,-2242.0,4079.52,4079.52
1237016,216776,1.0,10,-843.0,-845.0,39337.38,39337.38
2491180,282534,0.0,36,-1314.0,-1326.0,9000.0,9000.0
1153539,325285,1.0,31,-1271.0,-1275.0,11801.475,11801.475
1331454,455125,1.0,12,-628.0,-634.0,11267.055,11267.055
1465913,367437,1.0,9,-257.0,-271.0,14314.185,14314.185
1835491,193681,2.0,12,-221.0,-222.0,13812.075,13812.075
1824640,361504,1.0,5,-2461.0,-2472.0,5197.995,5197.995
1320795,145324,1.0,1,-256.0,-262.0,21965.895,21965.895
1012614,145622,1.0,26,-396.0,-418.0,23123.88,23123.88
1873149,298238,1.0,6,-58.0,-59.0,27449.82,27449.82
2756653,119368,1.0,6,-767.0,-779.0,20148.39,20148.39
2154459,157016,1.0,7,-132.0,-160.0,21106.035,21106.035
1146946,143621,0.0,18,-2793.0,-2793.0,1125.0,1125.0
2717933,201239,0.0,62,-1256.0,-1256.0,459.315,459.315
1522157,196437,1.0,5,-574.0,-577.0,30938.94,30938.94
2301069,233573,1.0,4,-153.0,-163.0,6424.875,6424.875
1839780,341765,1.0,1,-1134.0,-1153.0,20123.865,90000.0
2138565,116813,1.0,2,-251.0,-271.0,20143.935,20143.935
1688832,245254,1.0,3,-1790.0,-1799.0,8977.365,8977.365
1005758,229294,1.0,8,-1660.0,-1663.0,9639.945,9639.945
1317134,161861,1.0,25,-328.0,-336.0,23547.78,23547.78
1688229,217797,0.0,7,-2532.0,-2541.0,6750.0,6750.0
2186249,381131,0.0,34,-308.0,-325.0,3846.825,1857.69
2631836,140337,0.0,75,-1568.0,-1568.0,560.88,560.88
1688533,143624,1.0,5,-2570.0,-2570.0,3689.055,3689.055
1410569,146603,1.0,8,-289.0,-293.0,16099.065,16099.065
1078281,307499,1.0,18,-128.0,-132.0,8513.19,8513.19
1861297,183096,0.0,81,-384.0,-384.0,89.91,89.91
2696875,135365,1.0,3,-1556.0,-1558.0,4361.49,4361.49
2130468,171647,0.0,29,-1985.0,-1996.0,4500.0,4500.0
2023075,201702,0.0,51,-1486.0,-1486.0,47250.0,47250.0
1678076,184238,2.0,1,-994.0,-1000.0,941393.34,941393.34
1500071,288992,1.0,1,-1327.0,-1338.0,13439.745,13439.745
2300171,150587,14.0,7,-25.0,-27.0,14783.355,67500.0
1833174,272425,1.0,1,-629.0,-646.0,24272.325,24272.325
1374808,311535,0.0,56,-1911.0,-1911.0,1437.75,1437.75
2356734,111319,0.0,93,-115.0,-115.0,4.5,4.5
2607544,423791,1.0,4,-2013.0,-2016.0,4756.275,4756.275
2792406,282875,1.0,7,-2125.0,-2154.0,6821.19,0.315
2174758,374784,1.0,3,-1294.0,-1308.0,17218.305,17218.305
1125506,293825,1.0,1,-1745.0,-1769.0,11774.115,11774.115
2404693,417874,1.0,9,-1237.0,-1236.0,16542.315,16542.315
1104150,346965,3.0,27,-207.0,-205.0,28596.96,28354.59
2177382,114325,1.0,2,-2610.0,-2620.0,4100.94,4100.94
1561694,235294,1.0,11,-54.0,-69.0,22556.16,22556.16
1979274,393320,0.0,16,-2702.0,-2702.0,1575.63,1575.63
1723396,150521,1.0,6,-367.0,-366.0,9036.135,9036.135
1367172,436492,1.0,3,-1247.0,-1253.0,3954.375,3954.375
1531247,345716,1.0,6,-576.0,-576.0,8774.01,8774.01
1568006,356755,1.0,7,-1231.0,-1239.0,10063.98,10063.98
2180333,214114,1.0,9,-1251.0,-1265.0,3342.15,3342.15
1619437,429503,1.0,9,-570.0,-596.0,8935.38,8935.38
1380716,359789,1.0,2,-1774.0,-1788.0,4303.305,4303.305
1006170,455703,1.0,6,-142.0,-145.0,11376.81,12190.95
2673605,154641,1.0,2,-734.0,-737.0,21720.87,21720.87
1469127,143637,1.0,40,-980.0,-1008.0,69552.0,594.0
1850109,274630,1.0,9,-102.0,-127.0,4560.12,4560.12
2388639,439089,0.0,6,-341.0,-341.0,450.0,450.0
1837272,162061,0.0,9,-428.0,-437.0,2250.0,2250.0
1514696,421427,0.0,43,-1149.0,-1149.0,220.32,220.32
1216532,131847,1.0,3,-634.0,-629.0,4572.855,3644.955
2355289,410717,1.0,2,-493.0,-494.0,8914.005,8914.005
1292650,200728,1.0,11,-476.0,-482.0,8446.725,8446.725
2832112,140241,3.0,10,-54.0,-63.0,5488.065,5488.065
2741175,221966,1.0,18,-534.0,-549.0,29526.795,29526.795
2527995,431409,2.0,8,-580.0,-585.0,27440.46,27440.46
2430364,269704,0.0,5,-541.0,-550.0,13688.505,13688.505
1817977,358132,1.0,4,-1106.0,-1123.0,26504.505,26504.505
1999619,263015,0.0,59,-1160.0,-1160.0,585.0,585.0
2100781,277834,1.0,2,-944.0,-947.0,11947.905,11947.905
1150566,245553,0.0,88,-72.0,-72.0,232.335,232.335
1079812,288942,1.0,7,-2438.0,-2443.0,2829.51,2829.51
2024613,440007,1.0,3,-1390.0,-1396.0,24400.17,24400.17
2305286,140900,1.0,3,-2408.0,-2428.0,5156.955,5156.955
2073338,439945,1.0,8,-2264.0,-2275.0,2276.235,2259.9
1768950,377432,1.0,3,-1238.0,-1225.0,20908.8,6717.42
1026839,447356,1.0,6,-226.0,-239.0,5304.825,5304.825
1891042,429602,3.0,3,-785.0,-791.0,16161.03,16161.03
2309383,278994,1.0,3,-781.0,-801.0,2890.215,1870.155
2834363,134036,1.0,3,-1021.0,-1020.0,37410.165,36266.13
1545517,450741,0.0,23,-278.0,-286.0,4390.875,4390.875
2770193,277495,1.0,19,-1047.0,-1064.0,23674.5,23674.5
1180356,328687,1.0,2,-591.0,-621.0,13232.34,267.66
1926311,329434,0.0,80,-1745.0,-1745.0,675.0,675.0
2426945,406277,1.0,9,-458.0,-464.0,28873.17,28873.17
2355106,346707,0.0,115,-515.0,-515.0,8974.665,8974.665
1995224,391235,1.0,12,-2727.0,-2708.0,10387.755,10383.615
2319589,449372,0.0,1,-603.0,-603.0,19381.5,19381.5
2518680,166315,2.0,1,-410.0,-427.0,91063.71,91063.71
2592650,373962,1.0,8,-2137.0,-2168.0,3535.155,3535.155
2673478,326841,1.0,10,-722.0,-726.0,4378.5,4378.5
1469313,132539,0.0,71,-1302.0,-1313.0,9000.0,9000.0
2191114,395173,0.0,92,-333.0,-333.0,107.055,107.055
1541569,204287,1.0,9,-1688.0,-1700.0,4020.03,4020.03
2463501,395449,1.0,8,-301.0,-303.0,30141.45,30141.45
1585943,381910,1.0,2,-706.0,-707.0,51440.67,51440.67
2571929,169792,1.0,9,-1357.0,-1357.0,13477.5,13477.5
2721409,355047,1.0,6,-1319.0,-1340.0,13910.265,13910.265
1559987,294263,0.0,59,-1343.0,-1343.0,9.99,9.99
1739061,361800,1.0,3,-1438.0,-1446.0,6772.5,6651.135
1724153,134697,1.0,5,-662.0,-662.0,51684.21,51684.21
1862383,229991,1.0,19,-396.0,-426.0,2025.45,2025.45
2179836,175470,0.0,19,-273.0,-273.0,34188.975,34188.975
1331563,297932,1.0,2,-1087.0,-1129.0,3899.25,3899.25
1691173,159507,2.0,17,-427.0,-425.0,12072.78,8819.325
2510446,414656,1.0,7,-1291.0,-1292.0,23363.775,23363.775
2636505,440191,1.0,8,-2672.0,-2644.0,7347.69,10.53
1125145,177262,3.0,22,-256.0,-256.0,16376.895,16376.895
1010784,328902,0.0,98,-135.0,-135.0,69.12,69.12
1765149,239998,1.0,3,-145.0,-152.0,9495.045,9495.045
1586022,248566,1.0,6,-18.0,-19.0,29840.535,29840.535
2696813,388831,1.0,3,-1139.0,-1153.0,5867.505,5867.505
1067460,409945,1.0,5,-268.0,-281.0,16456.95,16456.95
2807581,134868,1.0,1,-1705.0,-1707.0,26273.205,26273.205
1549778,192577,0.0,6,-137.0,-134.0,4653.675,4653.675
1234252,352875,2.0,6,-1979.0,-1991.0,12660.66,12660.66
1667064,198859,0.0,80,-521.0,-521.0,1296.945,1296.945
2479470,410035,1.0,4,-537.0,-544.0,9072.045,9072.045
1847724,431025,1.0,4,-2305.0,-2309.0,13150.665,13150.665
2523995,307527,1.0,1,-738.0,-759.0,5841.225,5841.225
1111231,327288,1.0,1,-860.0,-860.0,46829.025,46829.025
1536678,218224,1.0,5,-27.0,-36.0,11606.58,11606.58
1153484,186775,0.0,4,-2787.0,-2787.0,1125.0,1125.0
2801422,395576,0.0,73,-1317.0,-1317.0,388.98,388.98
2360467,269750,0.0,95,-152.0,-152.0,248.04,248.04
1184795,452579,0.0,31,-1948.0,-1962.0,6750.0,6750.0
2167492,123615,1.0,1,-1083.0,-1100.0,7189.74,7189.74
2148277,261560,1.0,14,-299.0,-310.0,15316.29,15316.29
2564579,276108,1.0,8,-115.0,-126.0,24302.43,24302.43
2029431,300224,0.0,49,-2202.0,-2202.0,253.62,253.62
1914392,397807,0.0,44,-2308.0,-2312.0,5625.0,5625.0
1928101,218371,1.0,3,-652.0,-663.0,6024.6,6024.6
1010867,273169,1.0,24,-545.0,-561.0,29677.5,29677.5
1666625,166957,0.0,53,-1870.0,-1878.0,6750.0,6750.0
1405233,425966,0.0,19,-1967.0,-1974.0,7875.0,7875.0
2361807,280055,1.0,10,-370.0,-378.0,7843.725,7843.725
2558050,419531,0.0,171,-748.0,-755.0,2884.5,2884.5
1669615,334098,1.0,3,-2401.0,-2412.0,3960.315,3960.315
2756723,441672,1.0,6,-2690.0,-2707.0,5049.36,4910.625
1046126,392027,0.0,13,-184.0,-186.0,5868.135,5868.135
2241026,453859,0.0,13,-243.0,-254.0,2250.0,2250.0
1425284,431310,2.0,16,-91.0,-92.0,492482.025,492482.025
1367915,363928,0.0,25,-2186.0,-2186.0,2160.0,2160.0
1085062,167905,1.0,2,-1526.0,-1571.0,12974.175,12974.175
1076970,439078,1.0,7,-273.0,-281.0,14008.005,14008.005
2438959,100152,1.0,13,-273.0,-275.0,36433.125,36433.125
1001337,337887,2.0,5,-2640.0,-2640.0,11089.035,11089.035
1958886,291150,1.0,19,-62.0,-63.0,31920.84,31920.84
1716267,262905,0.0,44,-1280.0,-1290.0,7875.0,7875.0
1618430,447698,0.0,57,-1570.0,-1570.0,6750.0,6750.0
1480795,130807,1.0,1,-833.0,-863.0,4066.47,4066.47
1100070,293999,1.0,5,-462.0,-459.0,14936.13,14429.295
2384428,187096,1.0,1,-1725.0,-1741.0,4261.095,4261.095
1129979,158389,0.0,63,-1794.0,-1794.0,2280.195,2280.195
2785166,186447,1.0,3,-1219.0,-1223.0,5482.125,5482.125
1514805,223528,1.0,9,-2802.0,-2805.0,2274.795,2274.795
1334139,110056,0.0,18,-147.0,-147.0,4762.89,4762.89
2412217,376296,2.0,7,-725.0,-738.0,97331.355,112647.645
1391671,190101,0.0,101,-522.0,-522.0,326.205,326.205
1155975,270852,0.0,26,-1529.0,-1529.0,147.24,147.24
2205049,375362,3.0,9,-444.0,-460.0,15431.49,180000.0
2776850,274353,1.0,12,-1172.0,-1173.0,15279.93,15279.93
1669281,147343,1.0,6,-1571.0,-1578.0,13171.005,13171.005
1308425,291222,1.0,5,-2310.0,-2317.0,8438.67,8438.67
2611306,450053,2.0,5,-1139.0,-1176.0,70937.865,70937.865
1053980,180219,0.0,70,-737.0,-737.0,661.365,661.365
2497431,129682,1.0,6,-990.0,-994.0,12136.86,12136.86
1208797,372232,1.0,6,-1542.0,-1586.0,13162.185,13162.185
1847198,201259,1.0,3,-1361.0,-1362.0,10616.04,10616.04
2317977,345118,0.0,26,-976.0,-976.0,1396.395,1396.395
1076337,339873,1.0,8,-114.0,-114.0,13415.715,13415.715
1409001,217326,0.0,39,-2135.0,-2135.0,225.72,225.72
1659524,296284,1.0,1,-953.0,-983.0,6535.8,6535.8
1053707,221065,1.0,12,-700.0,-718.0,8275.14,8275.14
1690993,383347,0.0,28,-696.0,-696.0,132.975,132.975
1561213,363013,1.0,13,-675.0,-672.0,32484.69,32012.01
2594104,132534,1.0,8,-2427.0,-2425.0,5349.33,5300.865
1055545,132114,1.0,5,-828.0,-834.0,9771.075,9771.075
2379793,323041,0.0,69,-360.0,-360.0,666.405,666.405
2163088,383039,1.0,8,-2430.0,-2431.0,14614.38,14405.22
1985148,190854,1.0,8,-101.0,-107.0,22240.755,22240.755
1411626,293040,0.0,95,-809.0,-809.0,1866.69,1866.69
2537252,416838,1.0,10,-2569.0,-2580.0,5114.655,5114.655
2283829,109679,1.0,16,-77.0,-82.0,7395.615,7395.615
1019097,314614,1.0,6,-343.0,-361.0,11153.16,11153.16
1870491,378572,0.0,56,-1692.0,-1692.0,2250.0,2250.0
2837629,156074,1.0,1,-362.0,-366.0,8552.88,8552.88
1693764,377780,1.0,3,-624.0,-638.0,45649.8,45649.8
1749755,103403,1.0,6,-1062.0,-1131.0,12767.085,12767.085
1666739,427218,3.0,4,-97.0,-115.0,45882.585,45882.585
1835584,234540,1.0,4,-988.0,-1002.0,6193.71,6193.71
1849775,206351,1.0,9,-558.0,-570.0,25089.525,25089.525
1461867,182306,1.0,8,-2070.0,-2085.0,3505.77,3505.77
2565852,278911,0.0,2,-658.0,-658.0,2000.97,2000.97
2830724,232489,0.0,35,-25.0,-25.0,1956.24,1956.24
2101574,378990,0.0,28,-1640.0,-1640.0,51.12,51.12
1460851,426290,1.0,18,-279.0,-293.0,33986.655,33986.655
1464990,401048,1.0,1,-299.0,-311.0,9092.16,9092.16
2446000,334742,0.0,99,-566.0,-566.0,258.84,258.84
2368727,327906,0.0,71,-1239.0,-1239.0,111.105,111.105
1614551,266572,0.0,25,-214.0,-214.0,8764.74,8764.74
1496938,125619,0.0,99,-768.0,-768.0,103.725,103.725
1260103,189576,1.0,2,-200.0,-210.0,13721.535,13721.535
2188696,164728,1.0,4,-738.0,-737.0,17192.61,17192.61
2293062,425309,0.0,63,-271.0,-282.0,22393.485,9000.0
1793096,130194,1.0,7,-370.0,-367.0,13095.45,13036.185
2227145,386081,1.0,3,-1062.0,-1072.0,3979.8,3979.8
1941998,117873,0.0,67,-29.0,-29.0,1800.0,1800.0
1309278,168652,1.0,1,-1423.0,-1440.0,21268.71,21268.71
1799028,245901,1.0,8,-2144.0,-2146.0,5097.51,5097.51
1290711,377823,1.0,10,-504.0,-518.0,51737.13,17493.165
1054706,242713,0.0,5,-2722.0,-2702.0,3375.0,3375.0
1360458,334125,0.0,32,-69.0,-69.0,491.085,491.085
1133567,308461,1.0,3,-2052.0,-2063.0,27149.49,27149.49
2593949,198648,1.0,12,-173.0,-203.0,14241.33,859.725
2062080,333753,1.0,2,-442.0,-456.0,15047.01,15047.01
1907132,421105,2.0,11,-213.0,-231.0,152506.125,167377.365
1423386,275998,0.0,22,-278.0,-278.0,180.225,180.225
2820927,333581,1.0,5,-2243.0,-2272.0,11736.81,11736.81
1211316,363704,1.0,7,-477.0,-492.0,19172.655,19172.655
1102899,438383,0.0,22,-2446.0,-2446.0,2250.0,2250.0
1336356,302350,0.0,27,-171.0,-174.0,6869.745,6869.745
2186313,344182,1.0,2,-1312.0,-1317.0,13267.8,13267.8
1182710,427573,1.0,6,-2601.0,-2588.0,6877.305,74.115
1480982,388580,1.0,15,-51.0,-51.0,33279.3,33279.3
1078443,401543,0.0,66,-311.0,-311.0,699.165,699.165
1561112,348021,1.0,9,-1656.0,-1666.0,8557.2,8557.2
1746031,423883,1.0,10,-943.0,-938.0,9223.38,9218.88
2509464,415753,1.0,6,-718.0,-740.0,11341.89,11341.89
1560108,133995,1.0,7,-1971.0,-2003.0,8602.785,0.18
1729508,305037,1.0,2,-448.0,-464.0,11131.74,11131.74
1076872,243819,1.0,3,-1127.0,-1136.0,18805.95,18805.95
1730805,378166,1.0,2,-2331.0,-2332.0,12054.195,12054.195
1847098,314072,0.0,19,-480.0,-480.0,22500.0,22500.0
2626783,456033,2.0,12,-174.0,-198.0,838566.54,838566.54
2164709,241348,1.0,32,-359.0,-359.0,21606.48,21606.48
2085642,121978,1.0,5,-565.0,-567.0,27774.0,27774.0
1384381,393663,1.0,3,-943.0,-961.0,38065.095,38065.095
1046112,227850,0.0,6,-2368.0,-2377.0,4500.0,4500.0
1891777,393107,1.0,3,-1254.0,-1258.0,5954.4,5954.4
1086924,300420,1.0,9,-1834.0,-1852.0,4900.95,4900.95
2506174,156716,0.0,74,-904.0,-904.0,953.685,953.685
2130980,441119,2.0,7,-1625.0,-1652.0,69223.905,69223.905
1849863,168770,1.0,15,-1071.0,-1052.0,3519.135,242.91
2274370,253237,2.0,5,-548.0,-574.0,68329.035,68329.035
2675026,297164,1.0,1,-2104.0,-2114.0,7733.43,7733.43
1000051,234782,1.0,10,-1451.0,-1432.0,3550.095,4.095
2713612,453988,1.0,1,-1360.0,-1375.0,21219.57,21219.57
2350229,237082,1.0,12,-339.0,-339.0,10797.525,10797.525
1184926,164758,1.0,1,-276.0,-306.0,5395.5,5395.5
2532367,137224,1.0,13,-1850.0,-1844.0,17144.37,17100.0
1928416,155007,0.0,43,-2275.0,-2275.0,2700.0,2700.0
2248288,182681,1.0,30,-489.0,-478.0,16102.8,15241.77
2396931,329222,0.0,9,-70.0,-70.0,232.2,232.2
2104455,432165,3.0,11,-300.0,-301.0,5124.735,5124.735
2827375,101583,0.0,91,-1002.0,-1002.0,378.18,378.18
1086434,102063,1.0,3,-2212.0,-2232.0,2819.025,2819.025
1798616,334364,0.0,76,-980.0,-981.0,13500.0,13500.0
2628433,258239,0.0,58,-2116.0,-2131.0,5625.0,5625.0
1989439,254638,3.0,8,-517.0,-522.0,25283.16,25283.16
1802536,353703,0.0,86,-604.0,-604.0,139.455,139.455
1920313,215535,7.0,10,-386.0,-389.0,20874.87,22750.65
1798683,108989,1.0,8,-1558.0,-1564.0,4380.705,16.065
1564673,299788,0.0,98,-221.0,-222.0,4354.515,4354.515
1520374,218041,1.0,2,-474.0,-480.0,10473.93,10473.93
1185345,246342,0.0,9,-193.0,-193.0,334.62,334.62
2354758,442132,1.0,3,-1433.0,-1427.0,17373.96,17362.755
2069797,449048,1.0,8,-625.0,-645.0,8719.875,8719.875
2244232,345915,1.0,4,-559.0,-560.0,8844.615,8844.615
1516834,355070,1.0,4,-648.0,-685.0,19739.565,525.105
2240788,196666,5.0,13,-510.0,-511.0,23710.185,23710.185
2227262,445777,1.0,4,-2098.0,-2128.0,3222.72,3222.72
1462022,130660,1.0,7,-629.0,-622.0,5070.555,33.885
1103416,352995,0.0,37,-1756.0,-1756.0,576.36,576.36
2099682,434540,1.0,6,-156.0,-161.0,8349.21,8349.21
2463557,325722,0.0,14,-220.0,-220.0,129.555,129.555
1029856,245664,0.0,131,-1200.0,-1203.0,8100.0,8100.0
1794677,239533,1.0,2,-510.0,-568.0,5052.735,5052.735
2446273,413094,1.0,11,-588.0,-618.0,5745.915,2377.35
2312403,137504,1.0,3,-1887.0,-1915.0,5595.21,5595.21
1730447,239154,1.0,2,-1354.0,-1362.0,7098.975,7098.975
1176258,279296,1.0,5,-656.0,-693.0,11899.575,11300.85
2572515,178203,1.0,9,-580.0,-613.0,3685.905,3685.905
2121184,199661,0.0,117,-1359.0,-1362.0,10800.0,10800.0
2333678,439025,1.0,3,-973.0,-981.0,16228.08,16228.08
1366597,368587,1.0,1,-222.0,-250.0,47547.765,47547.765
1337806,154297,1.0,29,-488.0,-495.0,23842.935,23842.935
1570515,409675,1.0,11,-1153.0,-1170.0,4649.985,4649.985
1334717,405046,2.0,16,-205.0,-231.0,78651.09,78651.09
1573713,365912,0.0,98,-623.0,-623.0,4500.0,4500.0
2834417,377889,1.0,17,-2175.0,-2184.0,7084.71,7084.71
1385143,238094,3.0,5,-24.0,-62.0,3488.04,3488.04
2760423,117860,1.0,3,-1218.0,-1223.0,22447.755,5.76
2307202,229936,1.0,11,-1890.0,-1898.0,8610.12,8610.12
1539004,407611,1.0,8,-169.0,-172.0,10080.72,10080.72
2723072,200757,1.0,22,-1121.0,-1131.0,4692.195,4692.195
1889989,169957,0.0,14,-235.0,-235.0,213.885,213.885
2366766,138122,1.0,10,-435.0,-426.0,31446.36,29475.0
2162112,353997,0.0,61,-812.0,-812.0,29.34,29.34
2604917,103142,1.0,4,-537.0,-546.0,81563.895,81563.895
1660673,259910,1.0,13,-238.0,-256.0,13467.69,13467.69
1052719,109803,0.0,11,-1339.0,-1339.0,4050.0,4050.0
1811750,316781,1.0,6,-2148.0,-2174.0,4441.59,4441.59
2142133,138520,1.0,1,-2080.0,-2094.0,10059.57,10059.57
2500189,260189,1.0,6,-501.0,-502.0,20146.59,20146.59
2767687,429758,0.0,21,-734.0,-734.0,1360.17,1360.17
2065626,316492,0.0,20,-359.0,-372.0,6110.01,6110.01
1736507,343080,1.0,5,-1059.0,-1074.0,12379.365,12379.365
1844818,248948,1.0,10,-380.0,-395.0,26433.18,26433.18
1688230,210589,0.0,42,-1822.0,-1836.0,3375.0,3375.0
2482640,224277,0.0,12,-1967.0,-1967.0,2250.0,2250.0
2412617,175166,1.0,14,-402.0,-415.0,17121.375,17121.375
2707316,244927,1.0,4,-4.0,-13.0,20714.31,20714.31
1355225,317340,1.0,4,-1452.0,-1479.0,2996.865,2996.865
1062552,126527,1.0,8,-1175.0,-1185.0,11535.705,11535.705
2107365,346595,1.0,8,-1836.0,-1844.0,3680.235,3680.235
1785148,316290,1.0,2,-291.0,-305.0,6220.98,6220.98
2190981,308876,1.0,2,-797.0,-797.0,5166.36,5166.36
1818204,169571,1.0,1,-293.0,-301.0,1710.9,1710.9
2180002,145181,1.0,11,-179.0,-181.0,19609.065,19609.065
1420345,257541,1.0,3,-708.0,-708.0,3389.175,3389.175
1409067,382751,0.0,10,-308.0,-308.0,150750.0,150750.0
2063324,283922,1.0,2,-280.0,-309.0,4950.0,4950.0
2785301,168720,2.0,4,-293.0,-299.0,82791.27,82791.27
1078844,281428,1.0,7,-2515.0,-2513.0,3998.7,3998.7
2322502,316388,0.0,115,-424.0,-424.0,2.025,2.025
2328802,111403,1.0,3,-738.0,-757.0,27019.215,27019.215
1100159,163856,1.0,1,-586.0,-588.0,113231.295,113231.295
1871744,149703,1.0,6,-2424.0,-2424.0,3145.14,3145.14
1794338,102976,0.0,7,-813.0,-814.0,15182.64,15182.64
2239185,284768,0.0,11,-93.0,-93.0,495.99,495.99
2102278,203567,0.0,82,-1375.0,-1384.0,13500.0,13500.0
1004901,434979,2.0,6,-691.0,-703.0,21959.865,21959.865
2194378,121417,3.0,3,-296.0,-305.0,30105.495,30105.495
1467576,256239,1.0,1,-604.0,-617.0,7565.715,7565.715
1564947,326601,1.0,11,-2626.0,-2626.0,5600.745,5600.745
1239374,318169,1.0,6,-1328.0,-1452.0,47930.355,47930.355
2687063,221731,3.0,7,-812.0,-811.0,33928.605,33928.605
1265579,258723,3.0,6,-225.0,-248.0,24723.315,24723.315
2478302,419933,1.0,9,-650.0,-655.0,7669.53,7669.53
1600598,145488,1.0,5,-1572.0,-1589.0,4558.455,4558.455
1648601,250131,1.0,17,-376.0,-384.0,6539.22,6539.22
2203096,382486,1.0,6,-2484.0,-2498.0,18419.67,18419.67
1217184,387709,1.0,4,-1820.0,-1833.0,7471.575,7471.575
2538684,218280,3.0,21,-779.0,-834.0,14128.38,14128.38
1536754,278702,1.0,6,-1376.0,-1380.0,24089.04,24089.04
1785274,371295,1.0,3,-1360.0,-1372.0,5088.42,5088.42
1077711,148954,1.0,1,-479.0,-509.0,6835.005,6835.005
1438084,363985,1.0,8,-351.0,-359.0,13494.015,13494.015
1519789,239782,1.0,5,-807.0,-809.0,9803.43,9803.43
1941149,328489,0.0,44,-1855.0,-1884.0,167.085,167.085
1083851,167651,1.0,9,-2539.0,-2562.0,6469.875,6469.875
1354920,142057,0.0,18,-2247.0,-2247.0,2250.0,2250.0
2182029,182095,1.0,4,-435.0,-437.0,28951.605,28951.605
1078121,394433,0.0,119,-64.0,-64.0,213.57,213.57
2609507,116095,1.0,10,-1904.0,-1910.0,3252.06,3252.06
2331210,144346,1.0,3,-627.0,-673.0,5793.93,5793.93
2459952,263347,0.0,32,-2522.0,-2527.0,4500.0,4500.0
1721848,367589,0.0,134,-434.0,-434.0,148.815,148.815
2239733,232024,1.0,9,-1566.0,-1586.0,9327.015,9327.015
2522180,216478,1.0,9,-41.0,-49.0,5394.555,5394.555
2204338,128275,1.0,22,-40.0,-39.0,33897.69,33897.69
2191105,277224,1.0,11,-399.0,-451.0,9851.58,9851.58
2246934,185243,1.0,1,-1049.0,-1047.0,5045.49,5045.49
1263434,212895,1.0,9,-2301.0,-2306.0,5231.475,5231.475
1621801,127103,1.0,7,-532.0,-536.0,24508.35,24508.35
2504617,307002,0.0,40,-347.0,-353.0,23280.12,23183.82
1071194,139341,1.0,2,-80.0,-121.0,5749.29,5749.29
1624058,258106,1.0,2,-144.0,-145.0,23318.82,23318.82
2479961,295465,1.0,4,-885.0,-913.0,10167.75,10167.75
2804847,138087,0.0,61,-1663.0,-1663.0,189.315,189.315
1958732,320676,0.0,24,-874.0,-874.0,261452.61,261452.61
1027550,381831,1.0,4,-1243.0,-1251.0,6154.56,6154.56
1596038,279381,0.0,67,-531.0,-531.0,2.34,2.34
1188544,345929,0.0,4,-2802.0,-2797.0,4500.0,4500.0
1881745,441183,1.0,2,-1654.0,-1669.0,15858.81,15858.81
1293859,210761,1.0,2,-2305.0,-2325.0,5480.73,5480.73
1748634,267395,0.0,33,-198.0,-210.0,22972.05,22972.05
1112159,196096,0.0,5,-2422.0,-2429.0,5625.0,5625.0
1843620,425793,0.0,110,-434.0,-445.0,9000.0,9000.0
2165218,253499,1.0,4,-1649.0,-1666.0,8359.29,8359.29
2243532,444722,0.0,12,-2877.0,-2881.0,5400.0,5400.0
1723140,150531,1.0,8,-806.0,-817.0,35658.855,35658.855
2411734,421377,0.0,12,-2438.0,-2438.0,1125.0,1125.0
1647593,402474,0.0,54,-1242.0,-1259.0,9000.0,9000.0
2497079,209191,1.0,3,-284.0,-283.0,7050.285,7050.285
2704627,199154,1.0,6,-2064.0,-2081.0,4269.51,4269.51
2611356,216091,1.0,7,-1006.0,-1015.0,14808.06,14808.06
2403651,385398,1.0,6,-13.0,-27.0,10570.59,10570.59
2259602,320615,1.0,10,-1247.0,-1249.0,29385.45,29385.45
1575955,319024,2.0,9,-264.0,-282.0,113246.37,113246.37
1209163,143778,1.0,7,-738.0,-744.0,9584.91,9584.91
1151340,129598,0.0,28,-1959.0,-1967.0,9000.0,9000.0
1792937,433008,0.0,64,-631.0,-634.0,9000.0,9000.0
1214745,269498,1.0,8,-1425.0,-1452.0,3253.05,3253.05
2158114,114688,3.0,25,-283.0,-286.0,23533.56,22154.22
2835449,400785,1.0,2,-1138.0,-1192.0,53189.955,53189.955
2265667,422444,1.0,4,-1570.0,-1602.0,5061.195,5061.195
2416641,323475,0.0,47,-1873.0,-1873.0,223.155,223.155
1636087,200453,1.0,5,-751.0,-749.0,26902.44,23623.605
1281995,456040,1.0,2,-677.0,-693.0,11865.42,11865.42
2244378,345240,1.0,3,-371.0,-377.0,16708.59,16708.59
2633692,185287,1.0,13,-704.0,-718.0,16739.325,16739.325
2174084,187996,1.0,1,-387.0,-403.0,7114.995,18000.0
1789280,344809,1.0,6,-330.0,-349.0,23703.93,23703.93
1415556,307030,1.0,8,-2400.0,-2405.0,5208.39,5208.39
2300541,424695,0.0,5,-130.0,-130.0,31.5,31.5
1968995,342171,0.0,42,-429.0,-429.0,6715.8,6715.8
1809402,133905,1.0,3,-196.0,-209.0,8328.6,8328.6
1216451,300466,0.0,2,-833.0,-833.0,325.035,325.035
2819569,342597,1.0,3,-363.0,-381.0,6889.23,6889.23
2446014,105834,0.0,83,-384.0,-384.0,101.205,101.205
2234798,284571,1.0,1,-1052.0,-1059.0,6599.385,6599.385
1368625,315599,1.0,6,-1474.0,-1492.0,3758.85,3758.85
1571137,360430,0.0,21,-832.0,-832.0,38055.645,38055.645
1462236,442731,1.0,3,-454.0,-465.0,10923.075,10923.075
1034536,440323,1.0,7,-1116.0,-1127.0,7910.19,7910.19
1326706,425179,0.0,34,-2376.0,-2376.0,21.375,21.375
1374809,189860,0.0,28,-2499.0,-2501.0,10800.0,10800.0
2300786,142588,3.0,5,-413.0,-415.0,17401.5,17401.5
2208614,204318,0.0,64,-135.0,-135.0,9450.0,9450.0
1544205,150876,1.0,5,-415.0,-417.0,9604.62,9604.62
1611160,161295,1.0,2,-1513.0,-1515.0,10255.815,10255.815
2292037,240942,0.0,7,-2068.0,-2085.0,7875.0,7875.0
1310338,142994,0.0,89,-1343.0,-1347.0,7875.0,7875.0
1309040,312624,0.0,167,-85.0,-85.0,4.41,4.41
1312216,356051,1.0,3,-106.0,-107.0,25541.235,25541.235
1132766,205429,1.0,14,-442.0,-449.0,7185.42,7185.42
1655891,154337,1.0,16,-294.0,-292.0,28299.915,23723.64
2397700,264575,0.0,87,-758.0,-758.0,2141.235,2141.235
2824619,121245,1.0,4,-977.0,-982.0,6752.25,6752.25
1076129,316720,1.0,2,-727.0,-732.0,13860.18,13860.18
1910465,153816,1.0,8,-141.0,-154.0,10791.0,10791.0
2210202,285756,1.0,8,-45.0,-41.0,12923.82,2590.56
2720310,385463,1.0,14,-107.0,-140.0,8040.195,8040.195
1959118,204534,1.0,12,-1434.0,-1434.0,21389.895,21389.895
1441132,264807,2.0,2,-90.0,-128.0,3207.915,3207.915
1029598,443290,0.0,49,-1992.0,-1992.0,3375.0,3375.0
1240381,298444,2.0,7,-910.0,-929.0,149022.405,149022.405
1398793,292423,0.0,32,-258.0,-262.0,37168.605,37168.605
1109446,258856,0.0,6,-84.0,-103.0,1102.095,1102.095
2216737,233325,1.0,9,-2345.0,-2376.0,16713.405,16713.405
1159223,133610,1.0,6,-907.0,-909.0,9349.515,9349.515
1132453,155650,1.0,9,-978.0,-979.0,8351.415,8351.415
1588698,266246,0.0,5,-2399.0,-2412.0,6750.0,6750.0
1128652,157574,0.0,39,-2084.0,-2097.0,7875.0,7875.0
1924285,370489,0.0,32,-2445.0,-2445.0,2250.0,2250.0
2453083,447416,1.0,34,-563.0,-562.0,25220.655,25220.655
1714814,346026,1.0,2,-659.0,-663.0,11377.845,11377.845
2812747,143862,0.0,28,-2303.0,-2309.0,9000.0,9000.0
1277379,229637,1.0,1,-532.0,-539.0,15377.49,15377.49
2710290,294282,0.0,12,-337.0,-337.0,1350.0,1350.0
1941082,398654,1.0,4,-1744.0,-1733.0,23540.535,23538.555
2756231,142208,2.0,7,-1470.0,-1476.0,20106.09,20106.09
1288918,269693,0.0,8,-282.0,-282.0,2209.86,2209.86
1244892,216516,0.0,149,-241.0,-251.0,21133.935,21133.935
2116528,199666,2.0,11,-1565.0,-1565.0,14991.3,14991.3
2565888,227233,0.0,30,-2412.0,-2424.0,4500.0,4500.0
2345707,286023,1.0,1,-1984.0,-1993.0,10413.405,10413.405
2162356,152778,0.0,19,-2271.0,-2273.0,7875.0,7875.0
2707970,109127,1.0,28,-1752.0,-1739.0,10412.415,10412.415
1684793,407037,0.0,34,-2280.0,-2298.0,4498.02,4498.02
1447232,448447,1.0,5,-331.0,-373.0,4531.59,4531.59
1919865,416034,1.0,5,-1191.0,-1205.0,13865.265,13865.265
2130388,165410,1.0,9,-1798.0,-1799.0,10201.86,10201.86
1836987,233076,1.0,2,-425.0,-430.0,11386.17,11386.17
2373907,147061,0.0,95,-563.0,-563.0,70.38,70.38
1864626,143665,1.0,5,-448.0,-459.0,12502.125,12502.125
2350425,320622,1.0,5,-150.0,-169.0,11621.43,11621.43
1442941,159188,1.0,14,-1917.0,-1915.0,16713.405,16713.405
1550941,374106,1.0,11,-944.0,-951.0,6808.23,6808.23
2477990,374997,2.0,9,-1306.0,-1316.0,23441.04,23441.04
2148305,222517,0.0,110,-506.0,-502.0,10267.2,10267.2
1903871,190951,1.0,6,-1460.0,-1439.0,13040.64,2.25
2240123,408199,1.0,3,-2238.0,-2245.0,6582.33,6582.33
2095878,336045,1.0,11,-229.0,-230.0,6180.435,6180.435
1511006,186783,0.0,1,-151.0,-169.0,2250.0,2250.0
1418144,166680,1.0,11,-1403.0,-1424.0,12434.22,12434.22
2605658,203632,1.0,4,-236.0,-235.0,14782.14,14782.14
2706923,354739,1.0,12,-435.0,-440.0,8742.735,8742.735
1596006,217709,0.0,72,-249.0,-249.0,153.405,153.405
1264028,417179,1.0,11,-2181.0,-2183.0,10751.985,10751.985
2804386,103150,0.0,8,-340.0,-340.0,2250.0,2250.0
1193805,112260,0.0,7,-2828.0,-2809.0,3375.0,56.115
1037454,338435,0.0,58,-481.0,-481.0,172.17,172.17
1950138,125828,0.0,19,-2564.0,-2568.0,3375.0,3375.0
1597929,157044,1.0,4,-871.0,-881.0,19188.765,19188.765
2342597,353480,0.0,68,-1944.0,-1944.0,807.21,807.21
2425186,241255,2.0,9,-2067.0,-2067.0,13708.71,13708.71
1042169,384665,0.0,4,-336.0,-336.0,532.935,532.935
2477947,392418,0.0,106,-1207.0,-1219.0,5625.0,5625.0
1212794,226956,1.0,15,-636.0,-647.0,7452.135,7452.135
2733015,164213,0.0,91,-314.0,-314.0,3963.87,3963.87
2174723,373316,0.0,13,-356.0,-356.0,2250.0,2250.0
1905180,271628,5.0,3,-71.0,-74.0,35427.87,90000.0
1570223,311955,0.0,48,-1478.0,-1478.0,959.895,959.895
1160188,402423,1.0,11,-822.0,-887.0,7209.405,7209.405
1605395,266419,0.0,55,-2464.0,-2464.0,11700.0,11700.0
1688260,299255,0.0,60,-1063.0,-1063.0,4304.835,4304.835
1839403,292847,0.0,72,-1371.0,-1371.0,5625.0,5625.0
2350061,220648,1.0,10,-312.0,-371.0,23703.93,23703.93
1310865,222709,0.0,114,-146.0,-146.0,0.585,0.585
1746307,390150,1.0,10,-1916.0,-1164.0,8548.65,35.775
1468894,330639,1.0,1,-194.0,-209.0,29909.25,29909.25
1359014,236446,1.0,10,-1331.0,-1331.0,16776.09,16776.09
2028970,375903,1.0,10,-663.0,-674.0,36600.975,36600.975
1772401,281361,1.0,3,-2073.0,-2109.0,3604.725,3604.725
2319999,188146,0.0,49,-73.0,-73.0,12.87,12.87
1481473,387898,1.0,2,-1754.0,-1747.0,6724.395,6724.395
1239302,308402,0.0,71,-258.0,-258.0,343.17,343.17
1310522,197632,1.0,4,-212.0,-256.0,12025.755,12025.755
2807131,321740,2.0,7,-1336.0,-1360.0,39348.765,39348.765
2583831,193459,1.0,2,-2489.0,-2489.0,3132.36,3132.36
1769723,126893,0.0,63,-1644.0,-1644.0,3572.595,3572.595
1010036,322561,0.0,50,-232.0,-232.0,1024.155,1024.155
1470123,382506,1.0,22,-888.0,-885.0,9003.555,1809.27
1082986,351114,1.0,9,-2128.0,-2142.0,13079.61,13079.61
1544102,316720,2.0,3,-761.0,-787.0,69803.19,69803.19
1366655,304563,1.0,3,-377.0,-382.0,52999.92,52999.92
1545150,420280,0.0,86,-1770.0,-1770.0,9000.0,9000.0
1013305,321529,0.0,16,-259.0,-276.0,2861.055,2861.055
2329372,109135,0.0,28,-2056.0,-2074.0,641.25,641.25
2145728,263614,1.0,1,-2413.0,-2423.0,13776.21,13776.21
2269499,167477,1.0,11,-2716.0,-2717.0,4488.975,4488.975
1470265,182732,1.0,1,-1049.0,-1063.0,8305.875,8305.875
1137473,425944,1.0,10,-1648.0,-1651.0,6376.185,6376.185
2256416,163289,1.0,3,-2242.0,-2245.0,4626.225,4626.225
2485981,268554,1.0,4,-2732.0,-2744.0,8885.205,8885.205
2088822,225899,1.0,1,-24.0,-25.0,29972.475,29972.475
1311686,132085,3.0,12,-160.0,-165.0,53514.135,53514.135
2821791,171511,1.0,3,-577.0,-613.0,9845.595,9845.595
2104221,379104,1.0,6,-17.0,-41.0,33553.44,33553.44
2481887,249270,1.0,11,-1940.0,-1959.0,10745.28,10745.28
2512239,421195,0.0,30,-1866.0,-1877.0,3375.0,3375.0
1486284,407443,1.0,5,-654.0,-673.0,6878.97,6878.97
2467534,231049,1.0,1,-1536.0,-1552.0,8159.715,8159.715
2758852,325072,1.0,3,-555.0,-568.0,10912.365,10912.365
1083849,234126,0.0,6,-239.0,-244.0,2250.0,2250.0
2792531,379786,1.0,5,-1585.0,-1597.0,9042.435,9042.435
2106945,279084,1.0,5,-1894.0,-1909.0,3228.12,3228.12
1537542,406892,1.0,4,-1662.0,-1662.0,3762.855,3762.855
2087341,307170,1.0,5,-2297.0,-2310.0,17582.175,17582.175
1020558,413435,1.0,4,-2637.0,-2654.0,6828.885,3228.885
1597941,347231,1.0,10,-1905.0,-1968.0,3477.195,3477.195
1896933,200392,0.0,15,-903.0,-903.0,435.915,435.915
1617342,222978,3.0,19,-471.0,-473.0,12193.74,12193.74
2598632,265655,1.0,8,-2400.0,-2410.0,19464.57,19464.57
2662380,298190,1.0,5,-2841.0,-2863.0,6863.94,6863.94
2286150,231557,1.0,3,-1585.0,-1599.0,10611.81,10611.81
2384774,231582,1.0,1,-1768.0,-1783.0,6998.04,6998.04
2000433,163358,3.0,17,-55.0,-69.0,13723.695,13723.695
1377926,347911,1.0,16,-940.0,-964.0,48123.855,554.49
2004892,414975,0.0,28,-2914.0,-2914.0,658.755,658.755
1513273,292043,0.0,50,-41.0,-41.0,1884.42,1884.42
1156474,241817,0.0,25,-1462.0,-1468.0,6750.0,6750.0
1102317,341609,1.0,15,-262.0,-273.0,23703.93,23703.93
1812291,425230,1.0,4,-2701.0,-2704.0,8562.645,8562.645
1940066,272950,1.0,10,-2374.0,-2374.0,2103.615,2103.615
2077245,332347,1.0,10,-1231.0,-1221.0,4240.755,3932.415
2242760,316173,1.0,2,-678.0,-688.0,2623.185,2623.185
2059929,384822,0.0,3,-231.0,-231.0,218.97,218.97
1727528,353950,1.0,3,-2673.0,-2706.0,5863.32,5863.32
1724009,418465,1.0,4,-2701.0,-2712.0,8548.65,8548.65
1268270,226041,1.0,10,-98.0,-99.0,13080.825,13080.825
2355052,149327,1.0,5,-1373.0,-1382.0,12692.835,12692.835
2476719,222048,1.0,7,-1612.0,-1678.0,5424.93,5424.93
1849892,453998,0.0,5,-193.0,-195.0,2250.0,2250.0
1973694,170939,1.0,6,-2474.0,-2482.0,23706.63,23706.63
1987632,307226,1.0,13,-1666.0,-1692.0,12656.88,1686.24
2397140,317912,1.0,22,-116.0,-120.0,13297.365,13297.365
1856872,154299,3.0,20,-133.0,-136.0,4356.63,4356.63
1912434,370267,1.0,14,-143.0,-145.0,37339.155,37339.155
1697962,344796,1.0,3,-830.0,-830.0,43362.63,43362.63
1956399,251053,0.0,13,-1896.0,-1907.0,9000.0,9000.0
1113497,120123,0.0,11,-2581.0,-2596.0,4500.0,4500.0
2028055,212327,1.0,2,-2428.0,-2451.0,21517.56,21517.56
2842552,454619,1.0,4,-2249.0,-2249.0,7981.245,7981.245
1745221,296347,3.0,7,-297.0,-308.0,16616.745,16616.745
2345009,280787,0.0,2,-2368.0,-2385.0,6750.0,6750.0
1926859,254150,1.0,4,-1291.0,-1320.0,4796.82,4796.82
1761154,233023,0.0,41,-460.0,-460.0,117195.21,117195.21
2518177,152468,0.0,31,-2239.0,-2269.0,427.86,427.86
1648493,236940,1.0,5,-929.0,-974.0,21813.795,21813.795
1276226,368585,0.0,54,-1188.0,-1191.0,5625.0,5625.0
1424439,300294,1.0,1,-1434.0,-1442.0,3281.49,3281.49
2496368,368001,1.0,4,-54.0,-63.0,5779.575,5779.575
2593242,174375,1.0,16,-422.0,-421.0,19872.135,19872.135
1332696,284203,0.0,57,-1349.0,-1349.0,2.7,2.7
1870911,148596,0.0,22,-2644.0,-2648.0,6750.0,6750.0
1003381,103046,1.0,5,-341.0,-350.0,18902.115,18902.115
1648185,135056,0.0,24,-256.0,-252.0,46631.385,46631.385
2448928,118969,0.0,54,-1884.0,-1913.0,67.5,67.5
1013082,343282,1.0,5,-2295.0,-2312.0,3404.655,3404.655
2742283,343183,1.0,23,-1701.0,-1700.0,10332.18,10332.18
2044618,134885,1.0,4,-852.0,-858.0,10628.505,10628.505
2387338,302624,1.0,24,-281.0,-272.0,40671.0,32485.905
1117459,167667,2.0,11,-1038.0,-1048.0,34629.3,239.22
1102443,223570,1.0,5,-1480.0,-1490.0,8237.34,8237.34
1076010,297626,0.0,76,-431.0,-436.0,18900.0,18900.0
1735970,256194,1.0,2,-565.0,-625.0,48829.095,401173.695
1844064,232274,1.0,2,-968.0,-984.0,15591.15,15591.15
2541301,360770,6.0,9,-31.0,-37.0,16929.36,16929.36
2642983,398381,2.0,14,-254.0,-260.0,45378.0,45378.0
1634568,235033,1.0,9,-2235.0,-2229.0,4454.55,4454.55
2399154,299649,0.0,135,-1113.0,-1113.0,900.0,900.0
2394517,249985,1.0,16,-77.0,-93.0,60762.06,60762.06
2397944,175943,5.0,4,-469.0,-478.0,20626.47,54000.0
2136360,228595,1.0,4,-1649.0,-1688.0,9170.55,9170.55
1937728,167834,1.0,9,-251.0,-253.0,27389.25,27389.25
1695240,133536,0.0,60,-975.0,-975.0,137.88,137.88
1244504,210642,1.0,2,-331.0,-359.0,34122.6,34122.6
2194212,125513,1.0,3,-1227.0,-1264.0,4372.605,4372.605
2040302,235563,0.0,95,-349.0,-349.0,93.15,93.15
1668147,175678,1.0,2,-400.0,-448.0,9813.645,9813.645
1811110,207366,0.0,57,-1744.0,-1744.0,8608.545,8608.545
2391142,281435,1.0,3,-248.0,-253.0,4422.6,4422.6
2705709,316441,1.0,10,-736.0,-741.0,43527.87,43527.87
2641108,156228,1.0,2,-803.0,-804.0,12460.995,12460.995
1723973,353720,0.0,7,-715.0,-715.0,1243.08,1243.08
2006955,263875,1.0,8,-1702.0,-1726.0,2503.485,2503.485
2106438,375763,1.0,5,-2294.0,-2303.0,2670.66,2670.66
2733097,107338,0.0,45,-1973.0,-1973.0,244.305,244.305
1723206,334808,1.0,1,-2120.0,-2129.0,2231.235,2231.235
1376797,363290,0.0,66,-232.0,-232.0,2705.49,2705.49
1413398,238715,1.0,13,-214.0,-218.0,27574.47,27574.47
1604222,283603,0.0,11,-795.0,-797.0,15838.38,15838.38
1595218,333278,1.0,1,-2618.0,-2628.0,6701.85,6701.85
1531712,327756,0.0,12,-263.0,-268.0,2250.0,2250.0
2220408,295024,0.0,28,-1939.0,-1939.0,522.135,522.135
2478983,428955,0.0,94,-232.0,-232.0,483.48,483.48
2345727,410520,0.0,14,-2056.0,-2068.0,9000.0,9000.0
2354680,311005,0.0,42,-1015.0,-1015.0,2793.105,2793.105
1046008,150306,0.0,82,-379.0,-382.0,9000.0,9000.0
2028157,284352,0.0,81,-549.0,-549.0,175.365,175.365
1133697,339548,1.0,7,-2267.0,-2267.0,10492.02,10492.02
1856514,440224,1.0,2,-1865.0,-1862.0,2952.27,0.09
2117268,128157,1.0,11,-1391.0,-1470.0,16552.71,16552.71
2486349,149567,1.0,5,-2422.0,-2438.0,11091.6,11091.6
2248250,240501,1.0,4,-930.0,-945.0,32115.195,4280.085
1329927,228906,1.0,9,-1676.0,-1682.0,3847.095,3847.095
1208643,158209,0.0,55,-2136.0,-2136.0,2047.815,2047.815
2149998,134972,1.0,2,-913.0,-938.0,18215.595,18215.595
2658637,336569,1.0,1,-154.0,-179.0,4770.18,4770.18
2341664,382368,1.0,5,-503.0,-521.0,8670.105,8670.105
2516628,246830,1.0,5,-1528.0,-1547.0,2932.74,2932.74
1516863,113492,0.0,17,-2278.0,-2293.0,7875.0,7875.0
2409620,421176,1.0,1,-205.0,-213.0,31092.165,31092.165
2701399,362845,0.0,16,-1988.0,-1988.0,2025.0,2025.0
1508943,133368,1.0,9,-2878.0,-2877.0,13450.635,134.82
2299856,324894,1.0,8,-233.0,-234.0,6635.655,6635.655
1514263,390633,1.0,3,-878.0,-914.0,50731.29,50731.29
1103037,415309,1.0,8,-1627.0,-1633.0,7990.965,7990.965
1463547,124744,1.0,9,-2307.0,-2292.0,2566.305,2566.305
1315672,151576,0.0,94,-488.0,-488.0,239.355,239.355
1034316,433365,1.0,2,-711.0,-755.0,22218.075,22218.075
1118507,453661,0.0,18,-220.0,-220.0,352.26,352.26
1029849,172527,1.0,2,-765.0,-766.0,9036.135,9036.135
2227627,143670,2.0,3,-2911.0,-2935.0,25361.505,25361.505
1898194,152967,1.0,7,-1472.0,-1490.0,4629.96,4629.96
1304887,185242,0.0,88,-1513.0,-1513.0,1078.56,1078.56
2791177,310453,1.0,3,-182.0,-189.0,46251.63,46251.63
2194633,326264,1.0,10,-1919.0,-1928.0,31452.075,31452.075
1597405,454015,0.0,15,-103.0,-103.0,131.985,131.985
1600142,207111,1.0,4,-2853.0,-2861.0,2331.135,2331.135
1184022,264848,1.0,7,-91.0,-103.0,2446.695,2446.695
2318524,126591,1.0,15,-122.0,-122.0,12700.98,12700.98
2748831,288757,0.0,11,-396.0,-396.0,262.395,262.395
1968882,301908,1.0,7,-1052.0,-1064.0,16110.45,16110.45
1298811,272372,0.0,127,-336.0,-336.0,89946.0,89946.0
1231196,228025,1.0,4,-1280.0,-1301.0,7788.24,7788.24
1011118,129038,1.0,8,-128.0,-155.0,37273.095,37273.095
2696863,435905,1.0,5,-1291.0,-1382.0,3316.5,3316.5
1689062,406345,1.0,10,-462.0,-472.0,13319.55,13319.55
2725055,447880,1.0,2,-330.0,-332.0,23426.865,23426.865
2831993,127994,1.0,4,-502.0,-501.0,7682.67,7682.67
2051603,319640,1.0,10,-1847.0,-1847.0,6392.07,6392.07
2310494,324044,1.0,6,-619.0,-631.0,6709.545,6709.545
1442893,192672,1.0,5,-1235.0,-1241.0,13350.375,13350.375
2632064,326198,1.0,1,-514.0,-523.0,12765.69,12765.69
1266982,342375,1.0,1,-1097.0,-1106.0,19624.05,19624.05
1413844,113281,1.0,8,-572.0,-576.0,10207.17,10207.17
1489591,112381,1.0,2,-1147.0,-1149.0,10305.99,10305.99
2184729,304146,3.0,11,-477.0,-486.0,4387.14,4387.14
1812310,111952,1.0,4,-401.0,-419.0,8270.37,8270.37
2192970,134132,2.0,7,-279.0,-293.0,65439.99,65439.99
2491566,352384,1.0,1,-1001.0,-1007.0,22544.685,22544.685
2809924,173239,0.0,11,-547.0,-546.0,18704.745,18704.745
1443652,156323,0.0,31,-247.0,-248.0,130.5,90.0
1467635,374424,1.0,15,-138.0,-149.0,18599.85,18599.85
1595991,454637,0.0,97,-425.0,-425.0,272.565,272.565
1127616,206213,1.0,3,-431.0,-443.0,44240.94,44240.94
2120053,158221,1.0,7,-1757.0,-1762.0,18274.545,18274.545
1548481,333373,1.0,2,-951.0,-981.0,29740.545,29740.545
1455581,355529,1.0,11,-247.0,-256.0,9261.99,9261.99
2508647,167796,0.0,74,-414.0,-414.0,42.345,42.345
2807605,351257,1.0,3,-1273.0,-1279.0,13133.655,13133.655
1449736,236238,1.0,3,-1559.0,-1571.0,13682.61,13682.61
1381116,383875,1.0,4,-1999.0,-1984.0,15656.175,72.585
2010378,208129,0.0,64,-755.0,-755.0,175.32,175.32
2645139,124918,0.0,29,-217.0,-217.0,22293.045,22293.045
1532607,384465,1.0,11,-91.0,-121.0,8567.55,10849.5
1000242,372666,0.0,41,-65.0,-82.0,23024.295,23024.295
1998333,444076,1.0,6,-992.0,-991.0,22553.82,22553.82
2772628,444388,0.0,8,-156.0,-156.0,1029.555,1029.555
2765157,374314,2.0,4,-1274.0,-1288.0,24014.7,24014.7
2218128,139550,1.0,6,-636.0,-648.0,38634.66,38634.66
2310293,249687,1.0,4,-2296.0,-2318.0,6344.91,6344.91
2644879,380820,0.0,55,-376.0,-370.0,3446.55,3446.55
2432849,182852,1.0,5,-859.0,-866.0,4806.9,4806.9
1004959,340162,1.0,15,-28.0,-29.0,20135.61,20135.61
1844950,325510,0.0,40,-2225.0,-2225.0,248.58,248.58
1058774,398772,0.0,17,-20.0,-20.0,222.93,222.93
2397063,134764,0.0,13,-328.0,-328.0,244.485,244.485
2746610,383962,0.0,96,-888.0,-888.0,3589.605,3589.605
1487832,385131,1.0,9,-863.0,-876.0,32162.58,32162.58
1322786,290725,1.0,10,-55.0,-59.0,37475.73,37475.73
2260745,294500,1.0,9,-297.0,-358.0,6155.685,6155.685
1749947,111342,1.0,11,-377.0,-399.0,3894.345,3894.345
1775412,104410,3.0,102,-214.0,-185.0,56.115,36.72
2142909,395243,0.0,25,-258.0,-258.0,90.585,90.585
1603221,211073,1.0,15,-687.0,-681.0,22680.045,22050.675
2082466,416887,1.0,1,-717.0,-736.0,3087.675,3087.675
1111352,221329,1.0,1,-1606.0,-1613.0,15147.9,15147.9
1129669,151434,0.0,72,-1404.0,-1404.0,4682.52,4682.52
1087044,192816,1.0,6,-1570.0,-1570.0,7849.215,7849.215
2253524,455754,2.0,14,-756.0,-759.0,22469.265,22469.265
2459657,270564,5.0,5,-218.0,-257.0,19261.8,19261.8
2014656,291456,1.0,11,-425.0,-452.0,30037.59,1711.215
1745441,111688,1.0,5,-2458.0,-2465.0,7494.48,7494.48
2022840,127418,0.0,12,-185.0,-185.0,4.5,4.5
1041538,390770,0.0,156,-524.0,-524.0,3150.0,3150.0
1945946,288557,2.0,3,-621.0,-626.0,222712.29,222712.29
1293039,194394,1.0,4,-74.0,-83.0,10646.46,10646.46
1960042,187074,0.0,84,-1779.0,-1792.0,8100.0,8100.0
2506330,279379,1.0,10,-2901.0,-2905.0,18564.345,18564.345
1460247,425443,1.0,2,-1392.0,-1397.0,10206.99,10206.99
2222026,101175,1.0,15,-615.0,-618.0,9030.78,9030.78
2108219,134013,1.0,12,-1870.0,-1875.0,2743.785,2743.785
2281000,402090,1.0,5,-616.0,-616.0,30332.295,30332.295
1986052,108092,1.0,25,-46.0,-48.0,27782.955,27782.955
2670724,306091,1.0,4,-2675.0,-2692.0,5996.835,5996.835
2172802,424350,0.0,43,-658.0,-662.0,3503.925,3503.925
2010705,271217,1.0,23,-1991.0,-1995.0,4889.16,4889.16
1314151,130554,3.0,9,-339.0,-341.0,19944.045,19944.045
2681990,128129,0.0,47,-34.0,-40.0,14263.74,14263.74
1872988,303971,1.0,1,-1054.0,-1079.0,4706.19,4706.19
2409625,215477,1.0,11,-408.0,-412.0,25015.5,25015.5
1108997,377216,1.0,1,-522.0,-523.0,33643.845,33643.845
1895479,115022,0.0,7,-459.0,-459.0,12.105,12.105
1682176,124965,1.0,18,-304.0,-313.0,26461.08,26461.08
2054635,140196,5.0,29,-317.0,-359.0,14174.01,14174.01
2446591,385479,0.0,5,-1009.0,-1012.0,11507.985,11507.985
2240920,374176,0.0,51,-1156.0,-1156.0,359.145,359.145
1430407,339745,0.0,71,-1185.0,-1185.0,0.27,0.27
2768629,400269,0.0,14,-100.0,-95.0,7028.28,7028.28
1238505,337178,0.0,53,-67.0,-67.0,411.93,411.93
1731348,119540,0.0,36,-1702.0,-1702.0,95.985,95.985
2246582,206179,1.0,5,-2551.0,-2577.0,8998.605,8998.605
1057765,114619,2.0,9,-113.0,-122.0,51580.575,51580.575
2065874,224688,1.0,20,-153.0,-150.0,57700.215,50985.81
1102623,365165,1.0,10,-1218.0,-1227.0,1613.88,1613.88
2737998,390085,0.0,27,-827.0,-827.0,315000.0,315000.0
1305925,112430,1.0,1,-1937.0,-1954.0,6924.735,6924.735
2111226,329460,3.0,6,-220.0,-224.0,38524.32,38524.32
1008596,356902,1.0,7,-663.0,-661.0,9141.255,8814.105
2777551,108595,1.0,24,-158.0,-165.0,10856.34,10856.34
1717628,259415,0.0,26,-2393.0,-2401.0,5625.0,5625.0
2310799,199528,2.0,9,-719.0,-733.0,11497.815,11497.815
2074061,247029,1.0,3,-258.0,-284.0,22892.355,22892.355
1597087,191856,0.0,11,-1567.0,-1561.0,15750.0,15750.0
1364942,328699,1.0,3,-450.0,-463.0,3368.88,3368.88
1564698,445706,1.0,1,-1716.0,-1733.0,3487.545,3487.545
2016835,415599,2.0,10,-2194.0,-2198.0,90352.44,90352.44
2558640,208759,1.0,12,-1641.0,-1648.0,16966.125,16944.12
1390394,140300,1.0,3,-1149.0,-1162.0,24100.65,24100.65
2254634,205421,1.0,11,-276.0,-275.0,39720.87,39720.87
2567657,244590,0.0,77,-11.0,-11.0,1.35,1.35
1206802,133201,1.0,6,-2633.0,-2633.0,7307.235,7307.235
2387156,384253,1.0,8,-2192.0,-2205.0,30777.705,30777.705
1054181,290673,1.0,3,-1610.0,-1617.0,8679.87,8679.87
2805777,185843,3.0,102,-902.0,-824.0,1350.0,1350.0
2759418,356607,1.0,6,-2627.0,-2629.0,6497.64,6265.125
1779257,408509,1.0,3,-1881.0,-1904.0,6787.26,6787.26
1682635,356421,0.0,53,-2515.0,-2534.0,4050.0,4050.0
1614244,385136,0.0,16,-2506.0,-2518.0,6750.0,6750.0
2446014,105834,0.0,20,-1763.0,-1763.0,4500.0,4500.0
1188035,330708,1.0,1,-882.0,-887.0,17402.4,17402.4
1672588,362556,1.0,8,-345.0,-374.0,34767.495,34767.495
2318149,111864,1.0,4,-2773.0,-2794.0,3057.165,3057.165
1998868,287112,0.0,168,-178.0,-186.0,9000.0,9000.0
2640932,280910,0.0,34,-634.0,-634.0,2893.05,2893.05
2716854,126093,5.0,11,-230.0,-233.0,16919.235,16919.235
2240502,247432,0.0,42,-1664.0,-1667.0,6750.0,6750.0
1516958,166826,1.0,1,-1707.0,-1717.0,8267.895,8267.895
2476774,305923,1.0,6,-402.0,-403.0,30890.295,30890.295
1896095,120957,1.0,11,-290.0,-296.0,42035.535,42035.535
1380802,169042,1.0,5,-1887.0,-1918.0,3581.505,3581.505
1083981,438091,1.0,4,-178.0,-178.0,25450.47,25450.47
2023500,443683,1.0,1,-360.0,-370.0,30858.3,30858.3
2424428,228295,1.0,3,-2149.0,-2157.0,2882.385,2882.385
2833813,254358,0.0,13,-127.0,-127.0,15750.0,15750.0
2731446,445347,2.0,3,-519.0,-522.0,40890.465,72262.44
2138331,249458,1.0,4,-297.0,-308.0,18324.045,18324.045
2574369,424234,2.0,4,-1220.0,-1236.0,314601.705,314601.705
1471664,388826,1.0,1,-2873.0,-2873.0,8043.3,8043.3
2819459,391831,3.0,5,-114.0,-142.0,7121.565,7121.565
1590745,454345,1.0,7,-1464.0,-1470.0,14103.855,14080.185
1789540,303791,0.0,47,-41.0,-43.0,4348.44,4348.44
2267907,450254,1.0,3,-2827.0,-2812.0,6439.455,139.455
2204289,383811,0.0,21,-2077.0,-2082.0,3375.0,3375.0
1793405,129481,0.0,23,-2433.0,-2433.0,1125.0,1125.0
2037794,218967,1.0,6,-81.0,-90.0,27432.135,27432.135
2384196,201892,0.0,9,-821.0,-821.0,158.175,158.175
1744442,149784,1.0,20,-130.0,-130.0,8533.485,8533.485
1840513,219385,1.0,6,-1381.0,-1384.0,20992.05,20992.05
2360349,391117,0.0,78,-1062.0,-1062.0,12990.06,12990.06
2014522,145027,2.0,1,-694.0,-719.0,5050.98,28128.69
2454147,416972,1.0,10,-967.0,-973.0,7067.745,7067.745
1999106,295560,1.0,1,-991.0,-994.0,20228.4,20228.4
1987237,349913,0.0,46,-159.0,-159.0,4803.21,4803.21
1374795,442145,0.0,59,-24.0,-24.0,858.06,858.06
1135627,383672,1.0,6,-673.0,-703.0,11916.315,11916.315
2479832,229804,0.0,38,-369.0,-369.0,304.83,304.83
2116091,239497,1.0,4,-1473.0,-1486.0,6902.73,6902.73
2425702,240095,1.0,11,-546.0,-562.0,13271.85,13271.85
2691295,218817,1.0,8,-770.0,-779.0,54690.03,54690.03
1012397,162868,1.0,8,-2592.0,-2599.0,5237.865,5237.865
1113004,126511,0.0,3,-225.0,-233.0,3523.41,3523.41
1895255,431687,1.0,4,-231.0,-234.0,12798.27,12798.27
1256110,127026,1.0,4,-766.0,-765.0,9065.43,9065.43
1946018,399249,1.0,7,-618.0,-637.0,12539.7,12539.7
1003439,271375,1.0,5,-1912.0,-1918.0,5056.65,5056.65
2315974,126421,1.0,2,-2344.0,-2344.0,12448.71,12448.71
1989854,402455,1.0,17,-153.0,-163.0,12045.6,12045.6
2608580,196044,1.0,12,-520.0,-509.0,19151.46,19149.885
1333468,384559,2.0,11,-572.0,-586.0,137631.06,137631.06
2662386,238465,1.0,9,-508.0,-509.0,62323.335,62323.335
1001311,141432,1.0,1,-2045.0,-2058.0,4054.635,4054.635
2458390,146789,0.0,36,-242.0,-248.0,6931.35,6931.35
1391768,197841,0.0,63,-382.0,-405.0,9000.0,9000.0
2168689,277405,0.0,14,-50.0,-50.0,102.24,102.24
1463540,348515,1.0,13,-32.0,-70.0,5111.325,5111.325
2639877,129039,1.0,3,-459.0,-463.0,11142.585,11142.585
1800529,303616,0.0,38,-2043.0,-2043.0,1950.66,1950.66
2764781,256113,1.0,7,-101.0,-127.0,12487.86,12487.86
1731196,268094,1.0,4,-568.0,-586.0,14612.985,14612.985
1377455,252060,1.0,8,-2202.0,-2209.0,9694.98,9694.98
1456662,338589,2.0,17,-953.0,-1130.0,22509.855,22509.855
2119907,447962,1.0,2,-2034.0,-2076.0,6181.29,6181.29
1503402,337642,1.0,9,-1733.0,-1759.0,5586.84,5586.84
2345017,169046,1.0,11,-1775.0,-1786.0,5886.09,5886.09
2446142,186183,1.0,10,-1335.0,-1372.0,6243.975,6243.975
1710725,138575,0.0,78,-1463.0,-1463.0,3498.705,3498.705
1751394,412176,1.0,1,-2225.0,-2232.0,9895.68,9895.68
1111018,228530,1.0,8,-1752.0,-1760.0,11963.295,11963.295
2240990,210842,0.0,33,-753.0,-753.0,2251.8,2251.8
2628058,353219,1.0,5,-452.0,-459.0,6639.165,6639.165
1676530,284355,1.0,10,-2398.0,-2404.0,4493.43,4493.43
1632762,253692,1.0,10,-345.0,-352.0,22482.0,22482.0
2234511,408304,0.0,11,-2425.0,-2433.0,4500.0,4500.0
2313641,346064,0.0,25,-402.0,-402.0,167.805,167.805
1026344,335059,0.0,26,-2075.0,-2078.0,9000.0,9000.0
2099258,276576,1.0,1,-325.0,-335.0,10030.725,10030.725
1503768,209007,1.0,8,-334.0,-431.0,9556.11,9556.11
2266341,174252,1.0,5,-673.0,-668.0,7973.145,7591.725
1198437,348069,0.0,57,-15.0,-15.0,22500.0,22500.0
2467977,130802,1.0,9,-884.0,-892.0,13020.3,13020.3
2462188,175303,0.0,20,-205.0,-205.0,324.9,324.9
2778455,375094,0.0,9,-2732.0,-2736.0,6750.0,6750.0
1227425,125983,1.0,4,-800.0,-798.0,17272.935,10968.435
1544431,268196,1.0,2,-1514.0,-1529.0,5692.59,5692.59
2150209,229337,1.0,6,-1193.0,-1219.0,12700.485,1068.075
1468034,310735,1.0,4,-1091.0,-1099.0,15022.8,15022.8
2496862,325685,1.0,1,-306.0,-336.0,44265.87,44265.87
1417387,188598,0.0,78,-581.0,-581.0,32.4,32.4
2572712,140317,0.0,13,-106.0,-106.0,6743.25,6743.25
2179018,269741,1.0,4,-2223.0,-2230.0,11301.075,11301.075
1160562,201695,1.0,8,-914.0,-920.0,14801.805,14801.805
2653128,416402,1.0,10,-310.0,-343.0,23502.375,9694.98
2224233,274951,1.0,12,-203.0,-200.0,20371.59,13920.885
1540841,349864,1.0,4,-568.0,-584.0,5806.44,5806.44
1926116,442572,1.0,13,-618.0,-616.0,12046.815,10624.23
1337882,176612,1.0,3,-884.0,-914.0,3757.905,3757.905
2247881,191104,1.0,1,-1014.0,-1021.0,39581.01,39581.01
2646091,251308,1.0,4,-393.0,-381.0,4890.15,750.6
2304095,299864,0.0,28,-2726.0,-2742.0,10800.0,10800.0
1769364,113245,0.0,61,-1281.0,-1285.0,8602.29,4500.0
1105117,438670,1.0,7,-775.0,-779.0,17514.0,17514.0
1436743,320787,1.0,36,-1291.0,-1307.0,9243.0,1.665
2657474,151408,0.0,137,-557.0,-557.0,92.61,92.61
2503056,440466,0.0,20,-1685.0,-1680.0,4500.0,4500.0
2341362,161112,0.0,12,-895.0,-895.0,3854.61,3854.61
1724805,343656,1.0,2,-168.0,-178.0,17620.92,17620.92
1414655,212861,0.0,16,-77.0,-77.0,97200.0,97200.0
1080952,390732,1.0,6,-162.0,-175.0,8195.985,8195.985
2178729,345117,1.0,4,-786.0,-788.0,60586.38,60586.38
1430442,185171,0.0,61,-1155.0,-1155.0,637.74,637.74
2581523,226795,7.0,4,-606.0,-619.0,7748.91,11250.0
1884708,182929,0.0,75,-1390.0,-1390.0,515.745,515.745
1485231,196161,0.0,51,-136.0,-136.0,371.79,371.79
1514210,431816,1.0,1,-2544.0,-2561.0,4518.405,4518.405
1974863,108916,0.0,19,-1895.0,-1914.0,6750.0,6750.0
1542347,432864,0.0,6,-134.0,-134.0,4.68,4.68
1634943,138096,0.0,76,-285.0,-289.0,4500.0,4500.0
1187392,208790,1.0,1,-1074.0,-1086.0,27726.84,27726.84
1198465,208229,2.0,10,-196.0,-203.0,32124.555,32124.555
1209014,322117,0.0,128,-139.0,-139.0,192.69,192.69
2841647,241232,1.0,10,-276.0,-274.0,6547.635,5242.275
1242386,208116,0.0,57,-1474.0,-1474.0,68.49,68.49
1086127,425421,1.0,1,-577.0,-579.0,30067.605,30067.605
2029686,313640,1.0,8,-494.0,-497.0,10907.775,10907.775
2260701,356804,0.0,17,-59.0,-69.0,14362.155,14362.155
1532710,108904,1.0,3,-493.0,-534.0,8534.925,930.15
2137937,177019,0.0,11,-764.0,-770.0,14206.14,14206.14
1024853,193906,1.0,6,-306.0,-329.0,70904.16,1207.125
1210660,452299,1.0,1,-1946.0,-1969.0,6888.15,6888.15
1079092,147644,1.0,15,-7.0,-18.0,11258.37,11258.37
2004967,307537,1.0,4,-2143.0,-2156.0,6481.71,6481.62
2254597,126439,1.0,6,-1207.0,-1205.0,28568.88,28548.0
2642077,449406,1.0,8,-266.0,-282.0,8103.645,8103.645
2102841,116676,1.0,11,-991.0,-991.0,21703.68,21703.68
1591196,331283,0.0,31,-2404.0,-2404.0,0.765,0.765
1241754,165124,1.0,7,-259.0,-267.0,12534.57,12534.57
2056811,108361,0.0,95,-1298.0,-1298.0,90.495,90.495
2045593,378242,1.0,9,-2735.0,-2735.0,6840.09,6840.09
2499418,274767,0.0,85,-345.0,-345.0,238.86,238.86
1085904,143210,2.0,19,-402.0,-406.0,31342.905,31342.905
1448626,108346,5.0,30,-261.0,-272.0,280259.46,280259.46
1290978,332905,1.0,5,-1493.0,-1498.0,7179.165,7179.165
1141503,360786,1.0,23,-418.0,-409.0,21709.125,16344.135
1682919,279846,1.0,30,-132.0,-126.0,17286.345,16983.36
1214925,382360,1.0,3,-739.0,-745.0,5813.19,5813.19
1689362,211983,1.0,12,-1014.0,-1015.0,13084.425,13084.425
1555835,301185,1.0,17,-452.0,-530.0,5794.875,5794.875
2592876,155717,0.0,13,-2386.0,-2397.0,3375.0,3375.0
1613528,202676,1.0,1,-2429.0,-2437.0,6472.35,6472.35
1776404,242329,0.0,22,-2293.0,-2299.0,4500.0,4500.0
2235020,162746,1.0,14,-386.0,-387.0,57037.725,57037.725
1639693,226686,1.0,3,-2593.0,-2593.0,1498.77,1498.77
2578224,251850,0.0,34,-246.0,-246.0,3.645,3.645
2010805,371330,1.0,2,-2429.0,-2434.0,18360.99,18360.99
1782554,106597,1.0,7,-813.0,-813.0,34620.525,34620.525
1782119,131796,0.0,4,-1148.0,-1148.0,1294.875,1294.875
2363911,304099,2.0,4,-825.0,-842.0,112699.215,112699.215
1515365,201847,1.0,5,-848.0,-883.0,13262.22,13262.22
2737825,355654,1.0,10,-1686.0,-1682.0,3257.28,3257.28
1472785,379947,1.0,12,-1407.0,-1428.0,6193.98,6193.98
1414001,323848,0.0,11,-134.0,-135.0,5265.9,5265.9
1896272,108205,1.0,7,-890.0,-889.0,4212.855,4212.855
2340106,302864,0.0,31,-446.0,-454.0,17474.895,17474.895
1290781,347656,1.0,13,-248.0,-252.0,8938.665,8938.665
2568072,192481,0.0,13,-787.0,-788.0,22641.48,22641.48
1447282,113447,1.0,6,-817.0,-836.0,17076.915,17076.915
2518426,382520,1.0,2,-375.0,-395.0,58307.4,67500.0
2300322,308842,2.0,2,-977.0,-989.0,16365.195,16365.195
1648827,235747,1.0,5,-123.0,-139.0,17104.32,17104.32
1058655,455262,1.0,4,-421.0,-427.0,16639.875,16639.875
2553517,425426,0.0,28,-2084.0,-2084.0,9000.0,9000.0
1974395,117354,1.0,2,-1836.0,-1836.0,10346.085,10346.085
2825072,227473,1.0,1,-1221.0,-1234.0,29700.72,29700.72
2310972,237741,0.0,7,-2847.0,-2849.0,6750.0,6750.0
1137303,149391,1.0,11,-1849.0,-1855.0,18618.345,18618.345
1067705,263193,1.0,6,-948.0,-943.0,45227.385,1.935
1798508,120629,1.0,2,-907.0,-920.0,5847.84,5847.84
1687446,139046,1.0,2,-1097.0,-1123.0,11386.17,11386.17
2706833,381166,1.0,4,-1649.0,-1653.0,14525.82,14525.82
2291921,454895,1.0,9,-1685.0,-1698.0,7066.53,7066.53
1179357,106095,0.0,36,-1735.0,-1742.0,9000.0,9000.0
1284486,137939,1.0,12,-2179.0,-2192.0,4495.77,4495.77
2165679,261835,1.0,1,-2573.0,-2584.0,7711.335,7711.335
2022652,206170,1.0,4,-1037.0,-1054.0,14817.6,14817.6
1425472,305872,0.0,66,-726.0,-756.0,2398.77,2398.77
2528531,220021,2.0,24,-653.0,-664.0,151854.345,151854.345
2003331,128852,1.0,7,-2844.0,-2873.0,1939.32,1939.32
2370893,202239,0.0,19,-75.0,-75.0,232.92,232.92
2480612,244459,1.0,9,-634.0,-635.0,4777.47,4777.47
2646660,453958,0.0,34,-2252.0,-2252.0,569.205,569.205
2675479,374443,2.0,12,-375.0,-395.0,877558.905,877558.905
1113072,181064,0.0,22,-1021.0,-1038.0,22913.73,22913.73
2729227,171852,1.0,7,-1531.0,-1531.0,9888.03,2740.995
2234064,185483,0.0,49,-1157.0,-1154.0,6750.0,6750.0
2178648,372480,0.0,25,-2260.0,-2260.0,630.54,630.54
1096369,113129,1.0,4,-2548.0,-2545.0,13472.73,13462.92
2568445,454162,2.0,3,-51.0,-63.0,10295.595,10295.595
1449388,348914,2.0,3,-762.0,-764.0,1261342.125,1261342.125
1287491,376279,1.0,5,-2820.0,-2824.0,6416.865,6416.865
1688387,353842,1.0,3,-485.0,-514.0,12185.865,12185.865
2224821,361890,0.0,13,-83.0,-89.0,2250.0,2250.0
2345790,185064,1.0,2,-153.0,-165.0,27294.21,27294.21
1790907,140261,0.0,30,-227.0,-228.0,25121.385,25121.385
1092174,330279,1.0,12,-614.0,-645.0,5812.335,1764.315
1958734,359757,1.0,11,-55.0,-56.0,14746.455,14746.455
1826055,156166,1.0,8,-585.0,-606.0,27580.32,27580.32
1396491,129416,1.0,6,-656.0,-667.0,78651.09,78651.09
1920810,341506,1.0,5,-757.0,-768.0,4870.755,4870.755
2138662,385978,0.0,44,-1715.0,-1715.0,247.725,247.725
2198748,368145,1.0,4,-358.0,-368.0,28599.75,28599.75
2000980,420060,0.0,8,-323.0,-323.0,147.24,147.24
2087518,152044,1.0,4,-2498.0,-2509.0,10612.035,10612.035
1799821,304817,0.0,3,-1146.0,-1146.0,7181.235,7181.235
1083610,372394,0.0,36,-1402.0,-1430.0,4500.0,3600.0
1020693,260857,0.0,2,-59.0,-64.0,4347.405,2097.405
2190139,134111,0.0,92,-323.0,-323.0,450.0,450.0
2345191,155550,1.0,19,-82.0,-106.0,7167.51,7167.51
2663175,183461,1.0,16,-79.0,-97.0,3479.985,3479.985
1075661,180585,0.0,8,-2699.0,-2699.0,2250.0,2250.0
2049049,378928,1.0,22,-489.0,-491.0,11856.735,11856.735
1029611,317941,0.0,14,-1954.0,-1950.0,2250.0,2250.0
1219546,157930,1.0,2,-809.0,-809.0,12425.445,12425.445
1573836,364382,1.0,2,-130.0,-159.0,12539.565,12539.565
1155557,101423,1.0,6,-2126.0,-2136.0,4963.455,4963.455
2713341,221375,0.0,86,-11.0,-11.0,9.225,9.225
1729619,151081,1.0,22,-124.0,-124.0,13343.49,13343.49
1976017,390627,1.0,1,-644.0,-674.0,42907.14,139503.96
2802850,250215,1.0,8,-1213.0,-1212.0,5570.325,5570.325
2506470,267870,1.0,9,-1140.0,-1148.0,10791.225,10791.225
2271454,238003,1.0,2,-1123.0,-1137.0,11213.775,11213.775
1333993,295910,1.0,2,-498.0,-508.0,11118.24,11118.24
2772881,214937,11.0,8,-131.0,-127.0,2855.88,144.225
2672929,359689,2.0,101,-2826.0,-2826.0,1350.0,1350.0
2640935,101898,0.0,145,-246.0,-246.0,134.73,134.73
1802295,140641,1.0,2,-1378.0,-1391.0,9081.405,9081.405
2564620,103351,1.0,5,-1002.0,-1014.0,16379.55,16379.55
1372404,141283,1.0,2,-2781.0,-2818.0,1277.685,1277.685
2119319,339669,2.0,4,-702.0,-719.0,198981.27,213075.99
1880632,332264,1.0,5,-1357.0,-1364.0,23513.535,23513.535
2584808,355228,1.0,4,-660.0,-759.0,10300.185,10300.185
1101359,271161,0.0,60,-1305.0,-1315.0,6750.0,6750.0
1850432,315546,1.0,2,-1711.0,-1724.0,4672.935,4672.935
1162013,223888,1.0,1,-2558.0,-2566.0,7204.095,7204.095
1180642,422468,0.0,140,-178.0,-181.0,8100.0,8100.0
1798361,166074,2.0,6,-187.0,-231.0,6642.36,6642.36
1861028,122625,1.0,7,-1033.0,-1065.0,6929.505,6929.505
2571523,262132,1.0,3,-2456.0,-2466.0,5528.205,5528.205
2461963,241323,2.0,5,-664.0,-672.0,17588.475,29727.18
1874282,452837,1.0,6,-721.0,-736.0,7216.335,7216.335
2284245,283691,1.0,7,-898.0,-898.0,57208.95,57208.95
1999950,404513,1.0,5,-2680.0,-2691.0,3782.385,3782.385
1966756,211558,0.0,44,-1085.0,-1085.0,478.26,478.26
1870276,418476,0.0,147,-114.0,-142.0,16200.0,16200.0
2715767,453467,1.0,2,-456.0,-464.0,12017.61,12017.61
2092848,171501,1.0,3,-2552.0,-2581.0,21503.97,996.03
2673200,231378,0.0,23,-75.0,-75.0,84.6,84.6
2584242,220041,1.0,4,-2028.0,-2044.0,7335.63,7335.63
2404129,137598,1.0,1,-576.0,-577.0,8446.725,8446.725
1385748,320569,1.0,14,-282.0,-290.0,2014.11,2014.11
2142126,188166,2.0,3,-546.0,-551.0,20076.75,20076.75
1643850,125154,1.0,1,-602.0,-632.0,5854.05,187.83
2321196,118322,0.0,19,-2815.0,-2827.0,8100.0,8100.0
2206901,402583,1.0,1,-411.0,-434.0,7248.375,7248.375
1160867,351290,0.0,27,-2648.0,-2648.0,253.35,253.35
1706730,321267,1.0,3,-268.0,-269.0,9586.305,9586.305
2408774,125743,1.0,9,-2365.0,-2373.0,4338.495,4338.495
2425007,351805,0.0,11,-2751.0,-2780.0,9000.0,9000.0
2833950,173627,1.0,4,-2380.0,-2400.0,6831.315,90.81
1420687,216579,0.0,41,-1236.0,-1247.0,13500.0,13500.0
2660739,330004,1.0,8,-541.0,-539.0,11605.005,11605.005
1013288,389697,0.0,23,-135.0,-149.0,16672.59,16672.59
2673637,269613,0.0,131,-68.0,-68.0,88.335,88.335
2609599,120180,1.0,5,-1839.0,-1836.0,7022.025,7019.325
1079144,318278,1.0,3,-317.0,-336.0,10079.46,10079.46
2561509,253795,1.0,3,-1397.0,-1418.0,8868.78,8868.78
1748847,252038,0.0,22,-2458.0,-2471.0,9000.0,9000.0
2249386,181774,1.0,9,-78.0,-89.0,8103.735,8103.735
1092132,381399,0.0,19,-2546.0,-2545.0,5625.0,5400.0
1995249,285083,0.0,129,-579.0,-580.0,16200.0,16200.0
1974854,369893,0.0,87,-1093.0,-1093.0,1775.52,1775.52
1110638,201795,1.0,4,-1758.0,-1766.0,8162.82,8162.82
1517219,382012,1.0,2,-715.0,-717.0,15114.735,15114.735
2729191,101572,1.0,11,-226.0,-225.0,9751.095,9751.095
2165955,261984,0.0,2,-469.0,-469.0,86205.375,86205.375
2726405,332944,1.0,4,-509.0,-539.0,13741.11,13741.11
1102777,144352,1.0,2,-1344.0,-1346.0,10227.465,10227.465
2733284,192051,1.0,8,-689.0,-714.0,26197.47,26197.47
1383743,328214,1.0,12,-1255.0,-1266.0,2720.34,2720.34
1891308,183195,1.0,2,-1333.0,-1389.0,18835.2,18835.2
2317874,156045,1.0,7,-1022.0,-1025.0,10665.0,10665.0
1829648,347047,0.0,17,-380.0,-380.0,0.81,0.81
2110702,226353,1.0,15,-168.0,-182.0,6049.755,6049.755
2557204,229657,0.0,49,-1597.0,-1597.0,198.09,198.09
1080783,146346,1.0,1,-2277.0,-2286.0,9083.07,9083.07
2732951,401792,1.0,1,-2187.0,-2210.0,2793.195,2793.195
1449663,300348,1.0,7,-437.0,-436.0,8542.395,8542.395
1794739,157656,1.0,24,-2008.0,-2006.0,9867.015,9867.015
1229524,246539,0.0,31,-56.0,-56.0,25.695,25.695
2403461,128540,1.0,7,-1080.0,-1093.0,10301.625,10301.625
2011396,374357,0.0,37,-2522.0,-2531.0,3375.0,3375.0
2671697,279997,1.0,17,-537.0,-555.0,7167.915,7167.915
1234345,383450,1.0,14,-1337.0,-1339.0,5165.1,5165.1
1518661,143452,0.0,23,-183.0,-185.0,23299.74,23299.74
2128405,303942,1.0,1,-1012.0,-1022.0,5081.49,5081.49
2391630,304371,0.0,26,-2180.0,-2198.0,4500.0,4500.0
1830050,438331,1.0,6,-76.0,-76.0,19276.11,19276.11
1283700,125328,1.0,13,-669.0,-666.0,25804.8,20250.0
1652999,249840,1.0,2,-541.0,-543.0,29337.39,29337.39
1840674,358546,1.0,1,-867.0,-877.0,12716.055,12716.055
1277263,426133,1.0,11,-601.0,-603.0,17672.67,17672.67
1531344,287967,0.0,39,-1620.0,-1620.0,4500.0,4500.0
2720472,246797,1.0,8,-1994.0,-1999.0,6524.37,6524.37
1710143,403575,1.0,8,-186.0,-211.0,14350.905,14350.905
2272259,372789,1.0,17,-1036.0,-1039.0,13802.4,13802.4
1469316,350555,0.0,104,-41.0,-41.0,902.16,902.16
2412430,136472,1.0,3,-2793.0,-2793.0,7799.985,7799.985
1461882,122377,0.0,118,-229.0,-229.0,2.835,2.835
2800927,167197,1.0,3,-705.0,-723.0,12829.59,12829.59
1919101,256398,1.0,24,-2150.0,-1743.0,7369.56,174.285
1004116,324462,0.0,24,-2636.0,-2636.0,450.0,450.0
1266101,127813,1.0,7,-602.0,-604.0,71031.78,71031.78
2829886,359269,0.0,38,-2313.0,-2313.0,6750.0,6750.0
2508033,190747,1.0,7,-230.0,-240.0,8262.63,8262.63
2391586,355828,0.0,73,-1528.0,-1528.0,3.51,3.51
2210638,410484,1.0,1,-2651.0,-2669.0,7138.44,7138.44
1213893,142236,1.0,13,-638.0,-652.0,8136.855,8136.855
2096256,157650,0.0,91,-1572.0,-1585.0,10800.0,10800.0
1374508,443353,1.0,18,-643.0,-648.0,19271.79,19271.79
1754712,318530,2.0,9,-461.0,-489.0,339913.755,339913.755
1232856,194533,0.0,32,-105.0,-105.0,1957.95,1957.95
2102144,362478,0.0,69,-1384.0,-1384.0,156.87,156.87
1471765,137761,1.0,9,-510.0,-520.0,31885.2,31885.2
2510231,444579,1.0,3,-606.0,-608.0,14926.95,14926.95
2366404,168466,0.0,65,-1320.0,-1320.0,179.325,179.325
1674835,453606,1.0,7,-361.0,-366.0,16181.91,16181.91
1391879,112681,1.0,3,-280.0,-286.0,5883.885,5883.885
1302547,411620,0.0,9,-2366.0,-2383.0,9000.0,9000.0
2749188,190621,1.0,5,-1898.0,-1913.0,6940.17,1.71
2058227,174030,1.0,4,-1276.0,-1293.0,13318.56,13318.56
1643625,230285,1.0,1,-843.0,-873.0,6513.12,6513.12
1305259,430189,0.0,6,-946.0,-946.0,326.97,326.97
1736830,230854,0.0,45,-417.0,-417.0,89.415,89.415
2671324,318930,0.0,24,-1849.0,-1849.0,4500.0,4500.0
2702030,117468,1.0,1,-865.0,-869.0,23107.5,23107.5
2341184,142521,1.0,10,-360.0,-361.0,42035.535,42035.535
1474218,199514,0.0,55,-133.0,-139.0,8612.415,8612.415
1806182,396891,1.0,3,-1546.0,-1553.0,17140.14,17140.14
1368094,115360,1.0,5,-2341.0,-2345.0,6105.87,6105.87
2726174,320553,0.0,84,-301.0,-302.0,9000.0,9000.0
2063591,274588,1.0,19,-890.0,-916.0,22114.71,7778.52
1598769,234962,0.0,45,-203.0,-203.0,3943.44,3943.44
1235159,204290,0.0,7,-148.0,-167.0,1843.425,1843.425
2388516,288277,0.0,12,-83.0,-83.0,2472.435,2472.435
1492075,441178,1.0,1,-1144.0,-1174.0,8031.24,8031.24
2552049,451973,1.0,1,-1697.0,-1672.0,4285.53,1.53
2837419,440397,0.0,93,-1576.0,-1575.0,4050.0,4050.0
2211631,186312,1.0,6,-1036.0,-1054.0,19355.085,19355.085
1065233,308895,0.0,70,-261.0,-273.0,9000.0,9000.0
2178627,408872,0.0,83,-365.0,-371.0,4500.0,4500.0
1238638,356186,1.0,9,-1189.0,-1185.0,7293.33,7283.97
1257138,379479,1.0,13,-176.0,-182.0,17495.55,17495.55
1104705,189241,1.0,14,-769.0,-773.0,11526.75,11526.75
2597702,110096,0.0,32,-1907.0,-1907.0,203.13,203.13
2360954,365823,5.0,16,-166.0,-234.0,6173.37,6173.37
1082595,324347,0.0,100,-1100.0,-1102.0,7875.0,6750.0
1419804,277372,1.0,4,-313.0,-321.0,18603.585,18603.585
2126656,294754,1.0,1,-2449.0,-2449.0,4255.65,4255.65
1872791,130460,0.0,9,-169.0,-169.0,23259.915,23112.765
1590729,388833,1.0,5,-2466.0,-2470.0,2210.895,2210.895
2227832,252250,1.0,3,-1111.0,-1124.0,8718.75,8718.75
2727209,453704,0.0,61,-42.0,-42.0,73.89,73.89
1288806,321510,0.0,24,-244.0,-244.0,50.445,50.445
1611187,166927,0.0,65,-1009.0,-1009.0,900.0,900.0
1489649,211434,1.0,4,-2590.0,-2614.0,16908.03,16544.07
2714023,116508,1.0,6,-422.0,-427.0,5978.07,5978.07
1360164,149030,1.0,6,-1048.0,-1051.0,8458.65,8458.65
2687905,373536,0.0,4,-192.0,-199.0,2304.81,2304.81
2397624,310224,1.0,5,-1310.0,-1317.0,4567.23,4567.23
1824304,101403,1.0,11,-1731.0,-1759.0,9639.9,34.56
1523741,389089,1.0,6,-476.0,-490.0,6344.415,6344.415
2626937,327813,1.0,5,-48.0,-62.0,24025.185,24025.185
2087293,126387,0.0,14,-2447.0,-2454.0,9000.0,9000.0
1644070,326832,1.0,8,-5.0,-21.0,4561.425,4561.425
2411255,402915,1.0,2,-989.0,-994.0,6447.51,6447.51
2235449,420378,0.0,54,-1747.0,-1747.0,1304.505,1304.505
2287914,420239,0.0,137,-908.0,-908.0,450.0,450.0
1411417,173733,1.0,4,-2463.0,-2468.0,4167.135,4167.135
1430849,232997,1.0,5,-2533.0,-2533.0,13556.295,13556.295
1260884,301715,1.0,3,-706.0,-714.0,10034.415,10034.415
2630515,403358,0.0,4,-243.0,-243.0,1.98,1.98
2327659,157041,1.0,3,-1710.0,-1712.0,1957.5,1957.5
1846662,280590,1.0,4,-1919.0,-1933.0,2922.84,2922.84
1999162,254656,1.0,16,-118.0,-109.0,53682.345,35661.375
2741287,392051,1.0,9,-2273.0,-2251.0,21321.99,0.045
2132206,297429,1.0,5,-1170.0,-1180.0,12938.67,12938.67
1921040,420029,1.0,5,-695.0,-695.0,54961.92,54961.92
1118756,309218,1.0,18,-633.0,-668.0,3406.59,3406.59
1929558,308070,1.0,10,-1768.0,-1799.0,4396.14,4396.14
2503991,153401,1.0,1,-1452.0,-1459.0,2094.435,2094.435
2816583,348745,1.0,3,-455.0,-461.0,11246.175,11246.175
2522830,355798,1.0,16,-161.0,-169.0,9517.32,9517.32
1722746,219476,1.0,3,-764.0,-770.0,58500.0,58500.0
2674224,276462,0.0,10,-962.0,-962.0,2.52,2.52
1684998,217800,1.0,10,-426.0,-431.0,11721.735,11721.735
1301784,316064,1.0,4,-40.0,-52.0,10224.045,10224.045
2787761,301225,0.0,1,-2029.0,-2037.0,9000.0,9000.0
1437891,215754,1.0,6,-939.0,-953.0,9537.03,9537.03
2415656,345960,0.0,46,-1313.0,-1313.0,5856.255,5856.255
1790644,204169,1.0,3,-473.0,-480.0,8770.59,8770.59
1812322,113498,0.0,18,-2682.0,-2708.0,3375.0,3375.0
2640898,188040,1.0,10,-2556.0,-2553.0,6857.55,6857.55
1698099,100434,1.0,2,-782.0,-783.0,19718.28,19718.28
1793642,290263,0.0,8,-260.0,-260.0,80811.135,80811.135
1643513,125393,1.0,4,-157.0,-166.0,4495.815,4495.815
1386201,165367,1.0,7,-868.0,-875.0,11837.025,11837.025
1537762,108184,2.0,3,-1102.0,-1100.0,10051.2,10008.675
1638846,312313,1.0,14,-337.0,-333.0,21893.265,20185.38
2241507,146939,1.0,1,-1843.0,-1843.0,8904.69,8904.69
2784380,361848,1.0,1,-2501.0,-2513.0,5317.785,5317.785
2552374,347451,0.0,21,-532.0,-532.0,23850.0,23850.0
2478545,214211,0.0,5,-117.0,-117.0,149.085,149.085
1574790,375948,0.0,11,-5.0,-6.0,8862.615,8862.615
2077434,271847,1.0,5,-108.0,-107.0,26617.86,26617.86
1817058,269647,1.0,12,-155.0,-176.0,9363.78,9363.78
1513157,113837,1.0,7,-1767.0,-1798.0,7476.615,370.755
2124890,306342,3.0,4,-748.0,-755.0,8536.5,8536.5
1276626,258442,0.0,18,-2595.0,-2595.0,58500.0,58500.0
2538588,351003,1.0,9,-1147.0,-1146.0,2693.97,2693.97
1328537,199688,4.0,14,-709.0,-727.0,24017.895,24017.895
1678128,290057,0.0,73,-1740.0,-1770.0,210.69,210.69
2116576,419511,1.0,10,-1446.0,-1439.0,6311.97,2807.73
1059555,421129,1.0,5,-201.0,-208.0,19152.45,19152.45
1327215,407605,1.0,1,-826.0,-838.0,9830.97,9830.97
1216443,383918,1.0,8,-2118.0,-2121.0,27009.0,27009.0
1307883,288477,1.0,6,-1568.0,-1570.0,6187.455,6187.455
1003339,243472,1.0,10,-776.0,-782.0,7783.155,7783.155
1076362,107212,1.0,1,-103.0,-119.0,9250.425,9250.425
1053120,288242,1.0,20,-24.0,-28.0,4497.12,4497.12
1881750,238697,1.0,5,-2920.0,-2927.0,13704.615,13704.615
1922283,394020,0.0,10,-1042.0,-1042.0,15750.0,15750.0
1794022,275391,1.0,6,-1906.0,-1931.0,2771.685,2771.685
1831009,371289,1.0,14,-427.0,-427.0,55679.355,55679.355
1801974,290741,1.0,8,-1099.0,-1106.0,10089.63,10089.63
1855503,145714,1.0,6,-1407.0,-1400.0,4301.55,2550.87
2155687,133931,0.0,86,-872.0,-872.0,8998.785,8998.785
1013203,242491,1.0,12,-1424.0,-1442.0,5521.86,5521.86
1772904,389662,0.0,48,-1451.0,-1451.0,124.965,124.965
2706065,414109,0.0,37,-75.0,-75.0,90.63,90.63
1775189,275449,1.0,1,-1241.0,-1247.0,6538.365,6538.365
1431449,349642,1.0,4,-1312.0,-1332.0,13779.405,13779.405
2225612,319372,2.0,23,-406.0,-399.0,18213.39,15063.165
2479983,377793,1.0,6,-1567.0,-1602.0,3950.46,947.7
1394087,182054,1.0,6,-857.0,-857.0,22549.815,22549.815
1870910,332262,0.0,44,-2149.0,-2170.0,6750.0,6750.0
1903476,275430,1.0,3,-799.0,-800.0,3955.68,3955.68
1950249,211784,1.0,35,-187.0,-190.0,17047.035,17047.035
2211182,255900,2.0,6,-756.0,-760.0,25408.395,25408.395
1224528,273779,0.0,3,-363.0,-363.0,1661.715,1661.715
2482721,219525,1.0,6,-545.0,-554.0,12054.87,12054.87
2418740,206567,1.0,7,-2021.0,-2026.0,4159.305,4159.305
2599942,143609,1.0,10,-1290.0,-1296.0,5070.465,5070.465
1447201,309616,0.0,13,-2841.0,-2841.0,3150.0,3150.0
2107206,186218,0.0,73,-1531.0,-1531.0,439.2,439.2
1665504,102833,2.0,10,-193.0,-196.0,25641.405,25641.405
2675612,356905,1.0,18,-282.0,-294.0,44344.755,44344.755
1793604,270751,0.0,62,-1961.0,-1971.0,9000.0,9000.0
2794020,381337,1.0,2,-629.0,-640.0,8181.315,8181.315
2194546,169692,1.0,6,-396.0,-409.0,11684.52,11684.52
1348860,370773,1.0,8,-480.0,-503.0,11721.735,558.54
2271733,441584,0.0,35,-723.0,-723.0,3148.515,3148.515
1320824,131024,1.0,5,-1485.0,-1492.0,9397.755,8875.755
2745357,365904,0.0,37,-1359.0,-1357.0,13500.0,13500.0
1853670,371955,1.0,4,-809.0,-834.0,8914.725,8914.725
1416843,308752,1.0,4,-256.0,-301.0,9192.195,9192.195
1919734,230373,0.0,38,-1998.0,-1982.0,6750.0,6750.0
1209946,319164,1.0,11,-949.0,-951.0,11521.35,11521.35
2760799,433626,1.0,7,-1147.0,-1159.0,5949.9,5949.9
2208756,188441,1.0,2,-512.0,-566.0,14379.48,102.51
2320505,353513,2.0,20,-39.0,-39.0,16293.15,16293.15
2597349,155600,1.0,10,-2597.0,-2596.0,2863.395,2853.36
1100513,167707,0.0,65,-1302.0,-1302.0,2250.0,2250.0
2438776,405755,0.0,33,-147.0,-147.0,2287.44,2287.44
2430199,259695,2.0,4,-1370.0,-1389.0,23259.42,23259.42
1949986,435270,1.0,1,-751.0,-757.0,9423.135,9423.135
1006302,259714,0.0,19,-2488.0,-2496.0,7875.0,7875.0
1665433,167824,1.0,1,-1750.0,-1766.0,5658.12,5658.12
2029110,197138,0.0,18,-120.0,-126.0,14978.34,14978.34
1690018,431528,3.0,5,-45.0,-44.0,2543.94,2543.94
2094978,195468,0.0,45,-1787.0,-1787.0,1125.0,1125.0
1471625,419616,0.0,32,-820.0,-820.0,1631.07,1631.07
1378419,434618,1.0,2,-656.0,-667.0,14122.305,14122.305
1912522,438111,0.0,77,-465.0,-3.0,1.44,1.44
1563416,168859,1.0,5,-574.0,-578.0,75527.82,75527.82
2647848,391890,1.0,1,-1786.0,-1800.0,4863.105,4863.105
2672634,453172,0.0,29,-2204.0,-2206.0,3375.0,3375.0
1156854,151577,1.0,4,-201.0,-219.0,12750.75,12750.75
2245917,275773,1.0,5,-725.0,-733.0,11071.53,11071.53
1361440,402545,0.0,14,-701.0,-701.0,7911.9,7911.9
2674540,308821,2.0,4,-893.0,-910.0,23763.735,23763.735
2817640,231576,1.0,2,-631.0,-635.0,22786.47,22786.47
2192155,107445,0.0,58,-1180.0,-1180.0,376.2,376.2
2103925,343067,1.0,2,-957.0,-954.0,25878.6,23530.185
1710316,393391,0.0,78,-354.0,-354.0,5.265,5.265
2716821,413394,1.0,9,-2178.0,-2184.0,14103.585,14103.585
1190033,119897,0.0,91,-154.0,-154.0,159.12,159.12
2058041,450005,1.0,3,-1433.0,-1443.0,14523.75,14523.75
1417379,139864,0.0,85,-483.0,-483.0,567.945,567.945
2585780,154886,1.0,11,-323.0,-325.0,15700.095,15700.095
1817501,360060,1.0,2,-1598.0,-1631.0,3377.52,3377.52
1045737,381753,1.0,3,-23.0,-43.0,8178.075,8178.075
2258512,326726,0.0,3,-2346.0,-2358.0,4500.0,4500.0
1179407,147279,1.0,2,-447.0,-460.0,29658.69,29658.69
1244227,233456,2.0,26,-46.0,-48.0,37853.28,37853.28
1687577,221114,1.0,5,-514.0,-518.0,11377.98,11377.98
1876815,318225,0.0,60,-64.0,-64.0,190.215,190.215
2336312,421230,0.0,76,-898.0,-898.0,367.155,367.155
2015656,347788,1.0,1,-1792.0,-1811.0,3292.335,3292.335
1336622,200339,1.0,7,-2091.0,-2105.0,5972.22,5972.22
2817099,377186,2.0,10,-84.0,-102.0,39376.215,39376.215
2007791,431072,1.0,3,-677.0,-684.0,14746.455,14746.455
2004650,163732,0.0,26,-122.0,-141.0,4285.8,4282.2
2374048,385359,1.0,14,-2569.0,-2573.0,8046.0,8046.0
1972677,405462,1.0,12,-1167.0,-1191.0,2196.135,2196.135
2575374,130199,0.0,13,-328.0,-336.0,6374.61,6374.61
2106818,272288,1.0,3,-1271.0,-1284.0,3899.25,3899.25
2258371,380844,1.0,13,-455.0,-450.0,19624.05,16845.975
2558622,394110,0.0,12,-1916.0,-1932.0,9000.0,9000.0
1775400,310352,1.0,4,-1331.0,-1362.0,5092.65,5092.65
1229403,455919,2.0,101,-856.0,-742.0,1350.0,1350.0
1105575,110906,0.0,95,-391.0,-394.0,13500.0,13500.0
1369612,330525,2.0,14,-828.0,-833.0,12339.45,12339.45
1993570,251439,2.0,5,-152.0,-178.0,10546.2,22500.0
1488169,342219,1.0,3,-2581.0,-2590.0,7655.625,7655.625
2804838,125082,1.0,12,-2294.0,-2322.0,12981.06,12981.06
1652840,262521,1.0,12,-583.0,-584.0,33515.235,33515.235
1302021,210546,1.0,6,-177.0,-182.0,14388.12,14388.12
1683889,418661,1.0,4,-2202.0,-2213.0,2168.505,2168.505
1929509,411946,1.0,8,-967.0,-969.0,16641.0,16641.0
2533260,358680,0.0,9,-2376.0,-2383.0,9000.0,9000.0
1537392,130810,0.0,59,-326.0,-326.0,32.535,32.535
2613809,383203,1.0,11,-1953.0,-1952.0,8768.205,8768.205
1266726,234026,1.0,3,-767.0,-785.0,9683.91,9683.91
2778716,184899,1.0,3,-1009.0,-1018.0,28873.17,28873.17
2527040,166152,2.0,11,-422.0,-427.0,10119.15,10119.15
1690072,329911,1.0,4,-1444.0,-1459.0,2875.815,2875.815
1092599,425393,0.0,42,-1689.0,-1689.0,6.075,6.075
1560879,377589,1.0,5,-82.0,-86.0,9191.52,9191.52
1487938,231957,1.0,1,-416.0,-431.0,14144.355,14144.355
1257116,267642,1.0,2,-1087.0,-1106.0,8566.785,8566.785
2392854,319388,1.0,7,-1640.0,-1666.0,3690.315,250.11
1036321,201853,0.0,48,-2627.0,-2627.0,450.0,450.0
1923621,375595,1.0,3,-1122.0,-1135.0,10057.905,10057.905
2345287,186706,0.0,10,-330.0,-330.0,190.35,190.35
1351317,366082,0.0,117,-33.0,-33.0,210.555,210.555
2225111,392142,1.0,13,-630.0,-680.0,10409.265,10409.265
1652333,192437,1.0,8,-1478.0,-1465.0,3309.48,3288.69
2260788,122102,1.0,6,-1458.0,-1462.0,7189.74,7189.74
2417710,419736,2.0,4,-889.0,-910.0,32660.37,32660.37
1434773,215015,0.0,10,-186.0,-186.0,0.585,0.585
1592376,151542,1.0,9,-2009.0,-2021.0,5455.575,5455.575
1438156,228527,1.0,6,-263.0,-313.0,3483.18,3483.18
1131125,293648,0.0,12,-174.0,-174.0,2.025,2.025
1937166,306701,1.0,10,-1038.0,-1081.0,5813.595,5813.595
1765897,374965,1.0,4,-1896.0,-1915.0,6534.81,6534.81
1416860,291035,1.0,4,-786.0,-793.0,5997.51,5997.51
1590758,312244,0.0,50,-1408.0,-1408.0,3524.355,3524.355
1970094,132056,0.0,11,-1191.0,-1190.0,7898.49,7898.49
1081120,125287,1.0,14,-91.0,-98.0,57788.73,57788.73
2363218,239425,1.0,8,-1316.0,-1314.0,25198.65,22603.05
1919222,277141,0.0,15,-2636.0,-2644.0,3375.0,3375.0
2002314,250617,1.0,3,-145.0,-165.0,9549.9,9549.9
2360649,262593,1.0,2,-523.0,-541.0,7875.495,7875.495
2331044,238687,7.0,15,-466.0,-504.0,7717.14,7717.14
2341152,339920,1.0,6,-290.0,-297.0,7931.07,7931.07
2702106,319342,0.0,113,-1361.0,-1361.0,1350.0,1350.0
2622818,197382,1.0,4,-288.0,-288.0,46600.11,46600.11
1469410,127701,1.0,6,-1026.0,-1040.0,12156.075,12156.075
2791710,123378,1.0,6,-459.0,-471.0,9423.81,9423.81
2342340,419751,1.0,16,-1053.0,-1072.0,6199.695,6199.695
1255390,436150,2.0,4,-1636.0,-1670.0,95657.76,95657.76
1766465,206554,0.0,16,-2327.0,-2312.0,3375.0,3375.0
1197618,305553,2.0,23,-54.0,-65.0,24100.2,24100.2
2418460,131349,1.0,6,-2549.0,-2550.0,8544.645,8447.49
2518506,240115,0.0,31,-1774.0,-1803.0,67.5,67.5
1725601,210515,1.0,15,-2006.0,-2003.0,12054.195,9457.425
1845066,423009,2.0,22,-607.0,-604.0,21104.55,18479.88
2801394,153377,0.0,64,-168.0,-172.0,18933.93,18933.93
2005078,166562,1.0,10,-1185.0,-1188.0,4738.905,4738.905
1471739,430681,1.0,5,-689.0,-698.0,47071.215,47071.215
2016092,213485,1.0,11,-1386.0,-1394.0,20490.165,20490.165
2234083,174802,0.0,64,-1220.0,-1220.0,1160.55,1160.55
2102114,261120,1.0,6,-2190.0,-2220.0,9591.975,47.745
1523817,376945,0.0,2,-2739.0,-2739.0,1125.0,1125.0
2300787,243215,1.0,1,-583.0,-589.0,16708.59,22503.195
1952197,352608,0.0,31,-2498.0,-2498.0,9000.0,9000.0
2636135,253131,1.0,2,-2463.0,-2463.0,2727.09,2727.09
1451819,357221,1.0,12,-1799.0,-1806.0,2736.63,2736.63
1060812,344112,1.0,4,-575.0,-588.0,64500.435,64500.435
1799022,414109,1.0,14,-225.0,-236.0,6167.745,6167.745
2425005,188712,0.0,35,-1893.0,-1923.0,1606.5,1606.5
2665161,264479,0.0,139,-364.0,-367.0,16200.0,16200.0
1574926,262843,1.0,5,-2486.0,-2491.0,10492.02,53.91
1121919,201421,1.0,6,-1814.0,-1823.0,11309.4,11309.4
1455387,339758,1.0,2,-1159.0,-1183.0,8970.615,8970.615
1782610,275100,1.0,15,-502.0,-531.0,15465.375,1350.09
1177137,102581,1.0,7,-896.0,-909.0,10002.96,10002.96
2595757,108123,1.0,7,-297.0,-312.0,8526.51,8526.51
1139720,429943,1.0,7,-1543.0,-1576.0,10832.76,19.44
1566486,231920,1.0,1,-673.0,-687.0,5277.195,5277.195
1188124,195747,0.0,42,-1087.0,-1087.0,1748.34,1748.34
1308494,236462,1.0,19,-190.0,-200.0,11431.8,11431.8
1032801,395250,1.0,3,-2443.0,-2435.0,6234.12,26.46
2462728,139081,1.0,1,-2001.0,-2007.0,6513.21,6513.21
2049117,185280,1.0,6,-277.0,-270.0,48635.595,36903.645
2120947,369073,0.0,17,-549.0,-547.0,22061.745,22061.745
2178214,345775,2.0,23,-1883.0,-1903.0,10233.0,10233.0
1550691,443716,1.0,7,-1106.0,-1129.0,2974.5,2974.5
2511810,158918,1.0,6,-1836.0,-1849.0,5294.115,5294.115
1921500,264183,1.0,1,-2456.0,-2460.0,4550.76,4550.76
2630709,334325,2.0,11,-7.0,-14.0,50050.215,50050.215
1563633,315813,0.0,35,-2733.0,-2733.0,7695.0,7695.0
2213404,100279,1.0,3,-113.0,-138.0,7598.34,7598.34
1840248,173520,1.0,14,-456.0,-495.0,50906.565,1926.72
2239428,360846,0.0,14,-2180.0,-2180.0,10.575,10.575
1543253,162319,3.0,21,-438.0,-438.0,29929.365,29929.365
1605436,148084,1.0,3,-897.0,-908.0,10870.02,10870.02
2708003,111745,1.0,7,-1087.0,-1098.0,15507.99,15507.99
1347478,126034,1.0,3,-1587.0,-1595.0,7845.525,7845.525
2538374,344933,2.0,8,-1303.0,-1313.0,28252.935,28252.935
2803831,378694,1.0,6,-966.0,-965.0,3154.545,3154.545
2428105,408373,1.0,4,-2347.0,-2346.0,31623.885,31623.885
2792117,186051,1.0,1,-2707.0,-2713.0,6397.425,6397.425
2062761,392003,1.0,11,-25.0,-35.0,11185.245,11185.245
1649012,355514,3.0,6,-671.0,-700.0,36005.58,8994.42
1871340,193694,1.0,1,-717.0,-733.0,12349.44,12349.44
1131866,236356,0.0,132,-236.0,-236.0,147.825,147.825
2482738,228920,0.0,75,-820.0,-820.0,143.82,143.82
1435246,416740,1.0,4,-447.0,-446.0,25582.23,25582.23
1794224,129284,0.0,18,-444.0,-444.0,137.385,137.385
2764917,242163,1.0,2,-2038.0,-2026.0,3444.165,3378.33
1449001,265044,1.0,15,-615.0,-636.0,11737.53,11737.53
2788567,228657,1.0,10,-755.0,-757.0,9129.78,9129.78
1595984,101500,0.0,59,-1430.0,-1430.0,11250.0,11250.0
2516987,322612,1.0,4,-309.0,-345.0,11985.615,11985.615
1595127,125616,0.0,48,-922.0,-922.0,3619.935,3619.935
1590791,229404,0.0,3,-269.0,-269.0,755.1,755.1
2759871,279085,1.0,10,-424.0,-425.0,65423.295,65423.295
1940057,110330,1.0,1,-588.0,-606.0,28120.005,28120.005
2686937,161615,0.0,34,-86.0,-86.0,212.31,212.31
2039160,225098,0.0,35,-1555.0,-1571.0,9000.0,9000.0
1688207,455436,0.0,43,-1682.0,-1694.0,4500.0,4500.0
2464733,278451,1.0,4,-1285.0,-1302.0,12836.52,12836.52
1691798,422102,0.0,26,-382.0,-382.0,225000.0,225000.0
1717154,337429,1.0,15,-736.0,-740.0,20222.505,20222.505
1014317,304942,0.0,13,-2663.0,-2663.0,3375.0,3375.0
1932568,356323,1.0,2,-118.0,-162.0,5437.53,5437.53
2153425,311911,1.0,13,-1110.0,-1117.0,5984.595,5984.595
1232793,346193,1.0,17,-1077.0,-1083.0,14339.025,14339.025
2748942,196501,0.0,30,-2287.0,-2287.0,301.68,301.68
1522759,376620,1.0,6,-2312.0,-2330.0,4406.445,4406.445
2036090,448314,1.0,2,-2426.0,-2436.0,3144.375,3144.375
2048299,174358,2.0,3,-152.0,-166.0,821.79,821.79
2693471,317389,2.0,17,-1343.0,-1343.0,21230.325,21230.325
2345880,310349,0.0,38,-1759.0,-1789.0,67.5,67.5
2506762,408043,1.0,13,-456.0,-458.0,36395.91,36395.91
1613277,168206,0.0,56,-1528.0,-1538.0,10800.0,10800.0
1242366,177488,1.0,2,-326.0,-333.0,23641.38,23641.38
2069373,246564,1.0,9,-2146.0,-2152.0,15034.32,15034.32
1609684,340673,1.0,9,-2468.0,-2470.0,14904.0,14904.0
1085070,393197,1.0,6,-2516.0,-2526.0,5483.43,5483.43
2408275,324857,1.0,1,-2030.0,-2042.0,10569.915,10569.915
1641938,347120,0.0,14,-158.0,-162.0,11847.465,11847.465
2246360,132935,1.0,1,-1244.0,-1245.0,47171.835,47171.835
1490750,321690,1.0,19,-560.0,-573.0,10826.595,10826.595
1084044,373831,1.0,6,-347.0,-357.0,8627.04,8627.04
1958631,354010,1.0,1,-998.0,-986.0,17971.425,40.41
2524024,234507,1.0,2,-586.0,-588.0,13927.23,13927.23
1082743,147751,1.0,23,-892.0,-914.0,8801.73,4363.74
1141503,360786,1.0,32,-148.0,-177.0,21709.125,3482.865
1369366,172976,0.0,53,-957.0,-957.0,285.345,285.345
2022869,416982,1.0,2,-2283.0,-2293.0,26437.86,26437.86
1472598,264609,0.0,70,-489.0,-491.0,2250.0,2250.0
1853968,170654,1.0,3,-58.0,-64.0,12037.725,12037.725
2575484,350115,1.0,8,-2435.0,-2435.0,2247.795,2247.795
1205189,135665,1.0,5,-875.0,-892.0,13173.705,13173.705
2261888,423100,1.0,4,-1453.0,-1478.0,3547.845,3547.845
1125419,353319,0.0,71,-716.0,-716.0,770.715,770.715
1335007,270408,1.0,7,-1078.0,-1086.0,4267.71,4267.71
1667215,419250,1.0,2,-2655.0,-2674.0,11244.375,11244.375
1539622,221680,1.0,1,-416.0,-431.0,5372.865,5372.865
2299716,137234,1.0,4,-229.0,-233.0,6070.545,6070.545
1914952,230706,0.0,40,-1582.0,-1582.0,116.325,116.325
2002294,411402,1.0,5,-650.0,-651.0,33490.485,33490.485
2833306,279125,0.0,29,-662.0,-663.0,9172.26,9172.26
1766145,256754,0.0,86,-1499.0,-1508.0,3375.0,3375.0
2015270,381628,1.0,9,-953.0,-966.0,19737.945,924.66
2693756,450298,1.0,2,-1973.0,-1991.0,4494.105,4494.105
1428939,253668,1.0,3,-681.0,-690.0,28019.115,28019.115
1332564,329137,5.0,9,-536.0,-553.0,11011.59,11011.59
1570233,362315,0.0,74,-1472.0,-1472.0,229.635,229.635
1210813,319981,0.0,31,-1322.0,-1339.0,5625.0,5625.0
2266162,194865,0.0,26,-211.0,-211.0,630.135,630.135
2597604,101316,3.0,5,-330.0,-354.0,10006.965,9912.105
1266727,106653,1.0,4,-1588.0,-1597.0,7799.175,7799.175
1847456,178886,1.0,7,-453.0,-453.0,3561.075,3561.075
1074527,304969,1.0,3,-146.0,-161.0,16344.54,16344.54
2153311,302396,2.0,4,-1244.0,-1271.0,28234.26,28234.26
2518264,125493,1.0,16,-1054.0,-1061.0,17396.1,17396.1
1261672,365888,3.0,15,-574.0,-585.0,35956.62,35956.62
2525129,374988,1.0,13,-442.0,-448.0,17626.05,17626.05
2804481,433023,1.0,2,-1273.0,-1282.0,3967.29,3967.29
2004842,262932,0.0,42,-1339.0,-1339.0,198.045,198.045
2704207,252926,1.0,14,-1377.0,-1373.0,5560.2,5435.1
2622817,452674,1.0,1,-250.0,-256.0,7930.395,7930.395
1484321,353403,2.0,5,-262.0,-274.0,15534.495,15534.495
1445531,176868,1.0,17,-460.0,-464.0,24402.6,3858.165
2418308,157626,1.0,21,-880.0,-889.0,5856.75,5856.75
2539338,250064,1.0,10,-883.0,-912.0,31543.065,16755.3
2243411,186401,0.0,77,-756.0,-756.0,472.86,472.86
1824514,454683,1.0,3,-824.0,-828.0,14328.36,14328.36
1286819,215855,1.0,5,-63.0,-66.0,14444.64,14444.64
2772814,435483,1.0,7,-1113.0,-1115.0,16708.005,16708.005
1671997,211474,1.0,15,-776.0,-794.0,18601.785,13529.61
2535255,226763,0.0,17,-997.0,-1001.0,13191.615,13191.615
1818230,292419,1.0,4,-186.0,-202.0,5227.965,5227.965
2272244,228508,1.0,8,-2172.0,-2182.0,9341.685,9341.685
2037385,449396,1.0,1,-679.0,-702.0,4588.515,4588.515
1826950,277464,1.0,3,-156.0,-172.0,193682.43,193682.43
1744057,274286,1.0,6,-1465.0,-1466.0,12075.66,12075.66
2778981,387094,1.0,5,-2392.0,-2404.0,7329.78,7329.78
1877945,139686,0.0,6,-2603.0,-2614.0,5625.0,5625.0
1413576,277741,1.0,9,-2914.0,-2914.0,4684.86,4684.86
1767418,445939,2.0,2,-663.0,-685.0,282539.79,321604.695
2143055,429622,1.0,4,-2500.0,-2478.0,4985.505,4.005
1853890,259727,1.0,8,-415.0,-440.0,7350.525,237.825
2233630,280259,2.0,25,-470.0,-493.0,23325.435,23325.435
2738411,246863,1.0,3,-997.0,-997.0,33541.02,33541.02
1436497,176160,0.0,16,-2519.0,-2519.0,470.025,470.025
1720754,131594,1.0,1,-1874.0,-1887.0,5032.845,4900.5
1861228,452583,1.0,4,-2135.0,-2162.0,3155.04,3155.04
1840550,211902,1.0,3,-2152.0,-2153.0,13562.325,13562.325
2106398,410551,0.0,54,-2227.0,-2227.0,275.94,275.94
1536018,221321,1.0,4,-465.0,-471.0,41772.465,41772.465
2801887,298840,0.0,22,-137.0,-137.0,2.88,2.88
1468094,221123,1.0,9,-516.0,-527.0,24352.965,32.4
2106072,281959,1.0,1,-909.0,-917.0,31374.945,31374.945
2661843,172103,0.0,40,-2271.0,-2271.0,2121.255,2121.255
1648693,102410,0.0,6,-2877.0,-2877.0,450.0,450.0
1290847,118705,1.0,5,-2803.0,-2802.0,5247.18,5225.85
2790279,328588,0.0,10,-1774.0,-1774.0,912.825,912.825
2002986,320849,1.0,2,-535.0,-553.0,13489.2,13489.2
1105580,149986,0.0,58,-1231.0,-1231.0,1575.0,1575.0
1593349,272405,1.0,7,-899.0,-919.0,36863.865,36863.865
2768515,207206,1.0,2,-1386.0,-1369.0,10390.32,6121.035
2356683,333424,0.0,10,-1006.0,-1008.0,2250.0,2250.0
2583412,382785,0.0,13,-87.0,-87.0,45000.0,45000.0
1940596,362466,1.0,10,-51.0,-59.0,14939.73,14939.73
2526627,243059,1.0,7,-654.0,-668.0,13485.24,13485.24
2237995,362667,2.0,3,-155.0,-162.0,256467.69,256467.69
1557318,366286,1.0,2,-764.0,-764.0,6199.65,6199.65
1013317,415195,2.0,9,-1506.0,-1517.0,21667.14,21667.14
1309657,177615,1.0,24,-1416.0,-1425.0,9693.0,9693.0
2564416,351457,1.0,12,-519.0,-550.0,9651.6,9651.6
2716133,349795,0.0,30,-162.0,-181.0,2250.0,2250.0
2424430,453286,1.0,6,-113.0,-121.0,48206.61,48206.61
1837034,120762,0.0,45,-178.0,-184.0,10584.945,10584.945
1797050,435977,1.0,7,-970.0,-978.0,4724.64,4724.64
1260608,216959,1.0,12,-21.0,-23.0,14862.87,14862.87
2335460,121735,0.0,10,-107.0,-107.0,255.06,255.06
2551664,275684,1.0,17,-76.0,-76.0,14040.81,14040.81
1075108,340950,2.0,12,-33.0,-35.0,51085.17,51085.17
2130987,260557,3.0,19,-31.0,-32.0,37370.43,37370.43
1354969,455575,1.0,19,-797.0,-799.0,4535.505,4535.505
2443843,387434,1.0,6,-142.0,-145.0,49468.275,49468.275
2179486,412982,1.0,1,-1414.0,-1418.0,23612.355,23612.355
1593467,153243,0.0,71,-838.0,-838.0,2.745,2.745
2130293,270985,1.0,21,-406.0,-412.0,39595.14,39595.14
2783819,133056,0.0,49,-290.0,-290.0,6215.76,6215.76
2208278,110839,1.0,1,-914.0,-916.0,14405.31,14405.31
2291662,368739,1.0,4,-377.0,-418.0,6158.385,6158.385
1885242,237398,0.0,45,-930.0,-932.0,6300.0,6300.0
1284605,248160,0.0,8,-2576.0,-2576.0,177.795,177.795
1730827,352420,6.0,7,-348.0,-347.0,37764.0,37764.0
2837646,294533,1.0,24,-246.0,-256.0,33643.845,33643.845
1642753,167346,1.0,4,-687.0,-686.0,19401.435,19401.435
2360971,333275,0.0,35,-261.0,-264.0,21310.74,21310.74
1561788,126012,1.0,4,-649.0,-654.0,24277.32,24277.32
1154281,255891,0.0,84,-2217.0,-2217.0,2700.0,2700.0
2773467,205821,0.0,91,-679.0,-679.0,318.24,318.24
1779791,193909,1.0,6,-1552.0,-1566.0,8618.715,8618.715
1323023,425788,2.0,4,-174.0,-184.0,97116.435,97116.435
1459558,130906,0.0,15,-125.0,-133.0,3973.185,3973.185
2729232,423365,1.0,2,-2503.0,-2503.0,8136.675,8136.675
1992884,167091,1.0,5,-406.0,-407.0,26133.615,26133.615
2468799,162168,1.0,5,-2435.0,-2450.0,5883.93,5883.93
1622251,262448,1.0,12,-1245.0,-1243.0,11987.775,11987.775
1210925,376290,1.0,17,-587.0,-609.0,4845.87,4845.87
2200564,206881,2.0,4,-540.0,-547.0,5471.1,5471.1
1295800,340681,2.0,4,-1074.0,-1082.0,24256.8,24256.8
2497144,371590,1.0,12,-626.0,-635.0,5698.845,5698.845
1572237,281582,0.0,17,-795.0,-794.0,3548.7,3548.7
1592006,214904,0.0,59,-1733.0,-1733.0,144.27,144.27
2790235,370140,1.0,9,-2117.0,-2149.0,17692.515,107.37
2109138,264409,1.0,13,-426.0,-433.0,65437.425,65437.425
1060408,189464,0.0,42,-375.0,-375.0,375405.345,375405.345
1441724,324878,1.0,3,-1669.0,-1684.0,3850.02,3850.02
1515880,390047,1.0,10,-420.0,-420.0,48698.595,48698.595
2053851,287195,1.0,4,-2494.0,-2493.0,8820.0,8820.0
1513174,363444,1.0,10,-912.0,-911.0,17016.75,17016.75
2821674,456084,1.0,2,-1900.0,-1942.0,5530.365,5530.365
2453093,268013,1.0,5,-450.0,-455.0,30121.47,30121.47
1589525,397574,1.0,8,-2503.0,-2521.0,3715.965,3715.605
1288733,102401,1.0,3,-1542.0,-1558.0,7596.81,7596.81
2095554,207495,1.0,6,-2054.0,-2067.0,3584.655,3584.655
1999132,136196,1.0,10,-523.0,-524.0,17495.55,17495.55
1288965,434614,1.0,8,-708.0,-709.0,11443.59,11443.59
1103070,121098,1.0,7,-1404.0,-1409.0,2380.32,2380.32
2164064,344051,1.0,6,-80.0,-87.0,16284.78,16284.78
1162232,101854,1.0,5,-446.0,-454.0,39227.355,39227.355
1839029,380232,2.0,8,-420.0,-428.0,9231.255,9231.255
1398688,384291,1.0,10,-1932.0,-1943.0,10073.97,10073.97
1466331,138073,1.0,9,-1022.0,-1030.0,58622.94,58622.94
1382844,193002,1.0,3,-893.0,-901.0,6012.315,6012.315
1128332,136823,1.0,9,-1000.0,-1011.0,5626.98,5626.98
1901658,397541,1.0,12,-778.0,-773.0,28338.795,27945.72
1635238,452282,1.0,2,-728.0,-732.0,10352.295,10352.295
1213559,246527,1.0,5,-60.0,-67.0,9109.485,9109.485
2372515,253817,1.0,11,-189.0,-201.0,16341.165,16341.165
2479577,114357,0.0,59,-1139.0,-1139.0,45.09,45.09
2807830,430328,1.0,20,-1050.0,-1058.0,6446.295,6446.295
1083401,224674,0.0,80,-2211.0,-2211.0,900.0,900.0
2109953,352257,0.0,35,-1946.0,-1947.0,5625.0,5625.0
2023079,202098,0.0,53,-1918.0,-1932.0,3375.0,3375.0
1851134,213456,0.0,8,-406.0,-424.0,4713.93,4713.93
1264904,402623,1.0,7,-761.0,-760.0,5823.09,5823.09
2800244,330213,1.0,5,-2812.0,-2812.0,3480.525,3480.525
2733041,319923,1.0,3,-402.0,-422.0,19516.185,19516.185
1280455,400385,1.0,3,-93.0,-120.0,6579.585,6579.585
2571148,152161,1.0,4,-1028.0,-1029.0,19533.06,19533.06
2677430,204534,1.0,4,-124.0,-126.0,37633.05,37633.05
1973716,441997,2.0,10,-778.0,-779.0,29526.795,29526.795
1355309,329980,1.0,6,-635.0,-643.0,10629.72,10629.72
2210616,316772,1.0,2,-694.0,-704.0,23567.85,23567.85
1360339,402625,1.0,16,-296.0,-302.0,8556.57,8556.57
2558990,130413,2.0,6,-781.0,-783.0,4129.65,4129.65
1355634,162491,1.0,2,-2658.0,-2658.0,7686.72,7686.72
1160655,277838,1.0,4,-744.0,-765.0,15594.03,15594.03
2305367,370258,1.0,12,-1382.0,-1384.0,5218.155,5218.155
1381254,211677,1.0,6,-325.0,-332.0,19155.375,19155.375
2726167,246770,0.0,46,-1672.0,-1672.0,67500.0,67500.0
1367252,348792,0.0,26,-1711.0,-1733.0,7875.0,7875.0
2804466,134064,0.0,25,-134.0,-143.0,4991.445,4991.445
1659958,288782,0.0,3,-874.0,-877.0,4888.125,4888.125
2575105,452677,1.0,14,-481.0,-485.0,19680.885,19680.885
1133775,428025,1.0,1,-1689.0,-1698.0,13692.825,13692.825
2153801,333554,1.0,10,-162.0,-176.0,31210.02,31210.02
2653061,429067,0.0,10,-47.0,-46.0,7067.79,7067.79
1744763,288419,3.0,13,-279.0,-302.0,18299.295,18299.295
2069398,359608,0.0,108,-103.0,-103.0,97.29,97.29
2082987,195398,0.0,2,-1483.0,-1495.0,22500.0,22275.0
2554092,333165,1.0,7,-2058.0,-2093.0,2064.42,2064.42
1365347,385282,0.0,82,-406.0,-406.0,361.62,361.62
2566526,196514,1.0,8,-2422.0,-2430.0,10627.38,10627.38
1157374,148257,1.0,3,-1719.0,-1714.0,17236.935,16979.715
1436466,367100,0.0,72,-36.0,-45.0,18606.015,9606.015
1647764,192492,0.0,135,-492.0,-492.0,2250.0,2250.0
2809813,272258,1.0,5,-57.0,-62.0,12446.865,12446.865
2248854,375435,0.0,58,-1714.0,-1714.0,173.745,173.745
1295505,291466,1.0,2,-614.0,-617.0,59074.335,59074.335
1059740,391217,1.0,1,-1947.0,-1951.0,11720.25,11720.25
1121562,386399,1.0,5,-1965.0,-1977.0,3163.545,3163.545
2101708,373839,2.0,7,-1061.0,-1071.0,43813.71,43813.71
1800895,411402,1.0,10,-311.0,-327.0,18701.415,18701.415
2759199,288284,0.0,36,-2766.0,-2766.0,1204.47,1204.47
1440407,208949,2.0,11,-330.0,-337.0,35301.96,35301.96
2813888,287874,1.0,8,-1475.0,-1475.0,36742.5,36742.5
1332649,106147,1.0,1,-1369.0,-1381.0,5095.935,5095.935
1871774,245125,0.0,91,-215.0,-215.0,423.315,423.315
2583656,446000,1.0,1,-799.0,-825.0,14791.005,14791.005
1181117,300125,0.0,54,-146.0,-153.0,12160.665,12160.665
2291447,448268,1.0,18,-1783.0,-1791.0,6641.1,6641.1
1510729,390486,1.0,3,-2281.0,-2286.0,6301.935,6301.935
2623594,451810,0.0,187,-296.0,-296.0,924.795,924.795
1955927,153751,0.0,3,-133.0,-139.0,2250.0,2250.0
2477340,280258,0.0,8,-371.0,-371.0,229.365,229.365
2778595,200383,0.0,33,-329.0,-336.0,8327.025,8327.025
2190736,138665,1.0,1,-1166.0,-1179.0,7858.8,7858.8
1017142,193833,1.0,9,-344.0,-356.0,10130.31,10130.31
2384926,417616,0.0,71,-250.0,-250.0,2029.095,2029.095
2446392,178352,1.0,1,-126.0,-129.0,5758.56,5758.56
1262488,128213,1.0,1,-1277.0,-1286.0,12911.625,12911.625
2262330,281446,0.0,15,-729.0,-719.0,2250.0,1350.0
1946264,383870,1.0,2,-650.0,-661.0,13244.13,13244.13
2484153,397337,0.0,88,-485.0,-485.0,26.505,26.505
1245215,293201,1.0,9,-1916.0,-1922.0,3913.605,3913.605
1281621,321940,1.0,4,-620.0,-656.0,14455.395,14455.395
1598089,221540,0.0,12,-721.0,-729.0,7312.905,7312.905
1972782,243386,0.0,7,-74.0,-74.0,58192.695,58192.695
2538132,277838,1.0,9,-2525.0,-2525.0,5882.355,5882.355
2522715,405736,2.0,6,-197.0,-224.0,21449.205,21449.205
1102649,447386,0.0,24,-2172.0,-2172.0,211.41,211.41
2228364,181446,1.0,7,-1261.0,-1289.0,4571.46,4571.46
1257399,160724,1.0,2,-318.0,-333.0,12604.635,12604.635
2013998,121718,1.0,3,-362.0,-376.0,5294.61,5294.61
1061340,253432,1.0,14,-417.0,-418.0,7689.555,7689.555
1903692,131012,1.0,9,-1478.0,-1487.0,5788.8,5788.8
2100188,211427,0.0,19,-28.0,-29.0,6540.3,6540.3
1128766,117567,0.0,31,-90.0,-96.0,41097.96,41097.96
2565110,170641,1.0,14,-470.0,-471.0,53084.205,53084.205
1782133,417113,0.0,41,-1757.0,-1767.0,4500.0,4500.0
2567678,341536,0.0,85,-374.0,-374.0,562.23,562.23
1780212,318017,0.0,110,-301.0,-301.0,159.48,159.48
2409937,439375,2.0,6,-2499.0,-2505.0,20080.035,20080.035
2613276,213618,2.0,6,-334.0,-347.0,114883.47,114883.47
2762312,163409,0.0,89,-420.0,-420.0,14.58,14.58
1539052,395238,1.0,3,-1354.0,-1364.0,7485.12,7485.12
1158669,164096,0.0,27,-122.0,-122.0,1759.41,1759.41
2831839,251169,1.0,8,-743.0,-760.0,13024.62,13024.62
1134927,262885,1.0,11,-2046.0,-2052.0,5246.01,5246.01
2304876,137903,1.0,5,-2480.0,-2494.0,3856.455,3848.58
2070539,119668,3.0,39,-150.0,-152.0,20123.19,20123.19
2635161,137491,0.0,63,-1290.0,-1290.0,450.0,450.0
1001443,410316,1.0,4,-2351.0,-2355.0,2911.725,2911.725
2139992,343001,1.0,2,-229.0,-240.0,5495.805,5495.805
1390451,411492,2.0,5,-1090.0,-1098.0,5640.705,5640.705
1640066,244475,1.0,1,-978.0,-981.0,19587.78,19587.78
1714626,342120,0.0,61,-969.0,-969.0,3032.775,3032.775
2559985,220003,1.0,10,-1205.0,-1205.0,5340.15,15137.685
1561327,276881,2.0,6,-703.0,-866.0,750.285,750.285
1261327,102676,1.0,10,-1885.0,-1873.0,22647.735,12515.85
1560038,248818,1.0,1,-2569.0,-2578.0,2782.305,2782.305
2013683,268341,1.0,6,-2030.0,-2045.0,4466.43,4466.43
1294852,359584,1.0,4,-1294.0,-1329.0,6724.08,6724.08
1417778,391655,1.0,18,-1197.0,-1191.0,23576.94,21994.92
2467266,260683,0.0,11,-1514.0,-1512.0,3150.0,3150.0
2354019,150396,2.0,15,-1239.0,-1239.0,12317.04,12317.04
2510280,248502,1.0,11,-562.0,-570.0,20179.35,155697.66
2513269,422203,1.0,1,-680.0,-680.0,46762.47,46762.47
2300366,253298,1.0,6,-1647.0,-1662.0,18394.155,18394.155
1818742,317904,1.0,1,-489.0,-496.0,14810.4,14810.4
1310327,319130,0.0,126,-126.0,-134.0,5625.0,5625.0
2642998,252120,1.0,11,-206.0,-207.0,9586.305,9586.305
1030840,226221,5.0,18,-4.0,-21.0,17163.405,17163.405
2116463,386627,1.0,2,-2208.0,-2242.0,5963.625,5963.625
1134988,336970,0.0,3,-888.0,-888.0,226.08,226.08
1970342,159671,0.0,118,-970.0,-974.0,8100.0,7425.0
1331961,381639,1.0,10,-586.0,-594.0,39691.53,39691.53
1489165,122401,1.0,3,-775.0,-806.0,32977.8,32977.8
1218074,226806,1.0,17,-149.0,-153.0,15406.515,15406.515
2106103,452739,1.0,9,-2167.0,-2167.0,6327.36,6327.36
1692161,210114,1.0,7,-1368.0,-1388.0,9028.62,9028.62
2200397,179549,1.0,8,-118.0,-128.0,24750.0,24750.0
2075467,366306,3.0,4,-523.0,-523.0,30126.69,30126.69
1294491,182203,0.0,65,-1991.0,-1995.0,4500.0,4500.0
1306659,257281,1.0,1,-2369.0,-2378.0,29398.455,29398.455
1314230,110628,1.0,10,-1973.0,-1984.0,10551.69,10551.69
1773245,245221,1.0,1,-626.0,-642.0,16519.77,16519.77
1577677,253976,1.0,1,-1715.0,-1722.0,18671.805,18671.805
2754914,245407,1.0,6,-2069.0,-2083.0,2013.39,2013.39
2382804,193894,1.0,3,-365.0,-375.0,28754.19,28477.89
1206319,278526,1.0,7,-1213.0,-1240.0,14381.685,14381.685
1415054,136460,1.0,9,-1414.0,-1423.0,4892.085,4892.085
2610282,385996,0.0,87,-79.0,-79.0,1353.825,1353.825
2821002,257642,1.0,3,-767.0,-768.0,38424.78,38424.78
2826957,396739,1.0,5,-400.0,-444.0,9375.03,9375.03
1111290,388627,1.0,12,-2167.0,-2176.0,5196.555,5196.555
1752743,190903,0.0,41,-315.0,-315.0,223.515,223.515
1052346,230438,1.0,5,-1224.0,-1247.0,10355.58,10355.58
1846186,429420,1.0,7,-692.0,-706.0,5093.415,5093.415
2023761,181294,1.0,3,-466.0,-476.0,10614.555,10614.555
2681789,229524,0.0,113,-142.0,-142.0,136.44,136.44
2397991,109156,1.0,4,-280.0,-301.0,21570.795,21570.795
1766072,386634,0.0,10,-117.0,-117.0,148.5,148.5
1127995,346622,1.0,3,-1820.0,-1848.0,7959.195,7959.195
1739617,347710,1.0,1,-550.0,-567.0,19621.665,19621.665
2158175,271803,0.0,21,-1919.0,-1933.0,9000.0,9000.0
1024734,294964,0.0,56,-1869.0,-1881.0,3375.0,3375.0
2203640,267263,1.0,12,-1552.0,-1580.0,8872.29,34.92
2210663,442567,0.0,57,-1599.0,-1599.0,3375.0,3375.0
2729657,278573,1.0,17,-2564.0,-2559.0,6669.0,3616.02
1622109,117233,1.0,5,-1615.0,-1632.0,12984.75,12984.75
2108270,336580,1.0,5,-374.0,-385.0,14051.43,8146.305
2557706,397848,1.0,11,-1429.0,-1463.0,2899.71,72.9
2332214,122202,0.0,21,-342.0,-342.0,10394.685,10394.685
1318436,264606,2.0,3,-561.0,-574.0,23427.45,23427.45
1891195,114347,0.0,43,-626.0,-645.0,2250.0,2250.0
1436505,342186,1.0,3,-2091.0,-2115.0,4996.35,4996.35
2075342,125585,1.0,5,-80.0,-90.0,27288.0,27288.0
2394324,448675,2.0,8,-447.0,-466.0,136227.645,136227.645
2765355,230633,1.0,8,-2320.0,-2329.0,10226.97,10226.97
2002686,222648,1.0,4,-271.0,-286.0,15642.315,15642.315
1384161,431526,1.0,3,-1066.0,-1062.0,8279.235,8140.5
1963952,376697,1.0,20,-359.0,-360.0,14810.94,14810.94
2155485,103134,5.0,8,-61.0,-83.0,6364.44,6364.44
2693763,336673,1.0,1,-567.0,-581.0,13409.28,13409.28
1286321,112679,0.0,33,-839.0,-839.0,2250.0,2250.0
2479559,163307,0.0,109,-1471.0,-1471.0,1125.0,1125.0
1238297,230438,0.0,18,-82.0,-93.0,14496.21,14496.21
1128593,355672,1.0,13,-1265.0,-1264.0,9397.755,9397.755
1905301,353950,0.0,31,-243.0,-255.0,8591.49,8591.49
1381869,113620,0.0,6,-167.0,-177.0,8283.015,8283.015
2671194,127573,1.0,1,-510.0,-513.0,7208.91,7208.91
1665244,127650,0.0,13,-2817.0,-2817.0,985.14,985.14
1365393,141533,1.0,5,-72.0,-93.0,7466.67,45000.0
1377471,300638,0.0,43,-2207.0,-2207.0,154.935,154.935
1839470,332046,1.0,1,-611.0,-620.0,14379.48,14379.48
2140302,446625,0.0,103,-415.0,-415.0,424.89,424.89
1568042,170395,6.0,3,-202.0,-217.0,30763.44,54900.0
2074948,420643,1.0,3,-903.0,-913.0,9305.01,9305.01
2315817,190297,0.0,92,-227.0,-230.0,3375.0,3375.0
1471601,252783,0.0,74,-982.0,-970.0,6750.0,4500.0
2008201,381926,3.0,4,-239.0,-281.0,14758.065,14758.065
1751718,179611,1.0,9,-334.0,-350.0,30721.59,30721.59
1724256,121600,1.0,6,-2199.0,-2204.0,13734.63,13734.63
2428690,149272,0.0,3,-590.0,-590.0,11250.0,11250.0
2462040,128516,1.0,12,-1327.0,-1331.0,7579.98,7579.98
1304955,114410,1.0,9,-841.0,-840.0,25452.81,25452.81
1497452,153867,1.0,5,-1430.0,-1434.0,5966.64,5966.64
2523689,302959,1.0,4,-823.0,-829.0,20592.0,20592.0
1290405,328308,0.0,61,-957.0,-957.0,54.855,54.855
1244072,308579,7.0,6,-485.0,-489.0,47326.455,47326.455
2635154,198679,1.0,12,-473.0,-501.0,3810.6,3717.9
1975333,252957,1.0,4,-1451.0,-1458.0,4657.32,4657.32
1020668,357204,1.0,6,-1651.0,-1659.0,13765.14,13765.14
2835798,321416,0.0,14,-134.0,-134.0,361.89,361.89
1007671,121280,1.0,12,-1092.0,-1107.0,15246.585,15246.585
2567651,448003,0.0,73,-1011.0,-1041.0,70.2,70.2
2765595,149158,1.0,2,-1563.0,-1580.0,14382.045,14382.0
1436773,409292,1.0,5,-468.0,-485.0,12119.4,12119.4
1258360,406732,0.0,78,-592.0,-592.0,2419.74,2419.74
1078293,235597,1.0,12,-578.0,-603.0,27782.955,27782.955
1318585,181366,1.0,8,-401.0,-508.0,3902.265,3902.265
1027831,341183,2.0,5,-2514.0,-2514.0,51790.635,51790.635
1825840,294638,0.0,83,-28.0,-28.0,64.62,64.62
1914937,216096,0.0,30,-451.0,-451.0,3.375,3.375
2035558,287522,1.0,4,-605.0,-606.0,25957.395,25957.395
1076347,202693,1.0,6,-184.0,-184.0,20869.65,20869.65
2140214,360040,1.0,7,-1995.0,-1992.0,3001.455,3001.455
2173486,320169,0.0,38,-423.0,-424.0,13500.0,13500.0
1717324,332135,1.0,15,-36.0,-36.0,26362.575,26362.575
2180809,334539,1.0,19,-344.0,-341.0,17803.035,14257.665
1251168,359493,1.0,3,-2269.0,-2280.0,3654.585,3654.585
2803413,240876,0.0,113,-930.0,-930.0,319.635,319.635
2716345,367038,1.0,18,-814.0,-811.0,27861.57,26621.55
1055265,274144,1.0,5,-471.0,-475.0,18675.54,18675.54
2538615,166307,1.0,6,-2432.0,-2444.0,11332.08,11332.08
1486207,200142,1.0,3,-2838.0,-2851.0,16591.5,16591.5
2821995,451686,0.0,46,-1498.0,-1498.0,359.865,359.865
1493865,144216,1.0,10,-2125.0,-2123.0,7109.055,7109.055
1721694,374421,1.0,6,-1466.0,-1468.0,4690.26,4690.26
1561036,436447,0.0,5,-685.0,-687.0,4879.44,4879.44
2062685,425774,1.0,2,-87.0,-101.0,11102.355,11102.355
1263344,195559,1.0,8,-1607.0,-1606.0,8634.78,8634.78
1721864,300922,1.0,5,-1110.0,-1174.0,11543.4,11543.4
1599418,104752,1.0,3,-677.0,-684.0,31275.81,31275.81
1347890,239197,1.0,6,-1096.0,-1101.0,5357.7,5357.7
1054362,339383,1.0,3,-450.0,-453.0,15499.125,15499.125
2661338,231844,1.0,12,-12.0,-18.0,16263.36,16263.36
1028888,405423,1.0,1,-846.0,-857.0,24074.73,24074.73
1384524,233309,1.0,2,-2684.0,-2684.0,25128.18,25128.18
2444940,126229,1.0,13,-62.0,-86.0,4998.105,4998.105
1492611,171963,0.0,67,-696.0,-696.0,9.09,9.09
1007219,338319,1.0,3,-1737.0,-1744.0,7238.61,7238.61
2533507,399836,1.0,4,-2369.0,-2374.0,1793.925,1793.925
1570172,196961,0.0,124,-227.0,-227.0,130.68,130.68
2629943,265124,1.0,4,-2427.0,-2439.0,8484.84,8484.84
2028892,153448,1.0,1,-54.0,-65.0,9583.38,9583.38
1083197,294422,1.0,9,-1320.0,-1343.0,8238.69,176.31
1165117,149282,1.0,4,-154.0,-167.0,15449.085,15449.085
2162684,300277,1.0,6,-517.0,-525.0,20782.62,20782.62
1652437,366086,1.0,4,-1781.0,-1791.0,6858.72,6858.72
1801118,345057,0.0,4,-193.0,-193.0,83.115,83.115
2728960,217170,1.0,4,-2288.0,-2381.0,7240.095,7240.095
2000228,139021,1.0,2,-864.0,-866.0,8543.7,8543.7
1955685,285764,0.0,20,-295.0,-303.0,2250.0,2250.0
2218068,110128,1.0,17,-2025.0,-2022.0,10716.21,10706.805
1762471,187689,2.0,6,-1408.0,-1413.0,26009.55,26009.55
2049121,131697,1.0,6,-836.0,-852.0,38520.0,38520.0
1899012,288630,0.0,17,-731.0,-731.0,1575.0,1575.0
2293608,430772,0.0,54,-1654.0,-1654.0,512.91,512.91
2275296,274390,1.0,16,-1132.0,-1141.0,23217.885,23217.885
2290195,172650,1.0,1,-1381.0,-1399.0,11215.395,11215.395
1690845,252702,0.0,74,-847.0,-873.0,9000.0,9000.0
2661003,210930,1.0,5,-619.0,-619.0,7111.575,7111.575
1160703,408006,1.0,5,-200.0,-216.0,8453.835,8453.835
1469261,439605,0.0,40,-138.0,-137.0,31500.0,31500.0
1309135,325424,0.0,74,-1655.0,-1655.0,457.155,457.155
1212717,245805,1.0,28,-732.0,-729.0,6652.035,4199.445
1537085,239801,1.0,3,-780.0,-791.0,5045.985,5045.985
1332363,319019,1.0,12,-1026.0,-1027.0,3672.63,3672.63
2643768,196249,1.0,10,-2632.0,-2632.0,15815.115,15815.115
1716958,128671,1.0,1,-199.0,-214.0,17565.3,17565.3
1950446,293072,1.0,8,-2874.0,-2869.0,2459.7,2459.7
1843839,411606,1.0,19,-112.0,-117.0,10782.54,10782.54
1314761,354115,1.0,10,-482.0,-520.0,64820.16,64820.16
1947315,256625,1.0,2,-1219.0,-1227.0,18173.745,18173.745
1698034,380734,0.0,101,-577.0,-577.0,3128.805,3128.805
2050268,419571,0.0,8,-248.0,-248.0,106.155,106.155
2764687,265443,1.0,7,-99.0,-105.0,13537.08,13537.08
1449063,162041,1.0,11,-455.0,-470.0,6585.975,6585.975
1844918,205808,1.0,9,-1180.0,-1196.0,3385.755,3385.755
2391445,444739,0.0,41,-1377.0,-1377.0,44.37,44.37
1575281,192831,0.0,53,-408.0,-408.0,181.08,181.08
2134063,172834,1.0,1,-930.0,-943.0,10786.095,10786.095
2220720,399815,1.0,7,-188.0,-190.0,8316.225,8316.225
1675502,122403,1.0,3,-918.0,-920.0,19172.655,19172.655
1268797,341962,0.0,13,-2186.0,-2192.0,4500.0,4500.0
2189542,374323,0.0,16,-48.0,-48.0,17.955,17.955
1691471,251895,1.0,5,-2423.0,-2425.0,17389.8,17389.8
2601379,344159,0.0,4,-158.0,-158.0,4278.015,4278.015
1392040,383401,1.0,1,-936.0,-950.0,15878.925,15878.925
1007854,248371,1.0,8,-826.0,-834.0,7572.78,7572.78
1137612,281978,1.0,20,-974.0,-1012.0,9366.75,9366.75
2628251,125152,1.0,4,-276.0,-279.0,26910.855,26910.855
1033894,246939,1.0,5,-980.0,-1023.0,4078.71,4078.71
2121039,301152,1.0,7,-1273.0,-1277.0,9950.85,9950.85
1351033,152102,1.0,3,-1461.0,-1467.0,5391.54,5391.54
1591141,256930,1.0,4,-241.0,-319.0,5303.97,5303.97
1067489,106941,1.0,9,-2822.0,-2822.0,3736.62,3736.62
2759583,301841,1.0,1,-1351.0,-1360.0,5746.095,5746.095
1449971,204938,0.0,37,-408.0,-408.0,44.325,44.325
2524223,239659,0.0,12,-483.0,-483.0,1408.815,1408.815
1241615,120790,1.0,8,-185.0,-190.0,28532.97,28532.97
1829986,108544,1.0,6,-573.0,-582.0,12857.31,12857.31
1822699,169428,1.0,10,-371.0,-371.0,22176.405,22176.405
2090383,180771,0.0,5,-546.0,-546.0,2250.0,2250.0
2310107,258030,1.0,5,-666.0,-673.0,15717.105,15717.105
2770057,421422,1.0,12,-1209.0,-1224.0,5923.305,5923.305
1675629,211834,0.0,81,-1302.0,-1316.0,5625.0,5625.0
2053309,143701,0.0,26,-2174.0,-2174.0,37.575,37.575
1395726,265370,1.0,4,-6.0,-20.0,10262.43,10262.43
2765068,232071,1.0,22,-611.0,-623.0,6002.055,6002.055
2449901,361736,1.0,24,-379.0,-379.0,13346.865,13346.865
2033610,178631,2.0,3,-1377.0,-1380.0,13593.51,13593.51
2425087,237668,0.0,47,-298.0,-298.0,6872.175,6872.175
1873745,271236,1.0,8,-2174.0,-2176.0,6396.3,6396.3
1324177,309964,0.0,71,-977.0,-977.0,136.98,136.98
1454991,394004,2.0,17,-516.0,-518.0,24970.185,24970.185
2127941,211181,2.0,11,-793.0,-820.0,45177.39,45177.39
1592829,260655,0.0,25,-11.0,-11.0,2415.42,2415.42
2184570,237282,0.0,42,-1751.0,-1751.0,4500.0,4500.0
1716562,122651,1.0,4,-862.0,-977.0,3917.88,3917.88
2032148,206458,0.0,20,-1668.0,-1678.0,2250.0,2250.0
1390940,292463,0.0,8,-707.0,-716.0,6204.15,6204.15
2518399,400544,0.0,14,-161.0,-170.0,7312.905,562.905
2702059,312564,1.0,4,-1545.0,-1553.0,11543.94,11543.94
1298251,306719,1.0,4,-583.0,-613.0,19609.065,1926.675
2807718,212148,1.0,3,-2615.0,-2620.0,15488.82,15488.82
2058619,155659,7.0,14,-562.0,-564.0,47613.6,135172.8
1036115,178353,1.0,2,-2470.0,-2489.0,4827.465,4827.465
1354401,204984,1.0,14,-174.0,-176.0,18115.785,18115.785
1592496,272666,0.0,22,-2513.0,-2513.0,83250.0,83250.0
2627815,162207,2.0,4,-978.0,-994.0,82281.33,82281.33
1787173,394097,1.0,21,-386.0,-417.0,10015.02,1971.36
2377824,371308,0.0,108,-382.0,-382.0,256.86,256.86
1783107,278776,1.0,5,-839.0,-850.0,21438.765,21438.765
1929521,191952,1.0,4,-300.0,-306.0,7056.63,7056.63
1891359,241012,1.0,4,-2172.0,-2182.0,9572.67,9572.67
2819247,242848,1.0,12,-50.0,-50.0,24924.15,24923.385
1664541,108684,0.0,8,-582.0,-582.0,12056.58,12056.58
1825023,331915,0.0,3,-696.0,-708.0,21311.865,21311.865
1031220,427483,5.0,10,-25.0,-28.0,2018.745,14400.0
1151539,369562,1.0,17,-436.0,-441.0,47998.395,47998.395
1537534,417176,0.0,84,-1126.0,-1126.0,481.95,481.95
2143056,171039,1.0,8,-1720.0,-1734.0,13006.8,13006.8
1870932,452217,0.0,16,-1983.0,-2004.0,2250.0,2250.0
1950102,376209,0.0,77,-1303.0,-1303.0,765.135,765.135
2353731,301217,1.0,2,-919.0,-929.0,5808.105,5808.105
1468198,245756,1.0,5,-1070.0,-1102.0,4691.16,527.535
1176613,131974,2.0,11,-1127.0,-1133.0,858845.115,858845.115
2269615,167509,1.0,5,-138.0,-144.0,32852.295,32852.295
2385692,337336,1.0,4,-1105.0,-1108.0,17207.865,17207.865
2118940,453620,0.0,35,-905.0,-905.0,4224.195,4224.195
2546188,217038,1.0,4,-632.0,-633.0,11087.955,11087.955
1679389,245408,3.0,10,-498.0,-498.0,29704.365,29704.365
1205253,222294,0.0,56,-2112.0,-2127.0,4050.0,4050.0
1850035,399101,2.0,2,-513.0,-530.0,178890.93,225034.56
1054290,350789,1.0,3,-1766.0,-1776.0,13278.33,13275.0
2368448,216033,1.0,18,-655.0,-665.0,34490.565,2543.67
2405341,167005,1.0,4,-2122.0,-2116.0,5404.14,4.14
1518374,396020,1.0,13,-618.0,-627.0,15507.72,15507.72
1298828,148608,3.0,11,-17.0,-43.0,48198.42,48198.42
1801200,442950,0.0,20,-532.0,-533.0,18374.085,18374.085
2016481,360106,4.0,9,-979.0,-1015.0,35356.05,35356.05
1926117,330252,1.0,6,-1922.0,-1949.0,6959.88,6959.88
2262388,433602,1.0,13,-2239.0,-2241.0,14666.4,14666.4
1620568,170089,0.0,112,-187.0,-187.0,161.055,161.055
1570218,343226,0.0,27,-743.0,-743.0,669.6,669.6
2126334,307858,0.0,38,-1093.0,-1111.0,7875.0,7875.0
1108406,412480,3.0,21,-70.0,-78.0,4302.0,4302.0
1782188,162917,0.0,60,-780.0,-780.0,38.025,38.025
1298811,272372,0.0,104,-758.0,-774.0,6750.0,6750.0
1110680,188276,8.0,10,-132.0,-137.0,17142.12,22500.0
2262387,416403,2.0,5,-639.0,-644.0,766334.61,766334.61
2258999,240545,1.0,4,-183.0,-185.0,8948.43,8948.43
2126329,313086,1.0,4,-2568.0,-2568.0,8224.695,8224.695
1405647,165698,2.0,20,-457.0,-490.0,12466.035,12466.035
2155310,225621,1.0,9,-1226.0,-1244.0,10486.17,10486.17
1003855,190945,0.0,53,-1139.0,-1139.0,1025.955,1025.955
1262925,343958,0.0,73,-1116.0,-1116.0,323.325,323.325
1736656,362037,1.0,2,-1965.0,-1976.0,25830.27,25830.27
2477870,358248,1.0,6,-1068.0,-1083.0,6714.99,6714.99
1606970,361756,0.0,18,-233.0,-252.0,2250.0,2250.0
1687330,287111,1.0,2,-2126.0,-2137.0,7868.745,7868.745
1170368,318467,1.0,4,-1938.0,-1977.0,4392.9,4392.9
1331668,455656,1.0,18,-651.0,-658.0,15449.355,15449.355
1676126,330809,0.0,69,-1582.0,-1582.0,195.39,195.39
2343763,312526,1.0,14,-240.0,-260.0,22108.275,22108.275
1277187,392025,1.0,12,-1108.0,-1108.0,8191.62,8191.62
2315932,436008,0.0,6,-253.0,-253.0,33.525,33.525
2259570,357663,1.0,15,-2322.0,-2326.0,7262.73,7262.73
1789491,312100,1.0,28,-1579.0,-1583.0,13864.5,13864.5
2200517,157245,1.0,10,-1185.0,-1200.0,14719.05,14719.05
2807273,223521,1.0,6,-1177.0,-1186.0,7086.96,7086.96
1205940,433291,1.0,8,-385.0,-386.0,28502.82,28502.82
1825490,450912,2.0,7,-604.0,-616.0,16037.64,16037.64
2396806,359158,1.0,5,-445.0,-480.0,19172.655,19172.655
1449702,269551,1.0,16,-160.0,-165.0,20518.875,20518.875
1319530,181981,1.0,13,-1854.0,-1882.0,12806.055,4178.34
2318326,272286,0.0,16,-961.0,-976.0,11025.0,11025.0
2797531,418371,1.0,2,-1655.0,-1670.0,9631.44,9631.44
2123304,297918,1.0,2,-2340.0,-2343.0,8177.985,8177.985
1306797,427187,1.0,10,-527.0,-542.0,20254.365,20254.365
1847948,334563,0.0,86,-1726.0,-1756.0,10800.0,10800.0
2727945,264051,6.0,19,-73.0,-73.0,12748.545,12748.545
2715192,118229,1.0,5,-538.0,-565.0,15060.735,58.095
1568554,117119,2.0,5,-1947.0,-1948.0,6898.545,6898.545
2558416,320553,1.0,20,-368.0,-367.0,34897.995,34897.995
2303462,371349,4.0,24,-123.0,-135.0,15073.2,36000.0
1118834,184821,1.0,4,-335.0,-345.0,42337.215,42337.215
1455394,367951,1.0,5,-956.0,-939.0,19858.05,19657.35
2016133,224069,1.0,7,-2425.0,-2428.0,7826.265,7826.265
2522427,122893,1.0,6,-281.0,-290.0,12750.705,12750.705
1360076,120563,0.0,11,-224.0,-233.0,2250.0,1891.755
1557354,108262,0.0,60,-1964.0,-1964.0,24390.0,24390.0
2226665,252437,0.0,28,-1734.0,-1748.0,5625.0,4784.4
2043817,327344,1.0,5,-562.0,-581.0,41527.035,41527.035
1455520,165557,0.0,15,-2085.0,-2108.0,4500.0,4500.0
1889511,227558,1.0,9,-123.0,-128.0,34494.12,34494.12
2076697,333693,1.0,15,-135.0,-157.0,6894.45,6894.45
2476734,421693,0.0,105,-1211.0,-1211.0,22440.915,22440.915
2408433,391345,1.0,15,-577.0,-605.0,16206.525,16206.525
2109145,396081,1.0,9,-1161.0,-1167.0,25263.0,25263.0
2720870,103504,0.0,27,-1701.0,-1716.0,9000.0,9000.0
2304178,325065,1.0,2,-1436.0,-1487.0,6750.045,6750.045
2416904,355528,1.0,12,-1680.0,-1696.0,3031.245,3031.245
1315752,256909,1.0,2,-614.0,-621.0,5315.625,5315.625
2584206,190458,1.0,5,-526.0,-539.0,41927.49,41927.49
1000301,327273,1.0,4,-962.0,-971.0,12444.615,12444.615
1305259,430189,0.0,63,-24.0,-23.0,9105.12,9105.12
1005420,404539,1.0,10,-1001.0,-1008.0,2263.95,2263.95
2057696,436835,1.0,1,-1232.0,-1234.0,11223.765,11223.765
2814046,274785,1.0,2,-964.0,-979.0,7271.64,7271.64
2527423,151849,1.0,12,-1662.0,-1656.0,7638.345,7600.59
1783819,160875,1.0,9,-1085.0,-1088.0,7404.39,7404.39
2134735,444741,0.0,50,-926.0,-926.0,81.045,81.045
2319643,435969,1.0,1,-162.0,-169.0,5172.345,5172.345
2679094,254401,2.0,16,-756.0,-764.0,82492.425,82492.425
2658628,234215,0.0,4,-1251.0,-1253.0,22380.3,18867.285
1369326,187334,0.0,11,-2307.0,-2311.0,2250.0,2250.0
1259079,283672,0.0,68,-1279.0,-1279.0,1951.29,1951.29
1132867,242921,0.0,19,-304.0,-303.0,14692.77,14692.77
2629443,158842,0.0,5,-161.0,-169.0,4612.32,4612.32
1974967,198046,1.0,21,-827.0,-824.0,4848.48,3238.29
2820551,344399,1.0,3,-2310.0,-2338.0,18310.68,18310.68
1701487,126007,1.0,1,-1392.0,-1404.0,9608.985,9608.985
1230790,106187,1.0,19,-715.0,-712.0,5145.975,5145.975
2462594,394069,1.0,5,-2248.0,-2255.0,2594.43,2594.43
1488754,433574,0.0,62,-1458.0,-1458.0,205.92,205.92
1678891,113948,1.0,12,-1675.0,-1682.0,6023.97,6023.97
1367160,335004,0.0,100,-207.0,-207.0,2921.04,2921.04
2270291,378129,1.0,3,-2388.0,-2388.0,10332.18,10332.18
2715763,373765,1.0,8,-2253.0,-2258.0,3383.235,3383.235
2448266,180014,1.0,4,-112.0,-128.0,23995.935,23995.935
1520836,439668,1.0,4,-2422.0,-2449.0,16626.195,16626.195
1086896,148897,0.0,79,-1327.0,-1327.0,352.485,352.485
1007633,388999,1.0,5,-1097.0,-1130.0,9123.3,9123.3
1104439,132929,5.0,9,-453.0,-457.0,40058.82,69705.9
2557053,156985,1.0,2,-760.0,-776.0,17439.435,17439.435
1820079,253269,0.0,107,-647.0,-647.0,854.91,854.91
2391407,351360,0.0,28,-203.0,-203.0,169.38,169.38
2452812,132139,1.0,8,-1545.0,-1549.0,7164.45,7164.45
1538949,100253,1.0,5,-2150.0,-2139.0,2732.4,2536.245
1421343,209577,4.0,6,-280.0,-303.0,55647.765,90000.0
1424311,415768,2.0,6,-349.0,-362.0,20285.37,20285.37
1816891,216641,7.0,16,-44.0,-56.0,11748.6,11748.6
1728097,205886,2.0,15,-1318.0,-1325.0,58754.025,58754.025
2240014,122462,1.0,1,-244.0,-258.0,7600.365,7600.365
2112451,343335,1.0,3,-561.0,-565.0,71928.0,71928.0
2166322,162300,2.0,6,-550.0,-577.0,170225.505,170225.505
1684806,176783,1.0,11,-101.0,-108.0,6290.235,6290.235
1747110,383555,1.0,8,-1410.0,-1429.0,11749.68,11749.68
1171725,344514,1.0,9,-1969.0,-1971.0,2597.4,2597.4
1472511,147577,1.0,9,-1182.0,-1184.0,14350.41,14350.41
2204686,142231,0.0,19,-833.0,-833.0,1141.245,1141.245
2581870,164766,1.0,1,-151.0,-171.0,12177.36,12177.36
2347773,336782,0.0,28,-172.0,-172.0,4117.275,4117.275
1569052,146452,1.0,6,-2550.0,-2549.0,3971.88,3971.88
1037893,280774,1.0,3,-1798.0,-1775.0,3110.49,3103.47
2198547,145914,0.0,56,-991.0,-1007.0,6750.0,6750.0
1915562,145974,1.0,5,-767.0,-774.0,53538.57,53538.57
2594312,174477,0.0,3,-2443.0,-2449.0,4500.0,4500.0
2518299,270718,1.0,4,-1822.0,-1828.0,8267.895,8267.895
2632335,279028,0.0,36,-111.0,-111.0,1441.44,1441.44
1826865,190455,1.0,1,-1553.0,-1581.0,13794.84,13794.84
1440277,236265,1.0,2,-519.0,-525.0,15172.02,15172.02
1362194,200391,1.0,4,-2545.0,-2539.0,2852.64,2852.64
1237897,122664,1.0,1,-730.0,-733.0,30074.85,30074.85
2583968,147109,1.0,6,-994.0,-994.0,14123.79,14123.79
1214742,122432,1.0,6,-853.0,-864.0,12708.0,12708.0
2258874,433884,2.0,12,-653.0,-654.0,14475.24,14475.24
1383208,264872,1.0,5,-2438.0,-2417.0,2592.135,2592.135
2080022,450498,0.0,91,-31.0,-31.0,1241.595,1241.595
1024498,148684,1.0,3,-2528.0,-2542.0,25324.65,25324.65
2464271,442545,0.0,55,-264.0,-264.0,80.685,80.685
1139751,293201,5.0,3,-334.0,-337.0,26169.93,180000.0
1671540,322255,1.0,2,-297.0,-350.0,13838.22,13838.22
1413819,139426,0.0,94,-717.0,-717.0,4500.0,4500.0
2241510,201134,0.0,54,-1014.0,-1014.0,9.315,9.315
2028746,228478,1.0,2,-2448.0,-2478.0,3832.875,3832.875
2317819,105767,1.0,4,-1377.0,-1384.0,14167.485,14167.485
2032438,286549,0.0,48,-1031.0,-1031.0,282.96,282.96
2585616,322985,1.0,9,-274.0,-294.0,53355.015,53355.015
1443088,288806,1.0,2,-416.0,-460.0,54713.565,855.405
1034555,130310,7.0,24,-145.0,-189.0,33497.415,33497.415
1868950,247917,1.0,2,-1501.0,-1505.0,10848.78,10848.78
1276350,159607,1.0,3,-996.0,-1016.0,13407.57,13407.57
2253777,439237,0.0,16,-30.0,-32.0,6790.815,6790.815
2712871,278166,1.0,3,-477.0,-477.0,17275.185,17275.185
2632963,263866,1.0,6,-1196.0,-1202.0,17248.095,17248.095
1051628,386531,1.0,1,-782.0,-805.0,4159.71,4159.71
1348862,320514,1.0,16,-1679.0,-1672.0,14103.585,13823.775
1214885,337728,1.0,6,-1465.0,-1470.0,12626.28,12626.28
2773790,309606,1.0,11,-389.0,-404.0,16508.07,16508.07
1815625,113224,1.0,5,-2667.0,-2667.0,10483.965,10483.965
2575578,391609,1.0,10,-984.0,-983.0,22443.525,22443.525
1154042,343180,0.0,24,-9.0,-6.0,13919.265,13919.265
2504912,336144,0.0,20,-113.0,-113.0,22500.0,22500.0
1726873,384281,0.0,16,-2495.0,-2506.0,2250.0,2250.0
1315697,251554,1.0,9,-31.0,-49.0,5296.905,5296.905
2069422,378326,1.0,1,-1165.0,-1172.0,4758.12,4758.12
2623594,451810,0.0,188,-265.0,-265.0,924.795,924.795
1693615,190883,1.0,2,-207.0,-219.0,9137.025,9137.025
2580020,448928,0.0,117,-221.0,-222.0,7875.0,7875.0
2179669,109420,1.0,2,-135.0,-157.0,11712.69,11712.69
1188778,128168,0.0,116,-1264.0,-1264.0,2700.0,2700.0
1333488,353657,1.0,5,-2059.0,-2087.0,9714.33,9714.33
1852599,283219,1.0,8,-2715.0,-2715.0,5424.795,5424.795
1298644,375002,1.0,10,-685.0,-694.0,28105.335,28105.335
1211195,415560,0.0,34,-1943.0,-1943.0,240.93,240.93
2088888,372158,0.0,107,-1389.0,-1389.0,2025.0,2025.0
2804863,363954,1.0,12,-731.0,-728.0,8176.77,8176.77
2074506,347741,0.0,12,-2295.0,-2295.0,437.445,437.445
1280202,141693,0.0,65,-1564.0,-1568.0,7875.0,7875.0
1267703,143616,1.0,6,-2879.0,-2879.0,7204.95,7204.95
1129243,167142,0.0,103,-945.0,-975.0,130.5,2.745
1903215,272405,1.0,9,-887.0,-892.0,12047.625,12047.625
1210878,245143,1.0,2,-388.0,-393.0,6869.655,6869.655
2403860,274569,1.0,6,-540.0,-538.0,11349.9,11349.9
2369094,364266,0.0,31,-1790.0,-1793.0,6750.0,6750.0
1940833,383350,0.0,3,-244.0,-257.0,2250.0,2250.0
2584980,213788,0.0,11,-365.0,-365.0,12375.0,12375.0
1489614,434865,0.0,61,-986.0,-986.0,17955.0,17955.0
2341377,229906,0.0,20,-889.0,-873.0,5600.88,5600.88
1973541,211657,1.0,6,-60.0,-103.0,5395.5,5395.5
2174396,403981,1.0,4,-919.0,-918.0,15858.855,15858.855
1012290,149835,0.0,81,-451.0,-451.0,20.205,20.205
1481979,317341,0.0,81,-481.0,-481.0,0.18,0.18
1745324,255779,1.0,1,-349.0,-350.0,19985.13,19985.13
2368778,284961,1.0,28,-508.0,-519.0,14836.95,14836.95
1745523,282868,1.0,1,-782.0,-783.0,16506.9,16506.9
2053572,241612,1.0,1,-772.0,-785.0,2667.645,2667.645
1855437,249264,1.0,10,-413.0,-443.0,17367.3,4614.75
2772507,205574,2.0,30,-68.0,-74.0,281962.44,281962.44
1692055,332321,0.0,42,-1658.0,-1658.0,2250.0,2250.0
1989574,306570,2.0,3,-813.0,-836.0,97792.11,97792.11
2768275,340529,1.0,1,-420.0,-450.0,21706.65,21706.65
1152715,134645,0.0,22,-178.0,-178.0,912.465,912.465
2115857,328762,1.0,7,-102.0,-103.0,34122.6,34122.6
2466508,434979,1.0,6,-284.0,-307.0,48334.95,48334.95
1661677,270521,1.0,9,-1898.0,-1896.0,6817.815,6631.425
2788587,355222,1.0,4,-640.0,-647.0,4924.305,4924.305
1101839,321500,0.0,122,-543.0,-555.0,4500.0,4500.0
1383492,336002,1.0,11,-1370.0,-1394.0,5903.82,1.8
2842488,347671,1.0,6,-1635.0,-1649.0,4754.475,4754.475
2069378,413284,1.0,1,-918.0,-937.0,2914.155,2914.155
1351286,116406,0.0,58,-1348.0,-1348.0,662.265,662.265
1187813,311518,0.0,9,-1023.0,-1037.0,9347.94,9347.94
2640983,323215,0.0,13,-894.0,-894.0,478.575,478.575
1310331,393285,0.0,29,-730.0,-738.0,2456.64,120.42
1055716,154411,2.0,2,-474.0,-476.0,99656.955,99656.955
2238784,389998,0.0,107,-395.0,-421.0,3375.0,3375.0
1672090,422969,1.0,1,-1627.0,-1644.0,19574.55,19574.55
1418117,125738,2.0,1,-206.0,-219.0,32490.945,32490.945
1799024,334183,1.0,9,-1214.0,-1222.0,13059.0,13059.0
2429559,291969,0.0,16,-168.0,-168.0,699.57,699.57
1055825,351772,1.0,16,-163.0,-206.0,31148.955,31148.955
1100092,175971,1.0,6,-770.0,-795.0,4645.44,4645.44
2702075,180487,1.0,22,-562.0,-576.0,7946.64,7946.64
2567664,313176,0.0,70,-1143.0,-1143.0,27.045,27.045
1498361,276298,1.0,5,-203.0,-207.0,26191.395,26191.395
2083117,370332,0.0,41,-978.0,-978.0,254.295,254.295
1926094,419018,1.0,7,-520.0,-526.0,11637.63,11637.63
1635052,150384,1.0,4,-157.0,-161.0,7134.48,7134.48
1463866,147552,1.0,14,-574.0,-580.0,11302.605,11302.605
2208595,443636,1.0,15,-440.0,-442.0,7870.05,7870.05
1388423,308990,0.0,54,-1769.0,-1780.0,4500.0,4500.0
1681467,294744,0.0,23,-2520.0,-2524.0,6750.0,6750.0
1201622,210583,0.0,106,-548.0,-561.0,13500.0,6750.0
1136483,149693,1.0,8,-1292.0,-1293.0,9615.015,9615.015
1852060,207909,0.0,10,-2900.0,-2905.0,4500.0,4500.0
1232626,217696,1.0,1,-2348.0,-2367.0,9613.845,9613.845
2618890,284987,1.0,3,-253.0,-261.0,9830.97,9830.97
2736475,259009,1.0,7,-2541.0,-2540.0,8295.75,8295.75
1158409,319490,0.0,84,-1015.0,-1015.0,139.815,139.815
1382586,242635,0.0,1,-242.0,-243.0,2343.33,2343.33
1006431,213202,1.0,5,-1584.0,-1615.0,3509.145,3509.145
2491762,123441,0.0,56,-959.0,-967.0,6750.0,6750.0
2277532,196400,1.0,2,-923.0,-928.0,12517.245,12517.245
2371017,450139,0.0,19,-948.0,-950.0,6750.0,6750.0
2824001,211697,1.0,3,-2567.0,-2583.0,10271.475,10271.475
1260526,398113,1.0,4,-2732.0,-2753.0,14499.54,14499.54
1850768,385661,1.0,10,-1537.0,-1551.0,25511.22,25497.0
1331221,426078,1.0,2,-212.0,-217.0,39604.5,39604.5
2100145,146215,1.0,2,-375.0,-393.0,11071.215,11071.215
1109258,178506,0.0,81,-114.0,-114.0,110.97,110.97
2610998,336713,0.0,38,-410.0,-412.0,2535.39,2535.39
1074962,138434,1.0,8,-2273.0,-2283.0,1651.32,1651.32
2116204,402518,1.0,4,-1361.0,-1377.0,2647.755,2647.755
2413771,441716,0.0,137,-45.0,-47.0,16200.0,16200.0
1760974,432974,0.0,35,-340.0,-349.0,23276.61,23276.61
2120296,432455,0.0,52,-1076.0,-1076.0,111.24,111.24
2075110,340515,1.0,14,-1128.0,-1152.0,1946.295,1946.295
2221845,358366,1.0,2,-787.0,-800.0,12074.31,12074.31
2755059,210625,0.0,62,-652.0,-652.0,76.86,76.86
2272412,348632,0.0,53,-1605.0,-1605.0,408.69,408.69
1993923,162972,0.0,33,-2229.0,-2229.0,5625.0,5625.0
2552387,224074,0.0,34,-344.0,-344.0,270000.0,270000.0
2745807,339140,1.0,8,-421.0,-438.0,11030.265,11030.265
2696957,215679,2.0,6,-1759.0,-1762.0,20153.97,20153.97
1330806,133064,0.0,14,-2013.0,-2013.0,14.31,14.31
1710720,423098,1.0,3,-2022.0,-2028.0,3342.375,3342.375
2543042,333450,1.0,11,-1189.0,-1199.0,2981.115,2981.115
1609683,229474,0.0,64,-2138.0,-2157.0,8100.0,4050.0
1456355,400451,1.0,3,-2151.0,-2172.0,11516.715,11516.715
1620579,179034,1.0,4,-1601.0,-1606.0,4832.46,4832.46
2394014,322093,1.0,2,-2796.0,-2803.0,11917.935,11917.935
1786321,122648,2.0,10,-675.0,-687.0,77249.565,77249.565
2561885,311803,1.0,2,-2587.0,-2594.0,8220.69,8220.69
1003130,134237,2.0,11,-392.0,-394.0,166456.215,166456.215
2060261,101191,1.0,10,-1319.0,-1317.0,24295.59,24255.54
1872973,180332,1.0,10,-1960.0,-1961.0,4071.465,4071.465
1907964,158492,1.0,15,-1455.0,-1454.0,1605.555,1605.555
1182443,142602,1.0,2,-2565.0,-2587.0,14771.79,14771.79
2058289,396277,0.0,16,-2468.0,-2485.0,9000.0,9000.0
1687305,399784,1.0,6,-341.0,-339.0,7241.04,7181.775
1802003,401806,1.0,2,-951.0,-952.0,23567.85,23567.85
1994427,373848,3.0,18,-340.0,-354.0,17177.175,17177.175
2356036,148379,1.0,8,-2091.0,-2110.0,10169.415,10169.415
2761951,227575,1.0,11,-107.0,-119.0,4149.765,4149.765
1488738,121707,2.0,2,-163.0,-182.0,27759.06,27759.06
1573898,241689,2.0,5,-376.0,-388.0,6224.085,6224.085
2480085,132849,3.0,10,-131.0,-132.0,33162.435,33162.435
2214348,207615,0.0,4,-401.0,-401.0,1045.035,1045.035
1193958,305312,1.0,4,-1812.0,-1834.0,3287.925,3287.925
1454951,418599,1.0,9,-2574.0,-2566.0,4158.99,4158.99
1890049,198588,0.0,75,-589.0,-610.0,13500.0,13500.0
1025987,240086,3.0,11,-176.0,-184.0,23078.925,23078.925
1004319,154056,1.0,11,-1286.0,-1289.0,6231.375,6231.375
2140194,376994,1.0,6,-237.0,-247.0,9488.34,9488.34
2537849,342866,1.0,7,-1161.0,-1193.0,8624.565,8624.565
1404798,229900,1.0,3,-993.0,-1001.0,11445.345,11445.345
2521861,228437,0.0,58,-1253.0,-1253.0,370.35,370.35
2685761,184775,1.0,3,-1385.0,-1402.0,14322.06,14322.06
1437503,385188,1.0,4,-84.0,-98.0,7996.725,7996.725
2058697,365889,0.0,3,-2804.0,-2804.0,5625.0,5625.0
2758999,451738,1.0,8,-115.0,-119.0,19291.32,19291.32
1564010,150523,1.0,10,-1069.0,-1071.0,10485.315,10485.315
2778848,101048,1.0,3,-1868.0,-1871.0,10661.985,10661.985
2076856,376010,1.0,6,-1585.0,-1601.0,4949.91,4949.91
2660568,398399,0.0,30,-335.0,-335.0,13500.0,13500.0
1824190,395443,1.0,4,-139.0,-167.0,49638.78,49638.78
2361849,348248,0.0,29,-528.0,-543.0,6436.26,6436.26
2060364,226828,2.0,6,-345.0,-346.0,101331.945,101331.945
1817302,353190,0.0,1,-1133.0,-1141.0,5277.285,5277.285
2820043,140797,1.0,1,-2107.0,-2122.0,21490.56,21490.56
1520452,219140,1.0,9,-1282.0,-1283.0,17920.035,17920.035
2572391,214990,1.0,11,-1236.0,-1257.0,4593.645,4593.645
1216675,384809,0.0,41,-448.0,-451.0,23226.615,23226.615
1635098,398858,1.0,10,-1339.0,-1348.0,19737.945,19737.945
1714595,180481,1.0,3,-466.0,-507.0,14139.135,14139.135
2451512,273810,1.0,14,-425.0,-420.0,10321.695,135.0
1156989,340485,1.0,22,-454.0,-493.0,5816.385,5816.385
1068633,454200,0.0,33,-2180.0,-2180.0,719.145,719.145
2689430,249448,1.0,6,-1288.0,-1308.0,3317.94,3317.94
2251240,419223,1.0,5,-591.0,-598.0,8978.175,8978.175
1710195,345981,0.0,44,-1420.0,-1431.0,5670.0,5670.0
2586911,395814,1.0,2,-701.0,-721.0,39177.81,39177.81
2705344,115133,1.0,3,-267.0,-267.0,31984.695,31984.695
1398879,153558,1.0,13,-635.0,-643.0,12596.535,12596.535
1949592,232883,1.0,7,-707.0,-709.0,43386.03,43386.03
2304359,421153,1.0,10,-1519.0,-1533.0,9765.855,9765.855
2546889,235351,1.0,1,-1168.0,-1195.0,8023.41,8023.41
2644169,436132,1.0,2,-139.0,-153.0,18496.035,18496.035
1009591,279398,1.0,3,-380.0,-378.0,10819.485,4593.285
2158963,356627,0.0,72,-1395.0,-1395.0,1488.96,1488.96
2294279,291072,1.0,5,-2035.0,-2031.0,10153.845,9685.35
1640406,373072,1.0,18,-2106.0,-2099.0,10886.31,10886.31
2475929,321287,0.0,94,-80.0,-98.0,6750.0,6750.0
2138818,271464,1.0,2,-976.0,-975.0,24794.19,24794.19
1064694,390415,0.0,116,-634.0,-634.0,15.21,15.21
1440803,296062,1.0,3,-905.0,-940.0,10907.775,10907.775
2511918,182852,0.0,20,-615.0,-615.0,13342.95,13342.95
2277942,258791,0.0,90,-427.0,-442.0,9112.59,9112.59
1652819,134842,1.0,5,-565.0,-568.0,26029.485,26029.485
1436314,375872,0.0,55,-1400.0,-1407.0,5625.0,5625.0
2600960,405173,0.0,70,-1828.0,-1828.0,450.0,450.0
1508870,265835,1.0,3,-695.0,-713.0,5692.59,5692.59
1334214,278535,2.0,15,-1357.0,-1366.0,64159.02,64159.02
2611299,122699,1.0,1,-555.0,-563.0,113361.795,113361.795
2744740,442626,0.0,33,-192.0,-192.0,24789.15,24789.15
2253610,318121,1.0,2,-577.0,-607.0,105288.345,105288.345
1431647,373364,0.0,51,-2252.0,-2252.0,6750.0,6750.0
2636173,193330,1.0,9,-819.0,-883.0,17040.51,17040.51
1564331,429115,1.0,2,-736.0,-743.0,51863.265,51863.265
1771082,339525,1.0,4,-512.0,-519.0,21709.125,21709.125
1007341,139624,0.0,54,-742.0,-742.0,5181.75,5181.75
1497097,236037,1.0,3,-879.0,-890.0,12476.79,12476.79
1518840,429043,1.0,7,-2840.0,-2864.0,2155.275,2155.275
2665228,219635,1.0,5,-419.0,-430.0,20844.54,20844.54
1056243,179125,0.0,14,-152.0,-152.0,1414.8,1414.8
1773057,413769,1.0,7,-2505.0,-2516.0,4018.725,4018.725
1870757,290298,1.0,14,-608.0,-639.0,83287.71,845.415
1263499,345496,1.0,14,-1188.0,-1203.0,11619.9,11619.9
1261557,290746,0.0,57,-2128.0,-2130.0,16200.0,16200.0
1414862,366594,1.0,1,-2743.0,-2743.0,3587.31,3587.31
1743277,383597,1.0,8,-1328.0,-1356.0,17064.9,17064.9
2220426,180570,0.0,83,-1192.0,-1192.0,3753.765,3753.765
2011088,278647,1.0,9,-747.0,-760.0,16810.605,16810.605
1916221,326513,1.0,15,-171.0,-177.0,4219.11,4219.11
2354835,163180,1.0,10,-179.0,-196.0,16649.505,16649.505
1820112,177895,0.0,31,-377.0,-377.0,9000.0,9000.0
1769085,282702,1.0,11,-191.0,-220.0,7373.25,7373.25
1830283,256007,1.0,7,-2140.0,-2150.0,3101.4,3101.4
1339202,275944,2.0,6,-440.0,-467.0,16821.765,4991.175
2044952,352896,1.0,6,-2173.0,-2178.0,3905.775,3905.775
2696403,377438,2.0,5,-700.0,-699.0,39699.315,39699.315
1768191,388983,1.0,5,-1015.0,-1013.0,10058.13,9790.65
2831607,266696,1.0,2,-178.0,-187.0,16967.475,16967.475
1954806,384897,0.0,14,-2270.0,-2283.0,4500.0,4500.0
2459628,188956,1.0,7,-2146.0,-2156.0,5029.29,5029.29
1660126,227956,1.0,5,-1328.0,-1391.0,2555.775,2555.775
1604568,320546,2.0,3,-622.0,-623.0,34122.6,34122.6
1390802,184813,1.0,5,-446.0,-445.0,15608.16,15608.16
1181295,381442,3.0,6,-733.0,-734.0,54520.065,54520.065
1134711,166667,1.0,3,-1673.0,-1687.0,4525.155,4525.155
2733167,379070,1.0,8,-960.0,-962.0,9005.805,9005.805
1026446,383161,1.0,7,-2567.0,-2565.0,3812.76,3812.76
1435889,307009,1.0,2,-560.0,-571.0,9168.84,9168.84
2545914,114976,0.0,10,-442.0,-442.0,0.765,0.765
2158846,146829,1.0,1,-815.0,-829.0,7146.27,7146.27
1799929,215718,0.0,43,-2534.0,-2534.0,232.335,232.335
2030202,294070,0.0,50,-78.0,-78.0,2509.74,2509.74
2066059,438992,1.0,6,-164.0,-173.0,10275.525,10275.525
1963896,146487,3.0,4,-512.0,-523.0,26202.69,26202.69
1258461,438184,2.0,21,-890.0,-906.0,195846.75,195846.75
1011643,104558,2.0,12,-476.0,-494.0,46774.98,46774.98
1550611,105587,1.0,3,-2531.0,-2531.0,4862.835,4862.835
2074459,432413,0.0,1,-988.0,-994.0,2861.55,2700.0
1418556,237606,1.0,9,-996.0,-994.0,22317.03,15813.27
2286435,118990,1.0,2,-748.0,-755.0,10267.92,10267.92
2014492,372360,1.0,12,-2155.0,-1217.0,6924.06,5.4
1032183,168639,1.0,17,-432.0,-427.0,34718.49,33850.35
2205948,411353,0.0,7,-49.0,-63.0,2250.0,2250.0
1267524,319989,1.0,10,-916.0,-905.0,6794.595,6610.95
2446034,334080,0.0,82,-257.0,-257.0,3104.235,3104.235
2713193,229030,1.0,6,-614.0,-616.0,4673.25,4673.25
2662698,273592,1.0,3,-1890.0,-1894.0,13071.105,13071.105
2048200,452384,0.0,22,-20.0,-20.0,277.92,277.92
2458813,339889,2.0,20,-768.0,-770.0,20992.05,20992.05
1560595,305712,1.0,7,-2123.0,-2131.0,4508.55,4508.55
1075008,116708,2.0,5,-546.0,-546.0,51525.135,78099.39
1931344,135298,2.0,3,-1094.0,-1122.0,34881.84,34881.84
1207039,271785,1.0,1,-1823.0,-1832.0,16426.8,16426.8
1259092,219002,0.0,29,-2814.0,-2828.0,4050.0,4050.0
2760845,378133,0.0,111,-729.0,-729.0,4275.0,4275.0
1307744,326211,1.0,11,-2345.0,-2343.0,15750.495,15750.495
1310570,352839,0.0,17,-2257.0,-2262.0,6750.0,6750.0
1025450,293971,1.0,10,-73.0,-112.0,4123.17,4123.17
1940193,382735,0.0,36,-1956.0,-1956.0,162.135,162.135
1787540,204410,1.0,30,-83.0,-128.0,12522.6,12522.6
2641915,242161,1.0,4,-418.0,-420.0,34882.065,34882.065
1314108,355371,1.0,11,-1769.0,-1772.0,9531.63,9531.63
2308278,110305,1.0,1,-2059.0,-2065.0,28191.51,28191.51
2071031,133789,0.0,20,-1716.0,-1710.0,4500.0,4500.0
1314389,384424,1.0,5,-516.0,-522.0,3029.58,3029.58
1486334,256264,1.0,4,-1134.0,-1125.0,46638.675,25769.7
1431358,407270,1.0,1,-862.0,-878.0,5493.195,5493.195
2260000,314157,1.0,7,-234.0,-260.0,9895.05,9895.05
1339555,352731,1.0,7,-1437.0,-1437.0,28730.25,28730.25
1017314,246400,1.0,1,-850.0,-852.0,8413.2,8413.2
1121496,276807,1.0,2,-1761.0,-1774.0,14168.565,14168.565
1437978,156432,2.0,6,-96.0,-96.0,5007.015,5007.015
2728026,292852,1.0,1,-2290.0,-2297.0,4846.455,4846.455
1564836,317711,2.0,5,-2525.0,-2525.0,13289.805,13289.805
2343620,129578,1.0,2,-262.0,-273.0,4334.67,4334.67
2559321,285914,1.0,11,-1571.0,-1573.0,5773.725,5773.725
1779646,233693,1.0,3,-755.0,-753.0,41182.515,40747.545
1467439,392623,1.0,6,-890.0,-898.0,4631.22,4631.22
1485306,393278,0.0,1,-506.0,-518.0,4746.6,4746.6
2294099,326349,1.0,6,-628.0,-663.0,27449.82,27449.82
2240595,390977,0.0,100,-871.0,-900.0,13500.0,450.0
2535733,259226,1.0,10,-91.0,-112.0,28679.265,28679.265
1141609,140197,0.0,45,-377.0,-384.0,2250.0,2250.0
2166873,425934,0.0,9,-2806.0,-2825.0,6750.0,6750.0
2784217,269889,1.0,9,-2261.0,-2301.0,2167.83,2167.83
1273925,253937,1.0,3,-2707.0,-2707.0,4294.575,4294.575
1380887,367815,1.0,11,-2208.0,-2212.0,72817.02,72817.02
1287412,429226,1.0,4,-1081.0,-1080.0,23715.27,23715.27
2210560,296158,0.0,3,-456.0,-456.0,9876.06,9876.06
1420110,386278,1.0,3,-1360.0,-1362.0,9976.14,9976.14
1519485,114892,0.0,87,-653.0,-653.0,144.585,144.585
1348858,203765,0.0,83,-1419.0,-1419.0,124.83,124.83
1948797,282403,2.0,1,-761.0,-771.0,38350.845,57523.5
1001671,415279,1.0,11,-167.0,-169.0,12317.04,12317.04
1617768,388359,1.0,7,-426.0,-435.0,24146.82,24146.82
1467592,336344,2.0,6,-455.0,-464.0,6634.845,10028.295
2203591,246443,1.0,7,-269.0,-450.0,5232.915,5232.915
2287287,165358,1.0,34,-106.0,-112.0,24786.45,24786.45
1691381,102130,1.0,1,-2619.0,-2623.0,4817.79,4817.79
1748871,229211,1.0,9,-2015.0,-2016.0,12492.315,12492.315
1462379,308873,1.0,1,-755.0,-784.0,23251.5,23251.5
2652019,445660,0.0,24,-1527.0,-1539.0,9000.0,9000.0
2710021,251576,1.0,4,-510.0,-510.0,48196.845,48196.845
1255035,314334,1.0,9,-451.0,-461.0,7373.25,7373.25
2023881,204920,1.0,10,-2053.0,-2094.0,14223.69,14223.69
2214350,307074,0.0,54,-159.0,-161.0,12545.37,12545.37
1466019,125110,1.0,4,-141.0,-160.0,7714.575,7714.575
1044339,292808,3.0,5,-210.0,-221.0,25968.42,25968.42
1574339,245436,1.0,10,-1137.0,-1144.0,39918.33,39918.33
1621489,380539,8.0,107,-347.0,-333.0,2002.5,2002.5
2792209,286396,0.0,59,-983.0,-986.0,9000.0,9000.0
1152162,257569,0.0,29,-1764.0,-1776.0,9000.0,9000.0
1921470,149909,1.0,4,-1694.0,-1731.0,7227.765,7227.765
2705264,146338,1.0,7,-2530.0,-2530.0,5937.57,5937.57
2173764,100722,1.0,8,-2604.0,-2604.0,6060.915,6060.915
1555578,294812,0.0,9,-363.0,-381.0,21478.95,21478.95
1982837,292892,1.0,18,-423.0,-425.0,20048.85,20048.85
1079000,436850,1.0,15,-216.0,-246.0,20252.7,20252.7
1100288,134053,0.0,17,-2379.0,-2379.0,14829.39,14829.39
2748975,276686,1.0,9,-2318.0,-2310.0,3601.125,3601.125
2206175,279751,1.0,19,-53.0,-69.0,12390.66,12390.66
1221164,430634,1.0,6,-200.0,-207.0,10935.45,10935.45
1290281,214440,1.0,10,-214.0,-222.0,7276.5,7276.5
1865619,274106,1.0,10,-172.0,-189.0,4383.72,4383.72
1386347,145966,0.0,117,-32.0,-32.0,1.71,1.71
1330779,340471,0.0,133,-554.0,-554.0,13500.0,13500.0
2413643,264916,2.0,7,-449.0,-457.0,85384.845,85384.845
1154530,196622,1.0,1,-2001.0,-2005.0,3372.12,3372.12
2559300,454233,1.0,10,-1155.0,-1157.0,14742.0,14742.0
1310175,169540,1.0,4,-309.0,-341.0,11387.025,11387.025
1026593,228321,1.0,6,-1300.0,-1310.0,23965.83,23965.83
1697159,272638,0.0,15,-717.0,-725.0,11957.805,11957.805
1292048,284284,1.0,12,-1185.0,-1203.0,1617.57,1617.57
1008440,397322,1.0,22,-1704.0,-1698.0,11141.28,7.38
1385268,332617,1.0,8,-455.0,-463.0,8644.59,8644.59
2738335,199945,1.0,7,-777.0,-793.0,11616.39,11616.39
1879866,170646,1.0,2,-554.0,-565.0,6255.855,6255.855
1643138,417812,1.0,6,-2547.0,-2548.0,7275.285,7275.285
1351212,301480,0.0,96,-528.0,-528.0,46.215,46.215
1891014,443332,1.0,6,-906.0,-917.0,12319.2,12319.2
1974852,319312,0.0,114,-321.0,-321.0,4280.445,4280.445
1636084,155718,0.0,17,-710.0,-710.0,111024.63,111024.63
1468352,360710,0.0,3,-760.0,-760.0,9000.0,9000.0
1642670,305500,1.0,1,-845.0,-850.0,11946.195,11946.195
2270073,416123,1.0,5,-2299.0,-2304.0,5619.555,5619.555
2272073,212887,1.0,9,-367.0,-383.0,9951.66,9951.66
1824640,361504,1.0,9,-2341.0,-2341.0,5197.995,5197.995
1948269,268934,3.0,5,-258.0,-271.0,7531.335,7531.335
1942118,261858,1.0,2,-1087.0,-1101.0,22606.245,22606.245
1290636,395603,1.0,3,-2749.0,-2763.0,2733.21,2733.21
1274630,190844,1.0,9,-703.0,-706.0,17077.815,17077.815
1153695,414937,2.0,5,-544.0,-552.0,39751.65,39751.65
1486564,442172,0.0,14,-1950.0,-1958.0,9000.0,9000.0
2556514,314988,0.0,83,-458.0,-458.0,2675.88,2675.88
1837189,320767,1.0,4,-551.0,-561.0,6135.075,6135.075
1514678,257788,0.0,19,-2283.0,-2292.0,9000.0,9000.0
1874520,226908,1.0,4,-1767.0,-1796.0,10573.83,10573.83
1672606,414802,1.0,6,-2046.0,-2057.0,7196.085,7196.085
1930705,337617,1.0,5,-2484.0,-2484.0,5150.97,5150.97
1418127,161888,1.0,3,-1104.0,-1130.0,19448.505,19448.505
2253794,118586,0.0,28,-287.0,-287.0,2286.765,2286.765
2224633,390159,1.0,5,-194.0,-201.0,15954.03,15954.03
1607001,338596,1.0,6,-596.0,-627.0,25692.48,289.8
1613397,379125,0.0,56,-324.0,-335.0,3598.38,3598.38
1230028,434008,1.0,3,-255.0,-264.0,11728.665,11728.665
2300691,343360,0.0,67,-1362.0,-1362.0,4.68,4.68
1211173,241290,0.0,52,-916.0,-916.0,173.925,173.925
1825817,233679,0.0,80,-441.0,-441.0,1341.9,1341.9
1539306,204828,1.0,6,-2193.0,-2200.0,20216.475,20216.475
2303436,443571,1.0,7,-783.0,-803.0,37651.365,3141.81
1591316,212904,1.0,10,-51.0,-59.0,21709.215,21709.215
1532521,277623,1.0,5,-1223.0,-1238.0,8231.31,8231.31
2777346,403946,1.0,4,-1672.0,-1645.0,11036.295,1042.83
2717165,381292,1.0,10,-270.0,-290.0,11524.23,11524.23
1907116,419646,0.0,23,-2506.0,-2521.0,4050.0,4050.0
1226015,242189,1.0,8,-531.0,-537.0,6425.1,501.3
2004287,395745,1.0,10,-1033.0,-1065.0,9716.805,9716.805
1496959,416287,0.0,129,-620.0,-620.0,3375.0,3375.0
2715365,378922,0.0,4,-1125.0,-1134.0,15172.605,15172.605
2583416,169338,1.0,10,-2683.0,-2682.0,5697.54,151.74
1903281,424106,1.0,5,-65.0,-68.0,21747.825,21747.825
1287005,348054,1.0,10,-1170.0,-1188.0,14006.52,14006.52
1621773,327526,1.0,5,-873.0,-902.0,22176.405,754.38
1374420,403891,1.0,4,-820.0,-844.0,48950.685,48950.685
2158104,403375,0.0,25,-880.0,-881.0,2296.485,2296.485
2032118,313195,0.0,59,-1846.0,-1846.0,41.31,41.31
2609313,261159,1.0,1,-1084.0,-1094.0,18047.475,18047.475
1372216,291855,0.0,5,-434.0,-441.0,3442.815,2797.65
1075339,385059,1.0,10,-191.0,-191.0,8881.92,8881.92
2706634,349613,1.0,5,-49.0,-53.0,11190.78,11190.78
2529207,444879,1.0,11,-713.0,-717.0,9892.53,9892.53
1461588,328101,1.0,20,-13.0,-33.0,5490.45,5490.45
1443668,310211,0.0,27,-2074.0,-2074.0,720.0,720.0
1497140,235277,1.0,6,-2155.0,-2163.0,33693.165,33693.165
1077171,111854,1.0,8,-30.0,-30.0,39768.345,39768.345
2462025,260550,1.0,2,-1354.0,-1378.0,12880.98,12880.98
1182784,356293,1.0,9,-1372.0,-1368.0,16542.405,16542.405
1569871,442149,1.0,9,-1921.0,-1930.0,7643.925,7643.925
1773804,279310,1.0,2,-2429.0,-2426.0,26576.55,26576.55
2118648,159430,1.0,12,-51.0,-51.0,22705.695,22705.695
2553074,232637,1.0,2,-2458.0,-2463.0,6755.175,6755.175
1666470,259363,1.0,3,-930.0,-941.0,11175.525,11175.525
2716474,226371,1.0,10,-1318.0,-1320.0,20564.235,20564.235
2581673,182382,0.0,48,-2317.0,-2329.0,3375.0,3375.0
2074102,318887,0.0,24,-230.0,-230.0,4848.435,4848.435
2831734,268003,1.0,4,-2628.0,-2665.0,1610.82,1610.82
2162392,438874,0.0,60,-1227.0,-1240.0,9000.0,9000.0
2116699,318130,0.0,23,-692.0,-702.0,7035.705,7035.705
1623495,232041,0.0,47,-1760.0,-1762.0,7875.0,7875.0
1693974,224605,0.0,12,-594.0,-594.0,4634.1,4634.1
1057929,154580,1.0,14,-176.0,-176.0,8419.365,8419.365
1568173,124428,1.0,7,-2172.0,-2174.0,19684.8,19684.8
2818356,341461,1.0,2,-802.0,-804.0,12481.425,12481.425
1978773,350201,1.0,4,-2766.0,-2776.0,3266.955,3266.955
1984008,306528,0.0,43,-510.0,-512.0,5819.76,5819.76
2259046,216328,1.0,8,-418.0,-420.0,10424.61,10424.61
1792750,169170,1.0,6,-2171.0,-2176.0,4479.435,4460.49
2721187,412939,1.0,10,-717.0,-720.0,33774.84,33774.84
1659074,216720,1.0,11,-419.0,-429.0,69760.755,69760.755
1277165,137054,1.0,4,-2401.0,-2437.0,3998.205,3998.205
1666628,305385,0.0,38,-1763.0,-1763.0,2250.0,2250.0
2257197,181367,1.0,12,-1271.0,-1284.0,5346.36,5346.36
1853862,305321,0.0,1,-2497.0,-2506.0,4500.0,4500.0
2407724,434111,1.0,9,-2167.0,-2182.0,7785.855,7785.855
1465038,236866,0.0,43,-1508.0,-1521.0,4500.0,4500.0
1410039,406093,1.0,4,-1457.0,-1471.0,4391.865,4391.865
1712149,284887,3.0,2,-704.0,-707.0,1784.16,1784.16
2482661,223599,1.0,9,-1864.0,-1871.0,3196.305,3196.305
2783765,396173,1.0,2,-1936.0,-1948.0,3605.04,3605.04
2686895,409563,1.0,2,-2688.0,-2706.0,8110.305,8110.305
1039796,348487,1.0,11,-215.0,-244.0,16822.215,347.85
1061218,390785,0.0,23,-2831.0,-2831.0,4050.0,4050.0
2113288,135196,1.0,6,-1312.0,-1312.0,32598.0,32598.0
2246252,428390,0.0,12,-1757.0,-1757.0,121950.0,121950.0
2347988,355100,0.0,39,-2142.0,-2142.0,1125.0,1125.0
2328035,442264,1.0,10,-319.0,-333.0,7907.895,7907.895
2218239,300777,1.0,18,-1057.0,-1073.0,21054.195,21054.195
2829555,264451,1.0,6,-1113.0,-1117.0,4085.19,4085.19
1688103,248544,1.0,3,-1647.0,-1651.0,10823.67,10823.67
1617446,338183,0.0,82,-747.0,-747.0,1322.325,1322.325
1343704,190598,1.0,10,-121.0,-123.0,16097.085,16097.085
2507539,395317,1.0,10,-445.0,-452.0,51732.765,51732.765
1810857,320556,0.0,33,-1455.0,-1477.0,6750.0,6750.0
1412852,215457,0.0,12,-2758.0,-2756.0,3375.0,3375.0
1931586,101403,0.0,20,-697.0,-701.0,2250.0,2250.0
1760985,273614,0.0,89,-358.0,-358.0,13500.0,13500.0
2563045,114547,1.0,15,-2420.0,-2416.0,9441.54,5634.225
2538318,225120,1.0,5,-2511.0,-2512.0,5246.01,5246.01
2304167,285391,0.0,59,-960.0,-960.0,226.305,226.305
1425539,445057,1.0,18,-983.0,-1006.0,9033.705,9033.705
1522341,381758,1.0,2,-1854.0,-1855.0,7627.05,7627.05
1695036,152739,1.0,11,-80.0,-89.0,27449.82,27449.82
2054241,378293,1.0,8,-1526.0,-1543.0,3184.74,3184.74
1849293,308244,0.0,3,-715.0,-732.0,11504.295,11504.295
1060749,170120,1.0,11,-748.0,-730.0,18490.5,4.5
2716443,250596,1.0,5,-1704.0,-1720.0,6343.875,6343.875
2290998,248327,1.0,5,-1706.0,-1740.0,18757.26,3.42
1132429,268120,1.0,11,-669.0,-674.0,23270.445,23270.445
2714385,113631,0.0,3,-329.0,-337.0,2250.0,2250.0
2303682,239951,0.0,46,-1416.0,-1429.0,9000.0,9000.0
1749993,288723,1.0,1,-22.0,-52.0,39460.23,39460.23
2181116,230370,0.0,104,-127.0,-127.0,770.535,770.535
1008387,314127,1.0,12,-761.0,-769.0,7206.705,7206.705
1439179,355412,1.0,4,-1327.0,-1331.0,11645.055,11645.055
1319647,198274,1.0,16,-2170.0,-2172.0,3121.155,3121.155
1101099,249384,1.0,8,-893.0,-922.0,13127.22,13127.22
1517376,454042,1.0,1,-2883.0,-2883.0,5066.685,5066.685
1744985,389351,0.0,39,-1908.0,-1920.0,5625.0,5625.0
1746367,333370,1.0,27,-200.0,-245.0,16371.0,16371.0
2414855,382934,5.0,15,-83.0,-84.0,38879.775,38879.775
1981178,201391,0.0,35,-1758.0,-1768.0,3375.0,3375.0
1490947,208479,1.0,9,-1160.0,-1170.0,8787.24,8787.24
1923178,384199,0.0,38,-2116.0,-2116.0,1125.0,1125.0
1219761,336187,1.0,1,-644.0,-651.0,14871.24,14871.24
1880651,427394,1.0,7,-305.0,-318.0,33643.845,1983.285
2248905,230442,1.0,1,-168.0,-170.0,7493.4,7493.4
2613266,257796,1.0,19,-330.0,-328.0,35577.72,35158.545
2458355,174298,0.0,26,-616.0,-616.0,177.75,177.75
2537432,233268,1.0,5,-777.0,-759.0,6190.605,6190.605
2242548,315465,1.0,2,-700.0,-712.0,8237.745,8237.745
2476354,432759,1.0,1,-1407.0,-1421.0,16411.365,16411.365
1111620,442285,1.0,9,-2603.0,-2634.0,10065.51,10065.51
2428200,364393,1.0,3,-2593.0,-2593.0,3692.07,3692.07
1412880,324959,0.0,34,-1752.0,-1752.0,49365.0,49365.0
1104435,238409,1.0,6,-1624.0,-1625.0,7037.01,7037.01
1332152,380983,1.0,4,-1683.0,-1696.0,18638.82,18638.82
2570455,372500,1.0,1,-2597.0,-2621.0,13170.195,13170.195
1105115,341372,1.0,13,-287.0,-314.0,6930.99,6930.99
2730117,405562,1.0,11,-1868.0,-1846.0,12734.19,12342.24
1624473,278155,1.0,13,-372.0,-373.0,54602.46,54602.46
1802148,129853,1.0,3,-653.0,-655.0,40002.975,40002.975
2058808,424689,0.0,20,-1216.0,-1220.0,4725.0,4725.0
1444482,292151,0.0,16,-2105.0,-2106.0,3375.0,3375.0
1881620,138513,1.0,5,-349.0,-371.0,17079.255,7057.98
2085544,450609,0.0,68,-1045.0,-1045.0,70.38,70.38
1417348,267966,0.0,42,-2371.0,-2390.0,9000.0,9000.0
2610288,313128,1.0,6,-1698.0,-1698.0,7914.87,7914.87
2477901,371723,1.0,7,-1678.0,-1713.0,11132.145,460.71
2327461,172236,1.0,7,-474.0,-496.0,11900.7,11900.7
2395322,211159,1.0,4,-541.0,-556.0,74038.23,74038.23
2751562,273402,1.0,22,-559.0,-590.0,5608.71,5608.71
2220049,340332,1.0,9,-155.0,-177.0,11608.38,11608.38
2448092,240546,1.0,2,-981.0,-991.0,4301.28,4301.28
1840050,271282,1.0,9,-2758.0,-2763.0,7374.78,7374.78
2394128,209264,1.0,13,-274.0,-283.0,4636.035,4636.035
1165748,101833,1.0,7,-420.0,-434.0,6564.87,6564.87
1610936,455704,1.0,1,-462.0,-492.0,23182.74,23182.74
1030867,283055,1.0,12,-1593.0,-1605.0,1859.625,1859.625
2793680,428801,1.0,1,-506.0,-515.0,4488.57,4488.57
2024290,310927,0.0,10,-68.0,-68.0,147142.17,147142.17
2225714,257680,0.0,88,-84.0,-91.0,13500.0,13500.0
2636273,310144,1.0,5,-810.0,-810.0,7048.8,7048.8
1634411,400407,1.0,10,-2325.0,-2357.0,25755.075,85.005
2504718,121040,1.0,21,-870.0,-900.0,7558.47,30.6
2497588,132274,1.0,5,-20.0,-28.0,19269.855,19269.855
2731539,119619,1.0,11,-1218.0,-1198.0,8072.19,6666.21
1177010,329418,0.0,24,-90.0,-87.0,6315.615,6315.615
1509245,358350,0.0,84,-1127.0,-1127.0,350.505,350.505
1368283,451377,0.0,32,-465.0,-465.0,1344.015,1344.015
1750306,290049,1.0,4,-2000.0,-2070.0,8681.04,8681.04
1944716,415668,1.0,9,-196.0,-207.0,8366.22,8366.22
2094960,395080,0.0,9,-534.0,-536.0,3145.725,3145.725
2440092,253828,1.0,1,-732.0,-742.0,7999.785,7999.785
1229752,433511,0.0,116,-916.0,-942.0,3375.0,3375.0
2177238,401853,0.0,35,-83.0,-87.0,2250.0,2250.0
2463199,424263,0.0,112,-358.0,-372.0,9000.0,9000.0
1396255,295204,1.0,17,-147.0,-159.0,52026.165,52026.165
1586476,168436,1.0,10,-92.0,-102.0,4320.18,4320.18
2208539,140050,1.0,6,-1658.0,-1681.0,15582.33,15582.33
2118617,279336,0.0,33,-388.0,-393.0,8864.055,8864.055
2733343,229482,1.0,3,-975.0,-983.0,41901.48,41901.48
2804952,234540,1.0,12,-1001.0,-1002.0,10884.6,10884.6
1356654,320960,1.0,3,-2606.0,-2621.0,1961.82,1961.82
2300800,362971,1.0,7,-451.0,-453.0,31406.31,31406.31
1621735,425576,6.0,13,-508.0,-517.0,29603.475,57179.205
1288694,236085,1.0,11,-596.0,-605.0,14576.49,14576.49
1450199,266354,0.0,19,-2429.0,-2429.0,9000.0,9000.0
2749240,448119,0.0,36,-1701.0,-1701.0,225.0,225.0
1188872,260640,0.0,3,-2394.0,-2408.0,3375.0,3375.0
2508087,322440,0.0,13,-2066.0,-2073.0,9000.0,9000.0
2388698,246910,0.0,164,-968.0,-968.0,14400.0,14400.0
2100587,113003,1.0,9,-474.0,-535.0,6155.685,6155.685
1387499,452116,2.0,3,-1159.0,-1159.0,76580.28,76580.28
1782272,308608,0.0,66,-1227.0,-1227.0,45.63,45.63
1745209,399663,0.0,53,-1093.0,-1093.0,1.44,1.44
1645550,146277,0.0,78,-714.0,-714.0,149.895,149.895
1716525,158436,0.0,73,-1777.0,-1789.0,4050.0,4050.0
2366477,371309,0.0,3,-2725.0,-2733.0,4500.0,4500.0
1320256,218532,1.0,2,-2213.0,-2221.0,9531.045,9531.045
2675948,322770,1.0,3,-813.0,-835.0,10564.335,10564.335
2372144,446240,1.0,2,-2563.0,-2584.0,2315.97,2315.97
1235562,201791,0.0,87,-957.0,-957.0,209.565,209.565
1905297,309235,1.0,4,-804.0,-867.0,7567.2,7567.2
2716584,384425,1.0,17,-1246.0,-1252.0,14273.055,14273.055
2320263,444850,1.0,5,-866.0,-868.0,30365.865,30365.865
1076858,412363,0.0,71,-530.0,-530.0,61.83,61.83
1770586,372771,3.0,11,-193.0,-184.0,16538.85,6310.8
1939849,195998,1.0,3,-887.0,-903.0,3630.15,3630.15
1639186,178900,0.0,82,-1088.0,-1088.0,11115.0,11115.0
2772718,249153,1.0,6,-937.0,-945.0,9676.395,9676.395
1377524,433196,1.0,5,-724.0,-752.0,12385.575,12385.575
1375305,168217,1.0,3,-697.0,-724.0,10266.03,10266.03
1514931,241335,0.0,46,-1305.0,-1314.0,9000.0,9000.0
2270176,365206,1.0,9,-282.0,-306.0,3205.215,3205.215
1270510,155339,1.0,4,-272.0,-277.0,24508.215,24508.215
1729456,405029,2.0,11,-75.0,-78.0,19084.095,19084.095
1644209,430145,1.0,14,-564.0,-567.0,26321.895,26321.895
1376788,385800,0.0,40,-73.0,-73.0,12600.0,12600.0
2627793,253686,1.0,3,-2673.0,-2687.0,2523.87,2523.87
1034336,143389,1.0,1,-349.0,-358.0,7255.35,7255.35
2100476,196754,1.0,1,-1132.0,-1162.0,38232.0,38232.0
1045607,434082,0.0,11,-153.0,-153.0,191.025,191.025
2335969,227939,1.0,1,-371.0,-395.0,14309.91,14309.91
1356027,357367,1.0,16,-291.0,-294.0,42774.12,42774.12
1540411,308298,1.0,11,-2544.0,-2544.0,7531.605,7531.605
1678527,245340,1.0,4,-447.0,-461.0,7375.815,7375.815
2831892,159549,2.0,10,-853.0,-862.0,205633.665,205633.665
1540287,115009,1.0,11,-1007.0,-1031.0,3988.575,3988.575
1921069,172600,2.0,21,-758.0,-787.0,73621.44,73621.44
1302263,405559,0.0,12,-941.0,-941.0,4275.0,4275.0
2166619,337558,1.0,9,-713.0,-714.0,10043.775,10043.775
2126624,309356,1.0,14,-47.0,-48.0,4765.815,4765.815
1052828,417714,1.0,3,-1472.0,-1473.0,4256.685,4256.685
1082545,332008,1.0,3,-1150.0,-1197.0,11431.665,11431.665
1083456,193268,1.0,3,-1331.0,-1346.0,15083.235,15083.235
1557528,169960,1.0,3,-486.0,-479.0,11097.0,30.51
2183883,322903,1.0,2,-539.0,-579.0,42306.795,443.205
1622120,391248,0.0,113,-1293.0,-1296.0,5400.0,5400.0
1728164,254502,1.0,7,-269.0,-286.0,4473.18,4473.18
1982235,137954,0.0,36,-72.0,-72.0,63000.0,63000.0
2088442,273399,0.0,26,-24.0,-24.0,69.345,69.345
2116489,273568,1.0,7,-611.0,-635.0,47204.325,18229.05
1376792,422736,0.0,27,-364.0,-364.0,129.78,129.78
2697185,377952,1.0,11,-380.0,-407.0,19074.24,19074.24
1926778,431697,1.0,3,-1033.0,-1037.0,4787.19,4787.19
2662763,329182,1.0,10,-71.0,-93.0,15454.44,15454.44
1665244,127650,0.0,143,-17.0,-17.0,4398.48,4398.48
2293044,310864,1.0,4,-718.0,-732.0,20873.79,20873.79
2636409,380947,2.0,6,-19.0,-48.0,200678.535,200678.535
1419771,123991,0.0,12,-2597.0,-2597.0,75375.0,75375.0
1117277,222151,1.0,6,-1491.0,-1501.0,3529.98,3529.98
2403253,314819,1.0,19,-1758.0,-1761.0,12277.8,12277.8
1386342,126992,0.0,41,-1935.0,-1952.0,52.47,52.47
1641906,397582,1.0,3,-2371.0,-2374.0,9810.855,9810.855
2050334,138591,1.0,21,-2168.0,-2173.0,9127.35,9127.35
1772938,229284,1.0,7,-88.0,-99.0,8342.19,8342.19
2035208,208513,1.0,11,-1183.0,-1191.0,20646.9,20646.9
1584407,375207,0.0,24,-349.0,-349.0,4500.0,4500.0
2682155,398682,1.0,1,-1353.0,-1373.0,31097.475,31097.475
1333318,241684,1.0,3,-571.0,-594.0,11638.215,11638.215
2194468,383947,1.0,5,-2206.0,-2209.0,16656.435,16656.435
1812148,258559,1.0,6,-273.0,-277.0,10061.91,10061.91
2606343,445724,0.0,6,-2142.0,-2153.0,9000.0,9000.0
2707172,242206,0.0,6,-564.0,-564.0,1.485,1.485
2102428,111304,1.0,11,-567.0,-575.0,24702.885,24702.885
1962002,383436,1.0,1,-971.0,-991.0,13255.515,13255.515
2123416,130019,1.0,7,-481.0,-487.0,9107.82,9107.82
1305864,171593,0.0,2,-2527.0,-2530.0,3375.0,3375.0
1891475,306357,2.0,31,-283.0,-287.0,23844.78,23844.78
1453125,146682,0.0,37,-573.0,-574.0,22681.26,22681.26
1058829,165587,1.0,10,-631.0,-643.0,8652.24,8652.24
1762053,106252,2.0,3,-295.0,-318.0,349398.63,349398.63
1705888,151358,1.0,18,-1113.0,-1101.0,13098.6,13098.6
2100914,415539,1.0,8,-2535.0,-2534.0,6631.605,6631.605
1947206,219862,0.0,30,-781.0,-781.0,413.775,413.775
1210469,192546,1.0,7,-2590.0,-2598.0,4447.8,4447.8
2605592,318052,0.0,13,-2159.0,-2159.0,1125.0,1125.0
2559698,304838,1.0,2,-1722.0,-1732.0,21550.32,21550.32
1414463,420357,0.0,13,-395.0,-395.0,861.39,861.39
1270454,352484,2.0,11,-97.0,-105.0,13700.925,13700.925
2458651,333596,1.0,6,-431.0,-446.0,15668.91,15668.91
1132291,116146,1.0,7,-302.0,-302.0,26354.16,26354.16
1310528,118325,1.0,8,-1283.0,-1293.0,6262.875,6262.875
2768467,230496,1.0,12,-1883.0,-1888.0,4860.135,4860.135
1207322,119515,1.0,4,-1684.0,-1686.0,4088.835,4088.835
2465371,444843,2.0,8,-539.0,-560.0,8567.91,8567.91
1075716,388988,1.0,2,-448.0,-449.0,36338.355,36338.355
1648493,236940,1.0,14,-659.0,-701.0,21813.795,21813.795
2464387,125514,0.0,8,-2868.0,-2882.0,6750.0,6750.0
2459867,209485,0.0,6,-271.0,-271.0,2250.0,2250.0
1109193,425139,0.0,10,-1978.0,-1983.0,4500.0,4500.0
2022727,382318,1.0,6,-1624.0,-1626.0,3559.95,3559.95
1180355,417013,1.0,5,-652.0,-654.0,16117.92,16117.92
1499245,355116,0.0,4,-856.0,-856.0,555184.17,555184.17
1386439,302513,1.0,2,-384.0,-388.0,7634.88,7634.88
1135889,282219,0.0,117,-419.0,-419.0,258.795,258.795
1482377,351904,1.0,16,-1048.0,-1098.0,1742.13,1742.13
1585264,210344,0.0,50,-337.0,-337.0,84.645,84.645
1421149,195389,1.0,6,-1710.0,-1715.0,7730.46,7730.46
1736653,248989,1.0,9,-1412.0,-1417.0,13684.59,13647.195
2050864,451570,1.0,1,-633.0,-642.0,54194.175,54194.175
2190914,453932,1.0,4,-625.0,-636.0,28885.905,28885.905
1517858,210183,1.0,8,-2227.0,-2231.0,10492.02,10492.02
1605390,419663,1.0,2,-1206.0,-1188.0,7425.27,3.555
1366918,197231,1.0,10,-2545.0,-2547.0,2261.34,2261.34
2191222,124494,0.0,75,-226.0,-227.0,20668.365,20668.365
1157134,376983,1.0,11,-2201.0,-2197.0,7213.455,7213.455
1159936,266812,1.0,11,-12.0,-21.0,48598.92,48598.92
2339930,243556,2.0,15,-282.0,-284.0,40780.395,40780.395
2127401,429125,1.0,5,-1605.0,-1639.0,3618.72,3618.72
1110601,443613,0.0,19,-1029.0,-1029.0,16465.005,16465.005
1151314,302231,1.0,1,-1251.0,-1266.0,13886.46,13886.46
1940772,258985,1.0,8,-2002.0,-2003.0,16247.16,16247.16
1161504,162004,2.0,6,-761.0,-774.0,93091.14,93091.14
1421341,383737,2.0,7,-832.0,-842.0,22849.515,22849.515
1630042,341416,0.0,40,-782.0,-793.0,18548.685,18548.685
1112612,121879,2.0,17,-1122.0,-1131.0,61999.65,61999.65
1084090,183314,1.0,11,-463.0,-560.0,6887.16,6887.16
2480755,285244,2.0,18,-303.0,-302.0,47799.855,47799.855
1133385,159542,0.0,113,-102.0,-102.0,239.58,239.58
1214854,150424,1.0,6,-2051.0,-2081.0,8610.12,470.385
2092721,334821,1.0,10,-177.0,-184.0,23440.545,23440.545
1057082,434200,1.0,6,-1476.0,-1554.0,5624.955,5624.955
1076850,450996,0.0,32,-2082.0,-2086.0,3375.0,3375.0
2787586,274044,1.0,4,-409.0,-417.0,14272.29,14272.29
2453905,382506,0.0,2,-358.0,-377.0,225.0,225.0
2113871,255934,0.0,68,-1241.0,-1241.0,231.615,231.615
2399399,387413,0.0,94,-413.0,-413.0,60.975,60.975
2516531,444689,1.0,4,-2315.0,-2337.0,8853.615,8853.615
1710102,423331,1.0,12,-1250.0,-1253.0,3327.615,3327.615
1894234,180812,1.0,1,-1564.0,-1572.0,5089.05,5089.05
2011420,304919,0.0,8,-2303.0,-2330.0,6750.0,4725.0
2002324,317446,0.0,58,-1826.0,-1826.0,512.415,512.415
1488257,205457,1.0,3,-1180.0,-1194.0,4875.255,4875.255
2783734,280528,0.0,85,-1191.0,-1097.0,0.225,0.225
2777173,131852,3.0,36,-320.0,-351.0,9139.86,9139.86
1158694,144180,1.0,5,-130.0,-153.0,10821.24,10821.24
1215834,223708,1.0,1,-944.0,-952.0,10907.775,10907.775
1793105,289077,0.0,11,-63.0,-64.0,6904.71,6904.71
2366433,305652,0.0,71,-667.0,-667.0,615.375,615.375
1731017,139513,1.0,27,-255.0,-258.0,41415.3,41415.3
1950540,421981,1.0,18,-472.0,-472.0,12477.735,12477.735
2581682,310371,0.0,99,-1087.0,-1095.0,3375.0,3375.0
1205968,251701,1.0,8,-1779.0,-1791.0,5029.56,5029.56
2496104,367311,1.0,2,-511.0,-542.0,13136.94,13136.94
1746518,183087,1.0,14,-2198.0,-2210.0,9814.5,9814.5
1535444,331054,0.0,27,-129.0,-129.0,2404.755,2404.755
2368872,404325,1.0,11,-1341.0,-1319.0,16322.985,30.195
2486555,206812,0.0,15,-2578.0,-2578.0,1125.0,1125.0
2749673,310780,3.0,9,-616.0,-626.0,15265.71,15265.71
1907878,383285,1.0,5,-696.0,-711.0,7430.31,7430.31
1726308,195085,0.0,25,-1850.0,-1839.0,9000.0,9000.0
1002810,106334,1.0,5,-2557.0,-2689.0,3549.51,3549.51
2627308,209678,1.0,3,-2301.0,-2312.0,16034.67,16034.67
1489350,323161,1.0,3,-2692.0,-2709.0,4171.095,4171.095
1664113,366763,1.0,2,-2638.0,-2638.0,5771.115,5771.115
2713420,428754,1.0,7,-133.0,-144.0,23636.07,23636.07
1975786,401129,1.0,3,-312.0,-315.0,18233.505,18233.505
1198472,372375,1.0,3,-602.0,-640.0,17648.46,17648.46
1783372,165781,0.0,49,-1690.0,-1678.0,628.065,628.065
1333059,379343,2.0,9,-2152.0,-2152.0,20294.82,20294.82
1556814,366757,1.0,1,-1593.0,-1603.0,9818.1,9818.1
1569176,428497,0.0,49,-174.0,-191.0,3677.895,3677.895
1509796,282609,0.0,9,-1120.0,-1120.0,3.78,3.78
1299053,137867,3.0,26,-373.0,-379.0,117633.915,117633.915
2765275,446433,1.0,8,-405.0,-409.0,25830.315,25830.315
2190813,127886,1.0,17,-2206.0,-2214.0,8054.1,8054.1
2105670,147930,1.0,4,-569.0,-573.0,6102.81,6102.81
1168937,160216,1.0,3,-840.0,-861.0,6969.69,6969.69
2448117,361388,1.0,9,-385.0,-406.0,15940.62,15940.62
2581620,372037,0.0,72,-70.0,-70.0,1740.555,1740.555
2145781,166431,1.0,8,-385.0,-386.0,39251.16,39251.16
2043910,278601,1.0,13,-402.0,-405.0,18995.445,18995.445
2032110,313523,0.0,11,-2655.0,-2649.0,6750.0,6750.0
1887198,182496,0.0,34,-1726.0,-1738.0,9000.0,9000.0
1283157,382180,0.0,63,-1663.0,-1663.0,237.375,237.375
1183019,235625,1.0,12,-645.0,-657.0,6927.3,6927.3
2174648,419149,0.0,44,-2777.0,-2779.0,8100.0,8100.0
2517549,172836,0.0,54,-597.0,-597.0,14400.0,14400.0
1793172,356288,1.0,8,-1061.0,-1089.0,8134.11,8134.11
1158752,343689,1.0,9,-519.0,-533.0,6932.97,6932.97
1160577,384370,0.0,5,-2584.0,-2613.0,6750.0,900.0
1936918,160637,1.0,5,-1789.0,-1794.0,6312.06,6312.06
1493791,314365,2.0,27,-504.0,-521.0,82232.55,82232.55
2813285,264437,1.0,8,-457.0,-459.0,11631.6,11631.6
2224616,102879,1.0,6,-586.0,-590.0,19663.83,19663.83
2254601,434253,0.0,5,-700.0,-708.0,7030.53,7030.53
1760431,391487,0.0,68,-886.0,-886.0,132.66,132.66
1642862,219702,0.0,12,-217.0,-219.0,4685.085,4685.085
1448560,433691,1.0,15,-234.0,-236.0,17225.28,17225.28
2414070,355625,0.0,121,-286.0,-286.0,2417.265,2417.265
2741853,188768,8.0,6,-915.0,-940.0,11955.24,18000.0
1143520,334455,1.0,1,-1423.0,-1437.0,7856.28,7856.28
1396409,165517,1.0,24,-355.0,-354.0,17862.345,17862.345
2117085,215514,1.0,1,-187.0,-203.0,13570.425,13570.425
1560277,353062,1.0,3,-113.0,-112.0,3055.77,3055.77
1987877,384593,1.0,4,-1071.0,-1104.0,2193.48,40774.905
1907164,374059,0.0,73,-385.0,-385.0,4256.955,4256.955
2744713,387887,1.0,11,-283.0,-285.0,15001.74,15001.74
1490996,297143,0.0,45,-1417.0,-1414.0,9000.0,9000.0
1127810,230974,0.0,73,-1441.0,-1441.0,220.455,220.455
2546690,399444,1.0,9,-25.0,-46.0,13160.565,13160.565
2136559,313633,1.0,1,-1127.0,-1136.0,2402.37,2402.37
2842969,312252,1.0,8,-453.0,-453.0,48698.595,48698.595
2504915,280324,1.0,2,-2636.0,-2642.0,11061.0,11061.0
1645514,260849,0.0,70,-716.0,-716.0,69.705,69.705
1959053,196372,0.0,63,-2004.0,-2004.0,34200.0,34200.0
1732738,228216,1.0,11,-599.0,-617.0,7320.555,7320.555
2726847,271779,1.0,10,-1182.0,-1193.0,8068.905,8068.905
2260358,352460,1.0,2,-1173.0,-1194.0,3207.15,3207.15
2076983,154605,1.0,18,-31.0,-38.0,22657.635,22657.635
1960042,187074,0.0,172,-206.0,-221.0,8436.69,8436.69
2203062,107313,1.0,2,-2531.0,-2531.0,4463.865,4463.865
2379717,389635,1.0,3,-1055.0,-1061.0,11381.265,11381.265
2801674,256742,1.0,1,-704.0,-722.0,5190.435,5190.435
1918999,351803,1.0,2,-1159.0,-1190.0,15533.145,15533.145
2563423,301685,15.0,10,-26.0,-28.0,49003.56,49003.56
1567893,177857,0.0,85,-863.0,-863.0,169.245,169.245
1915418,139724,0.0,100,-1095.0,-1095.0,210.825,210.825
2164240,178691,0.0,51,-255.0,-255.0,55559.925,55559.925
1467910,424465,1.0,21,-35.0,-35.0,46972.305,46972.305
1261959,380346,0.0,18,-2578.0,-2578.0,1125.0,1125.0
2006295,202812,2.0,1,-879.0,-879.0,385011.405,385011.405
2445059,368579,1.0,4,-397.0,-428.0,5008.59,5008.59
2748942,196501,0.0,74,-1497.0,-1523.0,6750.0,6750.0
2065646,191564,3.0,10,-4.0,-24.0,4067.955,4067.955
1368565,250444,1.0,6,-2193.0,-2192.0,5629.68,5629.68
1319620,386322,1.0,3,-1461.0,-1455.0,12352.635,12343.905
2362672,335219,0.0,11,-289.0,-289.0,717.39,717.39
2581967,235440,1.0,5,-1792.0,-1819.0,12178.215,16.155
1179357,106095,0.0,54,-1339.0,-1349.0,9000.0,9000.0
1059072,443018,1.0,6,-2794.0,-2794.0,6543.0,6543.0
1940474,314838,0.0,19,-1725.0,-1721.0,6750.0,6750.0
1773437,385700,1.0,11,-467.0,-483.0,14921.505,14921.505
1206296,139464,3.0,11,-235.0,-243.0,13603.05,13603.05
2273871,314595,0.0,51,-169.0,-169.0,1279.26,1279.26
2546777,179152,1.0,3,-1654.0,-1659.0,26457.93,26457.93
2558180,141016,1.0,6,-311.0,-342.0,8728.02,8728.02
1420149,103742,0.0,28,-2151.0,-2151.0,802.665,802.665
2478722,131941,0.0,11,-469.0,-469.0,207.945,207.945
2229282,429891,2.0,11,-1296.0,-1298.0,18250.38,18250.38
2574189,286397,1.0,10,-1166.0,-1170.0,5975.46,5975.46
2229254,398446,2.0,24,-667.0,-670.0,26633.52,26633.52
2303750,134336,1.0,2,-78.0,-89.0,8136.36,8136.36
1866118,453403,1.0,12,-392.0,-393.0,4969.395,4969.395
2373628,302349,1.0,18,-178.0,-193.0,8626.095,8626.095
2460176,257273,1.0,1,-801.0,-822.0,14570.55,14570.55
2758822,382522,3.0,6,-80.0,-99.0,39082.275,39082.275
1411200,254396,0.0,62,-712.0,-715.0,6750.0,6750.0
2715424,161670,0.0,30,-2273.0,-2303.0,1937.97,1937.97
2188879,378422,1.0,13,-20.0,-32.0,5738.355,5738.355
1369471,119044,1.0,4,-2131.0,-2141.0,3160.35,3160.35
1310677,331990,1.0,13,-305.0,-314.0,20865.15,20865.15
1160691,362297,1.0,17,-438.0,-465.0,33986.655,33986.655
1376580,450768,1.0,3,-108.0,-128.0,3910.32,3910.32
1461121,111902,1.0,3,-2113.0,-2142.0,4240.215,4240.215
2258084,436328,1.0,9,-119.0,-119.0,10872.855,10872.855
2575361,240813,1.0,4,-121.0,-129.0,5850.765,5850.765
1551218,456204,1.0,4,-1048.0,-1081.0,25198.65,912.78
1778374,184435,1.0,3,-2312.0,-2336.0,9353.745,9353.745
1953562,364210,1.0,12,-1952.0,-1967.0,4873.815,4873.815
2294239,295258,2.0,11,-700.0,-716.0,23332.365,23332.365
2199621,221979,0.0,86,-1333.0,-1333.0,160.02,160.02
2558216,207726,1.0,3,-2041.0,-2057.0,2325.6,2325.6
1516797,412281,1.0,9,-391.0,-424.0,24202.395,24202.395
1873209,363400,1.0,4,-174.0,-189.0,28745.19,409500.0
1513393,424369,0.0,87,-28.0,-28.0,413.28,413.28
1112020,369038,0.0,27,-909.0,-915.0,12531.105,12531.105
2539446,272384,1.0,2,-1261.0,-1251.0,8662.455,7028.1
1245752,325390,0.0,67,-212.0,-213.0,22549.545,22549.545
2240965,252397,2.0,21,-247.0,-254.0,1098.54,10033.92
1522028,142912,0.0,69,-1483.0,-1483.0,13487.4,13487.4
1510999,376541,0.0,20,-158.0,-158.0,446.22,446.22
1664488,124363,3.0,4,-311.0,-311.0,207633.51,225000.0
2513528,256985,1.0,2,-823.0,-855.0,18066.42,18066.42
1347792,256687,0.0,84,-1955.0,-1955.0,4500.0,4500.0
1984763,300262,2.0,6,-521.0,-545.0,846977.22,846977.22
2110141,100922,2.0,8,-404.0,-427.0,8469.0,21600.0
2608605,282890,1.0,2,-712.0,-722.0,20320.74,20320.74
2475952,434848,0.0,181,-110.0,-114.0,140.895,64.89
2539283,226389,1.0,9,-282.0,-290.0,16632.405,16632.405
2778306,298124,0.0,41,-30.0,-30.0,4.095,4.095
2353001,295236,3.0,9,-397.0,-396.0,6569.1,6569.1
1226393,267701,0.0,15,-378.0,-378.0,2250.0,2250.0
2586658,289648,1.0,1,-561.0,-567.0,4890.285,4890.285
1682619,232818,0.0,13,-81.0,-81.0,22500.0,22500.0
2504807,389207,1.0,4,-549.0,-562.0,23984.415,23984.415
2558325,160486,1.0,32,-174.0,-170.0,19193.175,11648.475
2784551,425885,1.0,6,-2145.0,-2153.0,2420.505,2420.505
2425075,101104,0.0,33,-1756.0,-1756.0,160.425,160.425
1639494,427359,1.0,12,-449.0,-462.0,17902.575,17902.575
2697286,400523,1.0,2,-2469.0,-2468.0,26025.075,26025.075
2323425,120898,1.0,14,-1948.0,-1957.0,12054.195,12054.195
2764123,335792,1.0,7,-1759.0,-1770.0,6388.74,6388.74
2103459,418669,1.0,2,-2472.0,-2476.0,15250.59,15250.59
1825304,338506,1.0,3,-762.0,-772.0,13903.83,13903.83
2106537,343128,0.0,10,-49.0,-49.0,9651.465,9651.465
1688908,422478,5.0,13,-480.0,-481.0,25346.25,25346.25
1310366,105851,0.0,41,-1390.0,-1400.0,9000.0,9000.0
2141802,179494,0.0,49,-1127.0,-1132.0,6750.0,6750.0
1639975,309611,1.0,1,-412.0,-422.0,18810.0,18810.0
1510963,100201,1.0,8,-1505.0,-1510.0,12153.465,12153.465
1410924,446717,0.0,18,-691.0,-691.0,3093.615,3093.615
1386270,450590,1.0,3,-51.0,-61.0,15156.585,15156.585
2764480,446149,1.0,10,-1471.0,-1472.0,12736.035,12736.035
2682288,321482,0.0,34,-769.0,-769.0,40.14,40.14
1285316,273374,0.0,10,-2822.0,-2834.0,6750.0,6750.0
1424078,331202,2.0,12,-615.0,-618.0,38072.205,38072.205
2275367,195939,1.0,1,-2630.0,-2651.0,2773.395,2773.395
2017047,307503,1.0,8,-146.0,-162.0,6460.02,6460.02
2567632,352745,1.0,8,-2112.0,-2120.0,3834.45,3834.45
1779367,382644,1.0,17,-474.0,-511.0,57521.25,57521.25
1028634,268411,2.0,3,-110.0,-117.0,932.265,18468.63
2260393,421549,1.0,3,-266.0,-273.0,36684.855,36684.855
1812118,261855,9.0,107,-386.0,-379.0,276.885,276.885
1761633,427325,0.0,74,-2096.0,-2100.0,12375.0,12375.0
1815987,392007,1.0,2,-68.0,-121.0,1875.33,1875.33
1584600,450451,0.0,26,-2839.0,-2844.0,6750.0,6750.0
2797010,241592,1.0,23,-136.0,-163.0,10708.2,325.485
2446782,428451,1.0,6,-416.0,-430.0,7273.17,7273.17
1516599,190025,1.0,4,-2342.0,-2353.0,14341.68,14341.68
1545524,142715,1.0,13,-600.0,-603.0,54554.13,54554.13
1681862,122150,1.0,1,-696.0,-703.0,23976.0,23976.0
1436630,432175,1.0,7,-391.0,-392.0,49367.52,49367.52
2149139,202739,1.0,5,-2029.0,-2059.0,6473.52,6473.52
2594107,441296,1.0,1,-597.0,-595.0,39559.455,39418.47
1494366,193816,0.0,33,-1973.0,-1983.0,6750.0,6750.0
2331457,154080,1.0,8,-61.0,-98.0,10368.855,10368.855
2362023,330186,0.0,19,-161.0,-161.0,2.295,2.295
2582025,307067,1.0,5,-186.0,-191.0,8748.72,8748.72
1366689,156301,0.0,36,-504.0,-504.0,171.18,171.18
2136626,270625,0.0,59,-1601.0,-1603.0,3375.0,3375.0
1561713,424203,0.0,121,-708.0,-708.0,742.32,742.32
2130746,116885,1.0,8,-2279.0,-2275.0,6521.355,6517.71
1966699,397849,1.0,5,-1979.0,-1985.0,12987.81,12987.81
1230633,145942,0.0,84,-1682.0,-1682.0,167.085,167.085
2184600,231058,0.0,73,-1303.0,-1310.0,10800.0,10800.0
2715364,327731,0.0,49,-550.0,-560.0,21494.52,21494.52
1383271,287288,1.0,6,-1732.0,-1755.0,7394.355,7375.545
1463432,194957,1.0,22,-1045.0,-1059.0,6624.9,6624.9
1560462,235461,1.0,7,-1055.0,-1184.0,5988.465,5988.465
2096359,381863,1.0,3,-667.0,-682.0,6808.635,6808.635
2082695,143647,0.0,64,-1561.0,-1561.0,505.53,505.53
1761219,442720,1.0,5,-1027.0,-1047.0,32244.3,32244.3
2523247,277910,0.0,9,-355.0,-349.0,46699.92,799.92
1071350,156324,1.0,6,-363.0,-378.0,8245.53,8245.53
2418453,105133,1.0,2,-2417.0,-2425.0,7834.995,7834.995
2558415,150089,0.0,38,-374.0,-374.0,848.52,848.52
1531271,442895,0.0,25,-2278.0,-2288.0,9000.0,9000.0
2248458,317029,0.0,88,-508.0,-508.0,85.995,85.995
1238648,396467,1.0,8,-250.0,-259.0,18781.965,18781.965
2000278,357169,0.0,4,-1963.0,-1964.0,6750.0,6750.0
1333419,357945,2.0,4,-2591.0,-2609.0,59605.56,59605.56
2127949,176801,2.0,15,-931.0,-932.0,14585.895,14585.895
1220391,115027,1.0,3,-2501.0,-2514.0,2389.86,2389.86
2613812,358929,1.0,3,-1261.0,-1281.0,4540.95,4540.95
2435970,342668,1.0,8,-1943.0,-1957.0,5111.415,5111.415
1150567,155800,0.0,48,-1290.0,-1290.0,1350.0,1350.0
1392122,452933,1.0,9,-1200.0,-1205.0,2920.05,2920.05
1666473,161263,1.0,10,-1461.0,-1454.0,11461.275,11434.86
1636045,206722,1.0,6,-105.0,-106.0,15737.4,15737.4
1054272,227479,1.0,5,-696.0,-707.0,5765.175,5765.175
2463085,191548,2.0,15,-34.0,-42.0,13441.365,13441.365
1176922,383850,0.0,15,-1095.0,-1113.0,6750.0,6750.0
2791120,314956,1.0,20,-23.0,-26.0,9371.115,9371.115
1423543,147862,2.0,4,-1494.0,-1496.0,12438.315,12438.315
1915740,425377,0.0,19,-2658.0,-2658.0,616.725,616.725
2260930,361905,0.0,112,-28.0,-29.0,6750.0,6750.0
2412736,100924,0.0,16,-467.0,-467.0,4263.84,4263.84
2837551,340486,0.0,19,-2488.0,-2483.0,2250.0,2250.0
1798148,320378,0.0,147,-638.0,-661.0,10800.0,10800.0
2341388,171667,0.0,97,-875.0,-879.0,5625.0,5625.0
1321008,351090,0.0,40,-215.0,-215.0,14.04,14.04
2523758,454289,0.0,32,-2672.0,-2672.0,216.675,216.675
2622360,440626,1.0,4,-429.0,-444.0,12334.41,12334.41
1292497,237148,0.0,36,-50.0,-49.0,9694.71,9694.71
2657912,247098,1.0,14,-1466.0,-1498.0,5939.28,9.36
1271374,174508,0.0,9,-695.0,-696.0,11063.115,11063.115
2794149,162536,0.0,79,-177.0,-177.0,523.575,523.575
1311979,307709,0.0,68,-1247.0,-1247.0,147.465,147.465
1394071,355018,0.0,59,-1016.0,-1016.0,272.34,272.34
1639731,205854,1.0,6,-785.0,-787.0,31446.36,31795.515
1452943,437486,0.0,62,-2265.0,-2291.0,10800.0,2700.0
2508619,119889,1.0,10,-272.0,-293.0,23417.865,23417.865
2631419,416622,1.0,8,-2907.0,-2935.0,2663.955,2663.955
1643123,446017,1.0,8,-1743.0,-1754.0,7519.815,7519.815
1368370,335184,0.0,20,-486.0,-486.0,1.8,1.8
1147046,266195,1.0,6,-1233.0,-1242.0,8432.82,8432.82
2623494,248059,1.0,5,-2292.0,-2294.0,3469.95,3469.95
2208137,232243,0.0,39,-661.0,-662.0,7864.965,7864.965
2382659,372243,1.0,13,-314.0,-324.0,34122.6,34122.6
2331108,365236,1.0,12,-172.0,-181.0,3077.235,3077.235
1847843,338860,1.0,5,-1856.0,-1865.0,2914.11,2914.11
1289790,240737,1.0,5,-2080.0,-2089.0,7822.485,7822.485
1562192,212567,1.0,14,-223.0,-249.0,9372.33,424.71
1134802,389205,1.0,1,-902.0,-926.0,5853.33,5853.33
1000362,423728,1.0,3,-158.0,-161.0,7490.205,7490.205
1205788,112811,0.0,38,-2103.0,-2108.0,9000.0,9000.0
2242986,295618,1.0,10,-1474.0,-1472.0,11321.505,11288.34
1535883,244608,1.0,11,-2044.0,-2041.0,14666.4,14651.865
1491090,276957,1.0,6,-2385.0,-2388.0,9536.985,9536.985
2211922,305982,1.0,3,-2796.0,-2797.0,3227.85,3227.85
2595588,154860,1.0,2,-210.0,-218.0,22850.505,22850.505
1259445,338783,1.0,4,-407.0,-419.0,8471.97,8471.97
1039516,214924,1.0,11,-670.0,-676.0,8487.99,8487.99
2191516,399826,0.0,2,-177.0,-177.0,2250.0,2250.0
1683012,361672,1.0,4,-2032.0,-2014.0,11763.045,189.18
2247142,178019,1.0,4,-2907.0,-2907.0,9463.185,9463.185
1817559,178763,0.0,64,-1235.0,-1235.0,1125.0,1125.0
1560049,275398,1.0,10,-736.0,-744.0,5964.165,5964.165
1950051,416190,1.0,6,-1317.0,-1316.0,6682.14,6682.14
1870067,280762,1.0,3,-40.0,-120.0,6767.64,6767.64
1839709,396806,1.0,3,-2372.0,-2382.0,14407.56,14407.56
2585515,317091,1.0,4,-2124.0,-2139.0,2368.935,2368.935
1277636,247833,0.0,22,-2152.0,-2152.0,239.265,239.265
1743700,191132,1.0,1,-1317.0,-1334.0,16953.12,16953.12
1520747,441109,0.0,3,-2188.0,-2196.0,5625.0,5625.0
1083584,324895,1.0,12,-431.0,-440.0,13155.75,13155.75
1280195,183989,0.0,40,-1560.0,-245.0,67.5,67.5
2003003,368340,1.0,5,-281.0,-290.0,7613.235,7613.235
1723229,114674,1.0,15,-1099.0,-1106.0,5781.42,5781.42
1213316,415036,1.0,7,-2067.0,-2074.0,2775.24,2772.0
1314845,331001,2.0,16,-325.0,-331.0,14179.275,14179.275
2214830,198217,1.0,8,-958.0,-968.0,22760.91,22760.91
1811836,277318,1.0,26,-116.0,-116.0,48672.45,48672.45
1653002,310876,1.0,12,-1120.0,-1125.0,16726.455,16726.455
1645487,184650,0.0,25,-2413.0,-2433.0,3375.0,3375.0
1941632,376876,1.0,17,-479.0,-506.0,17367.3,3958.2
1651964,177819,1.0,3,-470.0,-474.0,12922.74,12922.74
1963521,432297,1.0,1,-1254.0,-1269.0,5217.57,5217.57
2011074,412430,0.0,92,-704.0,-704.0,123.3,123.3
2016850,203315,1.0,3,-391.0,-396.0,17870.445,17870.445
1466489,147372,1.0,8,-1703.0,-1710.0,2711.655,2711.655
1849766,403228,1.0,6,-524.0,-532.0,47998.395,47998.395
1575344,261243,0.0,14,-957.0,-957.0,179.55,179.55
2006280,229157,1.0,6,-86.0,-97.0,14702.265,14702.265
1461306,360806,1.0,1,-452.0,-474.0,28742.67,47250.0
1758965,258948,2.0,16,-211.0,-221.0,30205.35,30205.35
1130708,347169,0.0,97,-1296.0,-1296.0,185.265,185.265
1689283,415429,0.0,31,-2022.0,-2034.0,3375.0,3375.0
2490823,155757,1.0,6,-2143.0,-2203.0,3228.93,3228.93
2832558,277000,2.0,5,-164.0,-177.0,468162.72,468162.72
2141785,266013,1.0,2,-2628.0,-2637.0,13646.655,13646.655
1779716,302173,1.0,9,-126.0,-158.0,36259.785,36259.785
2737486,358074,0.0,3,-2729.0,-2744.0,4500.0,4500.0
2051299,109390,1.0,11,-1162.0,-1206.0,9070.065,17902.98
2622081,346675,0.0,7,-947.0,-947.0,2250.0,2250.0
2759931,158288,1.0,6,-475.0,-500.0,22006.755,22006.755
1389631,143097,1.0,4,-2797.0,-2789.0,4075.155,4072.5
1897636,348659,1.0,4,-73.0,-84.0,23923.89,23923.89
1331080,111570,0.0,38,-121.0,-121.0,1350.0,1350.0
1404719,191069,0.0,16,-1814.0,-1814.0,947.97,947.97
1281244,203889,1.0,11,-1212.0,-1219.0,4649.58,4649.58
1975667,262131,1.0,1,-54.0,-72.0,8567.37,8567.37
1252187,133048,1.0,10,-786.0,-797.0,7970.4,7970.4
1896232,145960,1.0,10,-690.0,-688.0,4039.11,3.78
1995115,311672,1.0,12,-642.0,-639.0,38451.06,35960.22
1779929,320382,0.0,14,-2061.0,-2083.0,9000.0,9000.0
1286882,382811,0.0,42,-1611.0,-1611.0,6300.0,6300.0
1987406,155407,0.0,54,-7.0,-7.0,3.105,3.105
1385198,251489,1.0,1,-124.0,-154.0,13075.83,13075.83
1589198,425200,1.0,1,-805.0,-809.0,13659.3,13659.3
2618475,105229,0.0,58,-991.0,-991.0,307.89,307.89
1347923,435100,1.0,3,-2245.0,-2258.0,21490.56,21490.56
1236717,174085,1.0,5,-2845.0,-2845.0,3359.25,3359.25
1283715,219707,1.0,1,-1419.0,-1449.0,12044.34,12044.34
2348984,335698,1.0,6,-349.0,-359.0,20584.305,20584.305
2459962,397861,0.0,91,-1803.0,-1803.0,450.0,450.0
2467343,431680,1.0,6,-2346.0,-2364.0,12088.8,12088.8
1255374,186026,1.0,3,-2601.0,-2601.0,9612.225,9612.225
2427791,219877,1.0,3,-2308.0,-2353.0,5398.425,5398.425
2193387,325830,1.0,21,-671.0,-672.0,35750.25,35750.25
2612721,212121,0.0,10,-2257.0,-2279.0,6750.0,6750.0
1745421,397364,0.0,121,-987.0,-987.0,2250.0,2250.0
1328748,361526,1.0,6,-601.0,-614.0,17867.565,17867.565
1627219,237494,0.0,121,-41.0,-41.0,1125.0,1125.0
1226421,255118,1.0,3,-2746.0,-2745.0,2723.445,2700.0
2674418,332433,1.0,9,-905.0,-918.0,9860.535,9860.535
2016589,179537,1.0,14,-481.0,-490.0,16928.145,16928.145
1398383,225127,1.0,1,-747.0,-768.0,19069.29,19069.29
2161606,419227,1.0,18,-1548.0,-1575.0,18534.51,46.935
2805881,400173,1.0,11,-15.0,-45.0,20979.0,360.63
2313566,351840,1.0,10,-2749.0,-2741.0,3632.355,3632.355
1176316,190358,0.0,26,-2791.0,-2801.0,9450.0,9450.0
1488021,399840,0.0,95,-579.0,-579.0,236.565,236.565
2244927,115198,1.0,2,-1147.0,-1150.0,18249.3,18249.3
2497736,189354,1.0,7,-71.0,-85.0,5235.48,5235.48
1469255,117106,0.0,4,-2884.0,-2893.0,3375.0,3375.0
1564802,257021,1.0,12,-1092.0,-1114.0,9614.475,9614.475
2463628,129509,0.0,82,-1512.0,-1512.0,3375.0,3375.0
1259866,371857,1.0,9,-1386.0,-1419.0,12280.5,12280.5
2731148,138092,1.0,16,-706.0,-733.0,10093.95,10093.95
1639734,182865,1.0,5,-330.0,-368.0,11440.98,11440.98
1043475,361735,2.0,6,-644.0,-644.0,21006.855,21006.855
2310838,453984,0.0,127,-424.0,-424.0,4.14,4.14
1974868,257943,0.0,79,-894.0,-894.0,4580.64,4580.64
1753081,353541,1.0,12,-218.0,-225.0,4972.68,4972.68
1404929,179683,1.0,5,-207.0,-210.0,11087.955,11087.955
1548475,264445,0.0,13,-93.0,-100.0,22577.895,22577.895
2248065,260246,1.0,14,-443.0,-475.0,20247.66,20247.66
1652247,337862,5.0,28,-82.0,-89.0,4716.855,4716.855
2832874,359817,0.0,88,-300.0,-294.0,4500.0,4500.0
1861319,254928,0.0,93,-837.0,-837.0,0.45,0.45
1305105,109812,3.0,3,-357.0,-364.0,7307.415,7307.415
2291876,362430,0.0,68,-746.0,-746.0,180.495,180.495
2617119,145681,2.0,1,-246.0,-269.0,10387.89,22500.0
2136465,254251,1.0,6,-913.0,-921.0,8871.075,8871.075
1761172,435900,1.0,12,-1146.0,-1154.0,9372.015,9372.015
1463711,369156,1.0,4,-516.0,-546.0,8545.05,8545.05
2645085,171103,1.0,7,-2519.0,-2537.0,10110.51,10110.51
1321000,331046,1.0,8,-240.0,-242.0,69505.47,69505.47
1437723,314449,3.0,15,-237.0,-242.0,14612.355,14612.355
1659965,215208,0.0,74,-1027.0,-1057.0,841.68,841.68
1042998,107576,1.0,3,-736.0,-745.0,13103.46,13103.46
2221560,189135,1.0,14,-1897.0,-1902.0,14103.585,14103.585
2557594,283977,1.0,1,-1975.0,-1979.0,2736.45,2736.45
1844043,380689,0.0,113,-787.0,-787.0,371.925,371.925
2361932,416910,0.0,54,-1704.0,-1704.0,6750.0,6750.0
1682799,329270,0.0,22,-476.0,-472.0,38175.3,38175.3
1497249,228101,0.0,30,-1787.0,-1787.0,4774.05,4774.05
1287602,263439,2.0,21,-303.0,-308.0,64395.0,64395.0
2210505,216223,1.0,18,-119.0,-130.0,8772.57,8772.57
1659964,432640,0.0,21,-458.0,-477.0,2250.0,2250.0
2250438,225363,0.0,17,-40.0,-58.0,3320.46,3320.46
1026956,434484,1.0,20,-885.0,-914.0,10791.36,10791.36
1824058,159059,1.0,1,-1066.0,-1072.0,5517.945,5517.945
1302777,287848,2.0,9,-521.0,-524.0,15513.48,15513.48
1295825,103966,0.0,35,-2863.0,-2863.0,450.0,450.0
1974637,405006,0.0,107,-900.0,-900.0,772.245,772.245
1850768,385661,1.0,9,-1567.0,-1580.0,25511.22,25497.0
1383013,100853,0.0,14,-2395.0,-2402.0,3295.485,3295.485
1594637,275829,2.0,1,-55.0,-55.0,88218.045,88218.045
1135612,362127,0.0,27,-669.0,-670.0,21964.185,21964.185
1722816,223169,1.0,7,-2742.0,-2742.0,4850.505,4850.505
2392863,380625,1.0,2,-291.0,-309.0,1985.175,1985.175
1537785,175866,1.0,10,-2490.0,-2488.0,6826.5,3879.81
1618800,345177,1.0,3,-131.0,-144.0,5596.56,5596.56
2504474,334196,0.0,16,-2179.0,-2188.0,4500.0,4500.0
2345523,129922,1.0,5,-421.0,-429.0,6270.165,6270.165
1057681,269194,1.0,13,-1417.0,-1435.0,5931.225,5931.225
2127362,311721,1.0,24,-290.0,-300.0,32458.5,32458.5
1220001,162292,1.0,17,-1310.0,-1310.0,14958.135,12771.675
1128556,200415,1.0,13,-473.0,-501.0,21119.895,21119.895
1562209,283726,0.0,27,-2550.0,-2561.0,6750.0,6750.0
2199760,423179,1.0,1,-2023.0,-2029.0,5093.37,5093.37
1234631,195319,1.0,8,-1602.0,-1630.0,3387.105,194.265
1619486,293822,0.0,9,-1312.0,-1312.0,1574.91,1574.91
1411345,197842,1.0,1,-355.0,-363.0,23703.93,112500.0
2408925,284104,1.0,23,-268.0,-299.0,3750.21,3750.21
1890820,352402,2.0,2,-633.0,-648.0,57762.45,57762.45
1245294,373597,1.0,8,-813.0,-819.0,10342.8,10342.8
1852164,159729,1.0,7,-2206.0,-2249.0,16118.37,16118.37
2645583,229343,1.0,19,-2261.0,-2261.0,3271.5,3271.5
1866057,198811,2.0,19,-349.0,-353.0,21709.125,21709.125
1882156,310818,1.0,9,-1185.0,-1181.0,2147.49,2111.715
1107027,141770,1.0,7,-1329.0,-1341.0,4561.29,4561.29
2503006,419437,1.0,3,-1675.0,-1667.0,10980.36,10976.22
2014973,437912,1.0,1,-2626.0,-2607.0,2415.42,3.42
1814560,223102,1.0,5,-879.0,-884.0,15108.615,15108.615
2048140,190859,1.0,1,-1595.0,-1618.0,6414.075,6414.075
1226237,273829,1.0,1,-1079.0,-1088.0,12930.795,12930.795
1532698,272507,0.0,74,-1188.0,-1188.0,95.67,95.67
2073414,449508,0.0,11,-2572.0,-2566.0,6750.0,6750.0
1468106,125077,1.0,6,-1983.0,-1975.0,6127.065,6127.065
1411168,161971,0.0,65,-911.0,-921.0,2250.0,2250.0
2807227,349072,1.0,3,-942.0,-951.0,8250.705,8250.705
2768621,398502,0.0,58,-371.0,-371.0,1126.71,1126.71
2783793,289718,0.0,15,-800.0,-805.0,21093.75,21093.75
1442907,309229,0.0,29,-2195.0,-2195.0,5625.0,5625.0
1900432,255701,1.0,12,-476.0,-498.0,29189.25,29189.25
2677449,237063,1.0,1,-2432.0,-2443.0,8642.07,8642.07
2220261,125221,1.0,10,-2653.0,-2653.0,7936.335,7936.335
2600964,223560,1.0,3,-725.0,-736.0,28791.225,28791.225
2258007,228118,1.0,3,-582.0,-596.0,19801.62,19801.62
2132229,185864,1.0,8,-2538.0,-2545.0,3691.26,3691.26
1168133,213744,1.0,1,-436.0,-440.0,22613.805,22613.805
1290862,236368,1.0,6,-1471.0,-1475.0,5393.025,5393.025
1960379,152957,1.0,4,-2421.0,-2421.0,20983.995,20983.995
2416345,120893,1.0,3,-757.0,-761.0,16163.91,16163.91
1681492,152746,0.0,27,-274.0,-272.0,1548.99,1373.76
1153187,184661,2.0,6,-292.0,-296.0,9387.675,9387.675
1831541,284459,7.0,14,-214.0,-109.0,229.32,229.32
1636053,450574,1.0,9,-1135.0,-1148.0,13148.685,13148.685
2508300,213250,1.0,2,-2456.0,-2456.0,3027.51,3027.51
2204276,346726,0.0,41,-2056.0,-2056.0,1125.0,1125.0
1017524,264420,1.0,25,-98.0,-98.0,36083.205,36083.205
2764161,444933,1.0,3,-429.0,-439.0,12173.535,12173.535
2800837,280288,1.0,9,-706.0,-730.0,12733.695,12733.695
2058133,367236,1.0,3,-2284.0,-2286.0,9127.35,9127.35
1169145,379101,1.0,16,-2280.0,-2269.0,14764.5,14653.35
2755038,369195,0.0,3,-801.0,-802.0,16044.84,294.84
2831654,396264,1.0,7,-770.0,-781.0,7521.705,7521.705
2280417,126677,0.0,46,-2197.0,-2210.0,10800.0,10800.0
1776465,106334,0.0,54,-848.0,-858.0,2250.0,2250.0
1963321,349774,1.0,17,-424.0,-424.0,11199.465,11199.465
1334384,238842,1.0,1,-2874.0,-2889.0,3200.76,3200.76
2673588,350917,1.0,1,-1572.0,-1582.0,16377.3,16377.3
2636224,174235,0.0,103,-123.0,-128.0,2250.0,2250.0
1500026,224590,1.0,16,-1300.0,-1303.0,11761.695,11761.695
2574662,312771,1.0,11,-1346.0,-1345.0,14229.585,14229.585
1189316,100025,1.0,1,-1669.0,-1699.0,23833.575,23833.575
1922691,107665,1.0,11,-503.0,-504.0,10936.35,10936.35
1210500,229799,1.0,7,-70.0,-78.0,15939.045,15939.045
2661699,102171,1.0,6,-1387.0,-1410.0,3731.49,3731.49
2665953,173046,1.0,7,-1135.0,-1149.0,5467.095,5467.095
2172802,424350,0.0,26,-870.0,-875.0,11109.645,11109.645
2049045,300522,1.0,1,-1580.0,-1610.0,6727.86,12.42
2181665,259499,1.0,1,-1904.0,-1923.0,14389.56,14389.56
2820518,429855,1.0,1,-1995.0,-2018.0,3337.335,3337.335
1905840,371947,1.0,11,-721.0,-729.0,8533.305,8533.305
2214278,376308,1.0,2,-780.0,-794.0,20523.105,20523.105
2778353,419647,2.0,9,-711.0,-734.0,879889.68,879889.68
1767726,218233,0.0,101,-489.0,-489.0,404.73,404.73
1163958,112751,1.0,17,-1083.0,-1093.0,3296.115,3296.115
2083039,369402,0.0,50,-1509.0,-1520.0,1137.195,1137.195
2372250,328077,1.0,2,-1109.0,-1118.0,7538.355,7538.355
2137363,148532,0.0,50,-63.0,-63.0,3.285,3.285
2761900,232350,1.0,1,-370.0,-383.0,4761.54,4761.54
2726813,126357,1.0,4,-1516.0,-1523.0,7345.17,7345.17
2585039,319775,0.0,4,-1043.0,-1043.0,3602.97,3602.97
1388981,185981,1.0,1,-2402.0,-2409.0,4737.78,4737.78
1980690,210426,1.0,5,-2366.0,-2387.0,13632.435,13632.435
2378243,356617,1.0,9,-1949.0,-1979.0,2937.15,2937.15
1915485,203272,1.0,1,-745.0,-761.0,3862.755,3862.755
2819901,264672,1.0,18,-786.0,-808.0,37214.73,37214.73
2341901,201269,1.0,10,-786.0,-792.0,10798.65,10798.65
2556975,144899,0.0,19,-248.0,-267.0,2250.0,2250.0
2652018,145698,0.0,73,-222.0,-222.0,24.93,24.93
1891406,453515,0.0,11,-62.0,-63.0,2250.0,2250.0
1380690,148516,0.0,11,-350.0,-350.0,1123.92,1123.92
1589112,233737,0.0,88,-710.0,-710.0,763.92,763.92
1891487,364712,3.0,8,-211.0,-231.0,9087.21,9087.21
2446704,259003,1.0,12,-592.0,-594.0,10777.275,10777.275
2392873,446873,0.0,6,-356.0,-356.0,326.475,326.475
2449890,185984,1.0,13,-1027.0,-1036.0,36840.87,36840.87
1054952,166205,1.0,2,-1069.0,-1089.0,2621.61,2621.61
2149743,452952,1.0,6,-1613.0,-1631.0,13607.28,13607.28
1630126,206687,1.0,2,-1662.0,-1687.0,5399.235,5399.235
2177561,392841,0.0,52,-1977.0,-1977.0,812.745,812.745
1535753,387847,1.0,12,-283.0,-289.0,20277.18,9954.54
2110017,325778,1.0,14,-361.0,-356.0,14794.335,13920.57
2618521,129637,1.0,4,-798.0,-805.0,9423.765,9423.765
1096126,361902,0.0,42,-1441.0,-1447.0,5625.0,5625.0
2184011,183575,0.0,129,-1365.0,-1371.0,10800.0,10800.0
2099402,165945,1.0,8,-421.0,-426.0,10662.255,10662.255
2318067,101315,1.0,2,-2545.0,-2551.0,6201.18,6201.18
2538491,231511,1.0,17,-105.0,-111.0,5132.43,5132.43
2448459,450117,1.0,6,-2152.0,-2155.0,6272.1,6272.1
1354642,133479,1.0,2,-346.0,-354.0,6621.975,6621.975
2396673,373568,1.0,6,-2287.0,-2301.0,8021.295,8021.295
2379530,329884,0.0,24,-742.0,-749.0,2250.0,2250.0
1152757,390119,0.0,85,-211.0,-211.0,167.265,167.265
2445964,187118,0.0,36,-2366.0,-2386.0,7875.0,7875.0
1111644,263062,1.0,5,-1023.0,-1025.0,9769.275,9769.275
1045938,274086,0.0,55,-967.0,-967.0,648.135,648.135
1212537,225427,2.0,4,-2015.0,-2040.0,73163.475,73163.475
1956240,264177,1.0,5,-1925.0,-1937.0,19243.755,19243.755
1136665,226602,1.0,7,-2248.0,-2262.0,12169.8,12169.8
2428263,197191,1.0,4,-1934.0,-1939.0,23160.555,23160.555
1355033,254309,1.0,7,-99.0,-112.0,5760.09,5760.09
1824113,115324,1.0,5,-2909.0,-2909.0,2267.955,2267.955
1866075,110356,0.0,42,-161.0,-161.0,469.44,469.44
1959879,353340,1.0,4,-2496.0,-2513.0,5206.995,5206.995
1012135,121466,1.0,1,-775.0,-776.0,8049.555,8049.555
2123224,452774,0.0,27,-2504.0,-2518.0,6750.0,6750.0
1891611,239400,1.0,4,-2378.0,-2390.0,6815.16,6815.16
1007841,133958,0.0,3,-2683.0,-2697.0,3375.0,3375.0
2238764,312075,1.0,8,-2449.0,-2423.0,8882.1,2.97
1643135,217771,1.0,10,-485.0,-481.0,11171.115,9160.56
1896776,192037,1.0,9,-1995.0,-2002.0,3713.58,3713.58
1593367,284094,0.0,76,-1773.0,-1773.0,184.185,184.185
2251476,443646,0.0,1,-338.0,-338.0,45000.0,45000.0
2496500,267047,1.0,1,-1668.0,-1686.0,6320.835,6320.835
1543709,427961,1.0,2,-1144.0,-1170.0,7832.205,7832.205
2258512,326726,0.0,7,-2224.0,-2236.0,4500.0,4500.0
2007221,118261,1.0,13,-374.0,-373.0,9318.78,9318.78
2487189,361919,0.0,20,-298.0,-298.0,1516.545,1516.545
1745421,397364,0.0,81,-1601.0,-1601.0,2250.0,2250.0
1064532,116320,1.0,3,-196.0,-189.0,14283.72,14272.11
1136301,298766,1.0,2,-873.0,-882.0,34960.05,34960.05
1369798,224150,1.0,1,-2129.0,-2137.0,2682.495,2682.495
2763006,410814,1.0,11,-1203.0,-1213.0,5577.255,5577.255
1425283,151941,1.0,21,-37.0,-35.0,27780.885,26308.17
1634822,281319,0.0,15,-1986.0,-2009.0,4500.0,4500.0
1328241,322041,1.0,2,-558.0,-560.0,24172.65,24172.65
2745321,210664,0.0,34,-2164.0,-2171.0,3375.0,3375.0
2584297,174636,2.0,8,-234.0,-244.0,1105567.065,1105567.065
1946329,437202,0.0,14,-240.0,-248.0,4335.3,4335.3
2537092,103780,1.0,1,-322.0,-336.0,10530.9,10530.9
1839138,159558,1.0,16,-1205.0,-1216.0,1875.465,1875.465
2228617,106822,1.0,10,-1505.0,-1540.0,7116.03,7116.03
2571110,283759,2.0,9,-974.0,-985.0,18951.705,18951.705
1007307,101535,0.0,46,-1820.0,-1820.0,266.535,266.535
1670651,294267,0.0,41,-1906.0,-1919.0,9000.0,9000.0
1599667,396683,1.0,5,-1018.0,-1019.0,29677.5,29677.5
1852549,260460,1.0,2,-2529.0,-2529.0,9473.22,9473.22
2682415,275261,1.0,23,-1591.0,-1593.0,16327.845,16327.845
2295898,438585,1.0,11,-104.0,-129.0,33365.925,270000.0
1165127,325474,0.0,34,-440.0,-451.0,23148.09,23148.09
1285555,181177,1.0,12,-1947.0,-1945.0,8610.12,8608.5
1875531,379458,1.0,3,-1542.0,-1548.0,9115.11,9115.11
2641296,407586,1.0,3,-1061.0,-1066.0,6229.53,6229.53
2282290,453462,1.0,10,-154.0,-167.0,8818.83,8818.83
2153948,171015,1.0,14,-365.0,-365.0,15997.86,15997.86
1493922,344299,0.0,70,-1953.0,-1953.0,219.87,219.87
1211955,394205,1.0,11,-1332.0,-1340.0,6320.835,6320.835
1041822,242438,1.0,19,-477.0,-478.0,21888.0,21888.0
2371985,301009,1.0,6,-1233.0,-1230.0,7912.89,7108.92
1866047,295149,1.0,3,-1746.0,-1750.0,9655.875,9655.875
1467409,318986,1.0,2,-558.0,-557.0,6652.98,6652.98
1975575,302766,1.0,5,-690.0,-705.0,34767.495,34767.495
1083654,432158,1.0,11,-925.0,-925.0,22121.955,22121.955
1513615,180603,0.0,75,-1036.0,-1036.0,370.485,370.485
1922888,250618,1.0,16,-528.0,-526.0,12466.035,10623.06
1750401,247190,1.0,6,-567.0,-587.0,26102.655,26102.655
1170471,232807,1.0,3,-1274.0,-1274.0,13793.76,13793.76
2018396,436454,1.0,9,-527.0,-543.0,6611.265,6611.265
2092760,149779,0.0,48,-1947.0,-1962.0,5400.0,5400.0
1289152,381858,1.0,5,-577.0,-600.0,8231.265,8231.265
2678433,332245,1.0,7,-1812.0,-1812.0,2896.605,2896.605
1870914,382585,0.0,105,-1067.0,-1067.0,7380.0,7380.0
1919790,452782,1.0,10,-359.0,-367.0,7545.105,7545.105
2427711,411299,1.0,10,-364.0,-384.0,17423.91,17423.91
1745556,141372,0.0,11,-1705.0,-1725.0,3375.0,3375.0
2610975,435279,1.0,1,-2901.0,-2906.0,4687.155,4687.155
1461330,248212,0.0,81,-245.0,-245.0,0.225,0.225
1161678,211306,1.0,6,-720.0,-725.0,33986.655,33986.655
2766155,277684,1.0,24,-95.0,-112.0,7587.63,7587.63
1238417,343602,3.0,15,-17.0,-27.0,16195.365,16195.365
1669691,167963,1.0,11,-264.0,-267.0,9346.455,9346.455
1052789,360388,1.0,10,-152.0,-158.0,17046.99,17046.99
2597208,141305,1.0,1,-896.0,-908.0,2343.78,2343.78
1388673,240821,1.0,8,-69.0,-93.0,6832.125,135.72
1688187,305307,1.0,2,-2377.0,-2377.0,20843.82,20843.82
1682025,390399,1.0,14,-1174.0,-1180.0,9198.495,9198.495
1345100,441885,1.0,3,-1321.0,-1331.0,21010.725,21010.725
2509585,357601,2.0,21,-142.0,-144.0,8453.385,13943.7
2741864,397151,1.0,2,-2361.0,-2360.0,16327.845,15133.14
2627548,373642,1.0,2,-516.0,-535.0,9009.63,9009.63
2833420,242906,1.0,2,-2155.0,-2178.0,7444.98,7444.98
2123494,184968,0.0,8,-2422.0,-2437.0,6750.0,6750.0
1258941,162352,3.0,3,-79.0,-107.0,10447.56,11250.0
2131400,290496,1.0,17,-198.0,-203.0,73116.27,73116.27
1645479,142173,0.0,96,-1100.0,-1100.0,4500.0,4500.0
1293983,432867,1.0,2,-63.0,-63.0,7700.715,7700.715
1716488,415895,0.0,19,-88.0,-88.0,11694.6,11694.6
2789338,263938,0.0,104,-408.0,-408.0,237.15,237.15
2563539,403399,1.0,19,-532.0,-538.0,12444.075,12444.075
2428897,427554,1.0,2,-458.0,-481.0,30154.725,30154.725
2090360,253965,3.0,19,-248.0,-250.0,14884.335,14884.335
1689456,251992,1.0,4,-1131.0,-1115.0,7834.32,3.78
1607455,209071,1.0,5,-2141.0,-2177.0,10082.025,10082.025
1817553,395162,0.0,73,-245.0,-245.0,132.03,132.03
2689418,344330,1.0,4,-2788.0,-2788.0,7981.2,7981.2
1387087,290685,0.0,34,-1373.0,-1373.0,1126.8,1126.8
2738039,186359,1.0,2,-688.0,-685.0,22080.6,22080.6
1030038,205961,1.0,5,-222.0,-224.0,17886.645,17886.645
1439727,218679,2.0,11,-416.0,-421.0,17718.885,17718.885
1256642,302175,3.0,11,-9.0,-11.0,15972.66,15972.66
1907373,327443,1.0,3,-1714.0,-1727.0,2921.67,2921.67
1649188,174530,1.0,8,-1036.0,-1039.0,17830.125,17830.125
2083062,241999,0.0,15,-850.0,-850.0,31500.0,31500.0
2480726,401496,2.0,23,-79.0,-111.0,66864.96,1308.105
1413336,217429,0.0,17,-2869.0,-2888.0,4050.0,4050.0
1150590,277865,0.0,16,-555.0,-555.0,527.535,527.535
1769222,357910,1.0,3,-160.0,-170.0,32580.765,32580.765
2641312,110416,1.0,3,-418.0,-429.0,19002.33,19002.33
1664501,207480,1.0,4,-181.0,-203.0,18096.255,18096.255
1776441,106573,0.0,68,-1519.0,-1519.0,233.1,233.1
2547542,423188,0.0,36,-180.0,-181.0,46143.36,46143.36
2066179,193848,1.0,8,-2233.0,-2254.0,15737.985,86.58
1626138,400496,1.0,6,-2114.0,-2125.0,15737.985,483.795
1267955,347644,2.0,8,-2806.0,-2806.0,5567.355,5567.355
2589495,338475,0.0,59,-1665.0,-1665.0,239.04,239.04
2464236,148174,0.0,53,-1518.0,-1521.0,6750.0,6750.0
2762955,228467,0.0,35,-224.0,-224.0,558.135,558.135
1229470,146627,1.0,7,-866.0,-865.0,23822.145,23822.145
1328023,298663,1.0,21,-636.0,-640.0,5871.33,5871.33
1688353,195089,1.0,7,-2036.0,-2040.0,3510.045,3510.045
2077446,422604,1.0,4,-143.0,-156.0,16785.09,16785.09
1678284,434557,2.0,10,-1529.0,-1539.0,18319.41,18319.41
1457158,291703,1.0,6,-755.0,-775.0,26327.97,26327.97
1007376,110568,0.0,56,-334.0,-334.0,1.35,1.35
1539146,348031,0.0,36,-32.0,-30.0,22793.58,13500.0
1343754,107725,1.0,5,-629.0,-658.0,7658.235,7658.235
1771031,325777,4.0,11,-205.0,-210.0,26642.655,26642.655
1235617,162582,0.0,92,-472.0,-472.0,4296.015,4296.015
2794863,375748,1.0,6,-1138.0,-1161.0,10309.815,10309.815
1698083,302325,1.0,1,-983.0,-994.0,16698.51,16698.51
1241732,192437,0.0,47,-1747.0,-1730.0,3375.0,3375.0
1532843,395780,1.0,5,-144.0,-144.0,21870.225,21870.225
2027023,162833,0.0,123,-20.0,-20.0,3544.56,3544.56
2257796,177312,1.0,8,-562.0,-569.0,51479.55,51479.55
1907326,110917,1.0,15,-899.0,-913.0,22483.935,97.875
1729343,291635,1.0,3,-2181.0,-2209.0,5111.55,5111.55
2584830,358855,1.0,3,-294.0,-310.0,13342.68,13342.68
2353542,344805,0.0,13,-2704.0,-2693.0,5.67,5.67
2569883,206878,0.0,2,-493.0,-501.0,2250.0,2250.0
1598769,234962,0.0,7,-761.0,-767.0,8349.795,8349.795
1499764,170838,1.0,10,-198.0,-199.0,7650.45,7650.45
1088635,275438,1.0,17,-259.0,-265.0,18101.205,18101.205
2011380,131284,0.0,125,-742.0,-742.0,66375.0,66375.0
2341366,184415,0.0,88,-278.0,-278.0,2.25,2.25
2221655,233976,1.0,2,-704.0,-723.0,5688.54,5688.54
1822604,213238,1.0,5,-772.0,-771.0,29540.835,29540.835
2729465,229843,1.0,7,-932.0,-935.0,13271.76,13271.76
2038918,262375,0.0,100,-869.0,-869.0,514.53,514.53
2403831,297978,1.0,22,-1823.0,-1832.0,18666.0,18666.0
2570032,308662,1.0,3,-1964.0,-1973.0,17702.73,17702.73
1645511,184333,0.0,56,-284.0,-284.0,172.485,172.485
2444558,240886,1.0,25,-678.0,-683.0,22121.955,22121.955
2294010,131195,1.0,5,-41.0,-61.0,5143.14,5143.14
1331889,347741,1.0,1,-2823.0,-2838.0,3861.72,3861.72
2001420,142814,0.0,26,-689.0,-706.0,11230.02,11230.02
1721968,433799,1.0,4,-313.0,-328.0,9135.045,9135.045
1622622,190779,0.0,14,-508.0,-508.0,4430.52,4430.52
1134257,166749,1.0,4,-1057.0,-1093.0,9830.025,9830.025
2805676,334926,1.0,3,-1459.0,-1470.0,6752.61,6752.61
1903418,187326,1.0,9,-282.0,-280.0,65790.0,63880.605
2526860,183996,1.0,7,-166.0,-195.0,33050.34,80.46
2557351,347666,0.0,32,-396.0,-397.0,6720.93,6720.93
1313722,405939,1.0,6,-689.0,-706.0,8233.83,8233.83
2570986,192015,0.0,8,-2319.0,-2335.0,4500.0,4500.0
1982249,409104,1.0,9,-101.0,-99.0,9082.125,8749.125
2207276,159920,1.0,6,-595.0,-620.0,7671.06,7671.06
1697781,213598,0.0,9,-1217.0,-1219.0,22500.0,22500.0
1437535,200367,0.0,23,-2783.0,-2799.0,3375.0,3375.0
2679082,308840,1.0,3,-206.0,-222.0,16217.505,16217.505
1037850,122161,0.0,4,-1116.0,-1116.0,1249.965,1249.965
2378059,284684,0.0,61,-1270.0,-1270.0,7200.0,7200.0
1419912,135828,1.0,3,-2229.0,-2251.0,6523.65,6523.65
1245306,127803,1.0,1,-30.0,-43.0,6883.335,6883.335
2379412,441957,1.0,12,-281.0,-290.0,11414.745,11414.745
1434467,125581,1.0,3,-1615.0,-1638.0,5398.245,5398.245
1942222,432935,0.0,8,-161.0,-180.0,1636.875,1636.875
1146954,445683,0.0,12,-985.0,-985.0,13500.0,13500.0
1958888,415549,1.0,14,-36.0,-36.0,11433.105,11433.105
2199422,220428,1.0,3,-570.0,-574.0,48698.595,48698.595
1411106,419156,0.0,75,-1339.0,-1339.0,1125.0,1125.0
2450112,380541,1.0,1,-399.0,-407.0,66513.555,66513.555
2203207,149410,0.0,10,-786.0,-794.0,3404.205,3404.205
2528871,224514,1.0,5,-319.0,-356.0,7108.155,1231.38
2613745,421035,1.0,15,-113.0,-132.0,22860.63,22860.63
2260867,417083,1.0,7,-794.0,-810.0,16075.08,16075.08
1282607,250071,1.0,3,-1261.0,-1290.0,13285.26,13285.26
1561275,389830,0.0,13,-2531.0,-2559.0,4500.0,450.0
1121845,240340,1.0,8,-2803.0,-2815.0,2241.855,2241.855
2347793,419355,1.0,5,-2217.0,-2221.0,17430.615,17430.615
1155281,152507,1.0,8,-1335.0,-1353.0,5325.12,5325.12
2789547,429915,1.0,14,-150.0,-171.0,34267.5,34267.5
2213521,276546,1.0,19,-57.0,-61.0,39976.65,39976.65
2270792,270858,0.0,30,-42.0,-45.0,33907.05,33907.05
2716867,430657,1.0,8,-40.0,-71.0,31836.465,31836.465
1952306,426011,1.0,8,-842.0,-854.0,44964.0,44964.0
2594075,253050,4.0,18,-464.0,-505.0,22693.095,22693.095
1158474,360041,1.0,18,-50.0,-54.0,39843.135,39843.135
2148601,179454,0.0,34,-205.0,-205.0,19.305,19.305
1359554,368862,1.0,11,-2255.0,-2255.0,12088.8,12088.8
2681456,361816,1.0,1,-545.0,-556.0,12080.52,12080.52
1518413,180143,0.0,23,-284.0,-284.0,3320.37,3320.37
1958796,280931,1.0,7,-267.0,-271.0,12691.035,12691.035
2100316,211019,1.0,4,-2313.0,-2323.0,3644.145,3633.75
1862405,292285,0.0,73,-1393.0,-1393.0,0.9,0.9
1179369,392814,0.0,52,-1951.0,-1968.0,3375.0,3375.0
1718604,179600,2.0,4,-1963.0,-1993.0,207529.2,207529.2
2712594,142423,0.0,68,-662.0,-662.0,200.88,200.88
1262040,205745,0.0,15,-2277.0,-2286.0,3375.0,3375.0
1538055,218630,1.0,7,-1407.0,-1376.0,2713.86,194.715
1011021,330746,2.0,23,-845.0,-862.0,1116.135,1116.135
2291334,151132,1.0,7,-358.0,-362.0,99290.7,99290.7
1609619,444186,0.0,88,-1147.0,-1147.0,1125.0,1125.0
1237204,339175,0.0,50,-2396.0,-2396.0,450.0,450.0
1799772,291155,0.0,6,-2194.0,-2209.0,6750.0,6750.0
1947522,423212,1.0,5,-1574.0,-1608.0,11908.395,291.42
1108109,161970,2.0,9,-251.0,-265.0,23876.55,23876.55
2784769,174884,1.0,6,-2449.0,-2453.0,2410.245,2410.245
2444854,379475,1.0,10,-377.0,-383.0,24172.65,24172.65
1643173,115884,1.0,19,-1018.0,-1030.0,6999.345,6999.345
2605672,192623,0.0,102,-336.0,-336.0,188.055,188.055
2712901,433441,0.0,86,-581.0,-583.0,4500.0,4500.0
2088951,359522,1.0,2,-443.0,-456.0,9543.915,9543.915
1772344,253542,0.0,17,-1714.0,-1719.0,9000.0,9000.0
1485704,433014,1.0,3,-725.0,-741.0,10624.68,10624.68
2064218,394997,0.0,36,-1713.0,-1720.0,7875.0,7875.0
1283701,235072,1.0,16,-649.0,-694.0,21544.965,21544.965
2137341,239411,0.0,34,-1853.0,-1861.0,6750.0,6750.0
1076478,368432,1.0,5,-103.0,-112.0,30271.95,30271.95
1845485,204398,0.0,61,-792.0,-792.0,124.965,124.965
2045849,402380,0.0,43,-2422.0,-2437.0,10800.0,10800.0
1626090,244581,1.0,3,-1913.0,-1925.0,7649.235,7649.235
2002587,128861,1.0,5,-732.0,-739.0,5045.985,5045.985
1331005,275868,1.0,11,-876.0,-885.0,8179.02,8179.02
2023645,391854,1.0,2,-437.0,-451.0,42547.995,42547.995
1234504,220648,1.0,1,-1088.0,-1102.0,7570.935,7570.935
1956292,233934,0.0,43,-522.0,-541.0,2250.0,2250.0
1007381,411467,0.0,24,-972.0,-972.0,18728.055,18728.055
1728673,165077,3.0,16,-244.0,-255.0,34555.095,34555.095
1676377,252272,1.0,21,-5.0,-6.0,14455.395,14455.395
1747319,106018,10.0,10,-23.0,-24.0,11679.3,11679.3
1219710,380750,4.0,9,-111.0,-124.0,81618.84,81618.84
1585599,420339,0.0,22,-119.0,-125.0,7135.56,2185.56
1305767,420401,1.0,11,-9.0,-20.0,12317.04,12317.04
2202825,327955,1.0,2,-2881.0,-2881.0,4919.58,4919.58
2437387,217726,1.0,8,-1288.0,-1300.0,4767.885,4767.885
1563217,345827,0.0,56,-1468.0,-1468.0,1125.0,1125.0
2509933,390596,2.0,9,-1898.0,-1898.0,8601.57,8601.57
1053741,272617,0.0,7,-173.0,-173.0,8021.205,4950.0
1912591,419309,1.0,10,-1197.0,-1224.0,16303.14,16303.14
1620646,446105,1.0,5,-135.0,-153.0,24649.11,24649.11
2450762,102961,0.0,88,-1221.0,-1221.0,66.69,66.69
2737991,305696,2.0,6,-15.0,-15.0,11276.775,11276.775
1220488,322430,1.0,4,-1098.0,-1118.0,4216.95,4216.95
2247003,373501,1.0,3,-298.0,-294.0,28502.82,27458.46
1856358,134750,3.0,4,-450.0,-479.0,16065.315,719.37
1985093,205724,1.0,9,-159.0,-187.0,16415.01,16415.01
2379077,376905,1.0,10,-1810.0,-1790.0,7731.855,7730.1
1716925,285347,1.0,9,-2022.0,-2024.0,14103.585,14103.585
2506386,392613,1.0,9,-814.0,-826.0,5179.05,5179.05
2300847,435586,1.0,8,-277.0,-281.0,10556.505,10556.505
1129019,326199,2.0,6,-367.0,-385.0,147185.55,147185.55
1914392,397807,0.0,14,-2797.0,-2797.0,1125.0,1125.0
2636254,122627,1.0,13,-1028.0,-1003.0,8851.5,7069.5
2139020,447177,1.0,3,-1481.0,-1506.0,20899.395,20899.395
2235501,337412,1.0,6,-1227.0,-1276.0,3066.3,3066.3
2095037,145308,0.0,28,-31.0,-35.0,13063.185,13063.185
1419855,135313,0.0,56,-2161.0,-2170.0,13500.0,13500.0
1818900,232230,1.0,2,-848.0,-849.0,18962.46,18962.46
1286895,356357,1.0,12,-630.0,-643.0,23561.73,23561.73
1328598,249455,0.0,14,-2311.0,-2317.0,4500.0,4500.0
1956481,329406,1.0,3,-198.0,-238.0,10840.5,10840.5
1994582,352543,1.0,2,-996.0,-998.0,18320.76,18320.76
1545150,420280,0.0,102,-1525.0,-1525.0,4500.0,4500.0
1127383,398815,1.0,5,-256.0,-256.0,9292.995,9292.995
1862195,283548,1.0,1,-326.0,-350.0,28111.725,28111.725
2327786,269252,0.0,35,-1680.0,-1695.0,2250.0,2250.0
2524327,413961,1.0,11,-1333.0,-1338.0,8227.395,8227.395
2617525,270168,0.0,115,-150.0,-150.0,254.07,254.07
1139296,385929,0.0,1,-2762.0,-2779.0,4500.0,4500.0
1752838,354164,1.0,18,-112.0,-117.0,37199.835,32361.705
2196334,298626,0.0,62,-1069.0,-1090.0,12375.0,12375.0
1056229,196949,0.0,23,-921.0,-921.0,296.595,296.595
1509864,199155,1.0,4,-388.0,-390.0,6091.245,6091.245
2235700,224953,1.0,3,-496.0,-513.0,6244.605,6244.605
2082460,101841,1.0,23,-1828.0,-1831.0,10332.18,10332.18
2391645,225448,0.0,87,-405.0,-405.0,662.94,662.94
1206371,391771,1.0,11,-404.0,-413.0,3580.56,3580.56
1461640,142101,0.0,52,-275.0,-281.0,18767.205,18767.205
1223532,107130,3.0,7,-983.0,-987.0,21422.25,21422.25
1956408,370125,0.0,73,-1490.0,-1490.0,148500.0,148500.0
1561782,284726,0.0,21,-2215.0,-2224.0,9000.0,9000.0
2083704,391531,0.0,7,-2367.0,-2374.0,3375.0,3150.0
2194314,449944,1.0,1,-978.0,-973.0,13448.16,4025.16
2189793,433185,1.0,1,-936.0,-949.0,12927.735,12927.735
1488754,433574,0.0,20,-2558.0,-2558.0,4500.0,4500.0
2805430,442469,1.0,9,-2110.0,-2120.0,5241.96,5241.96
1129430,283203,1.0,15,-1701.0,-1694.0,13226.04,12535.245
2584763,147203,1.0,19,-910.0,-918.0,2513.52,2513.52
1187443,258747,1.0,5,-257.0,-283.0,10807.605,10807.605
1852019,176830,1.0,9,-648.0,-693.0,5367.06,5367.06
2010918,249521,0.0,13,-2503.0,-2517.0,4500.0,4500.0
1362805,423664,1.0,6,-454.0,-470.0,5169.915,5169.915
1797871,298192,1.0,2,-926.0,-953.0,31576.86,31576.86
1954118,389102,1.0,10,-389.0,-395.0,20492.28,20492.28
2798340,325280,1.0,8,-419.0,-433.0,10667.34,10667.34
1877694,170915,1.0,4,-223.0,-234.0,49398.525,49398.525
1051818,137415,0.0,26,-2270.0,-2293.0,9000.0,9000.0
1336840,385438,1.0,11,-299.0,-323.0,46131.075,46131.075
1251380,308058,1.0,4,-1362.0,-1369.0,9640.305,9640.305
2760149,334909,0.0,26,-2209.0,-2219.0,9000.0,9000.0
1096443,205153,1.0,2,-621.0,-630.0,19913.31,19913.31
1710988,194485,0.0,12,-861.0,-861.0,18000.0,18000.0
2458282,424173,0.0,11,-2471.0,-2471.0,4500.0,4500.0
2108242,404396,1.0,2,-1770.0,-1770.0,8557.695,8557.695
1924077,261613,1.0,9,-2036.0,-2045.0,22030.65,22030.65
2060198,415738,3.0,9,-302.0,-305.0,34245.0,34245.0
1259812,383409,0.0,3,-642.0,-642.0,25245.0,25245.0
2532472,246556,2.0,25,-255.0,-256.0,44214.255,44214.255
1242580,306824,1.0,13,-352.0,-353.0,36598.095,36598.095
1360092,351781,0.0,93,-396.0,-396.0,429.255,429.255
2300525,123951,1.0,9,-1341.0,-1311.0,6743.7,6654.87
1487709,152452,0.0,17,-2220.0,-2231.0,4500.0,4500.0
2257500,426754,0.0,4,-183.0,-179.0,4430.115,3785.355
1960267,215318,0.0,12,-709.0,-709.0,4.05,4.05
1947224,405446,1.0,4,-635.0,-642.0,34717.5,34717.5
2190142,398381,1.0,2,-1904.0,-1907.0,3531.33,3531.33
1447070,369666,1.0,1,-1715.0,-1725.0,14494.68,14494.68
2410077,409743,1.0,6,-640.0,-643.0,11445.48,11445.48
1306766,389486,1.0,6,-468.0,-507.0,7496.1,7496.1
1617168,215525,1.0,10,-616.0,-618.0,52308.09,52308.09
2340981,279825,1.0,17,-1860.0,-1886.0,18041.625,188.01
1016580,438476,0.0,79,-863.0,-863.0,117.225,117.225
1369955,292366,0.0,9,-159.0,-159.0,361.62,361.62
1050936,201357,1.0,7,-1220.0,-1227.0,18661.05,18661.05
1330806,133064,0.0,32,-1464.0,-1464.0,14.31,14.31
2294330,231409,1.0,4,-302.0,-314.0,19716.39,19716.39
1265676,103886,1.0,3,-2518.0,-2522.0,1801.8,1801.8
1640165,194320,0.0,74,-485.0,-485.0,13500.0,13500.0
2114210,371608,0.0,10,-448.0,-467.0,10199.79,10199.79
2701943,289826,0.0,91,-577.0,-577.0,641.835,641.835
1885271,222564,0.0,46,-94.0,-94.0,2235.375,2235.375
1723211,196461,1.0,8,-242.0,-241.0,11593.395,11593.395
2106025,114980,1.0,1,-2334.0,-2360.0,9547.92,9547.92
1899451,389229,1.0,4,-2810.0,-2810.0,5218.74,5218.74
2313843,372060,1.0,10,-879.0,-907.0,50175.855,4049.055
1308804,171351,1.0,3,-191.0,-243.0,14740.515,14740.515
2637500,266560,1.0,5,-438.0,-437.0,18235.08,18235.08
1388873,275583,1.0,3,-897.0,-938.0,9964.935,9964.935
1384966,189332,1.0,8,-1693.0,-1699.0,7559.505,7559.505
1865445,291212,0.0,119,-1301.0,-1301.0,398.88,398.88
2050786,184639,1.0,5,-76.0,-99.0,10508.85,10508.85
1092334,422899,0.0,20,-621.0,-621.0,416961.945,416961.945
1874231,183005,1.0,7,-854.0,-854.0,51224.22,51224.22
1925979,292394,0.0,58,-1437.0,-1437.0,692.28,692.28
2440197,262099,1.0,22,-908.0,-909.0,6346.665,6346.665
1008309,340441,6.0,7,-213.0,-217.0,6658.92,16581.69
2540359,391922,2.0,8,-94.0,-103.0,4574.475,4574.475
2535545,452042,1.0,3,-261.0,-272.0,24178.59,24178.59
1749928,308240,1.0,9,-2188.0,-2207.0,11103.885,11103.885
2118396,151357,0.0,78,-227.0,-236.0,21245.76,21245.76
2283433,204821,0.0,7,-2109.0,-2128.0,9000.0,9000.0
1202113,383537,0.0,40,-660.0,-660.0,1862.685,1862.685
1595879,453131,1.0,11,-1231.0,-1232.0,31529.25,31529.25
1133204,183044,1.0,7,-2520.0,-2520.0,4900.995,4900.995
2565249,243139,1.0,9,-15.0,-37.0,8497.575,8497.575
2102433,428545,0.0,13,-2759.0,-2759.0,20250.0,20250.0
2831837,206936,1.0,5,-270.0,-282.0,7947.945,7947.945
2811834,268806,1.0,7,-310.0,-318.0,7216.2,7216.2
2696715,302874,0.0,41,-1727.0,-1744.0,2250.0,2250.0
1998522,144212,0.0,6,-157.0,-157.0,277.875,277.875
1518500,111153,1.0,1,-2299.0,-2307.0,5391.945,5391.945
1682453,378506,2.0,3,-999.0,-1009.0,21743.055,21743.055
1406356,172393,0.0,54,-1291.0,-1300.0,8508.78,8508.78
2709140,331109,1.0,1,-2140.0,-2160.0,2215.35,2215.35
2755048,155024,0.0,2,-888.0,-887.0,2250.0,2250.0
2729749,129856,1.0,4,-618.0,-621.0,17160.075,17160.075
1573635,362390,0.0,38,-28.0,-28.0,2493.855,2493.855
2744944,213896,1.0,7,-65.0,-76.0,18981.945,18981.945
2127985,108104,1.0,2,-1354.0,-1355.0,25882.425,25882.425
1604824,129238,1.0,6,-1516.0,-1527.0,6752.34,6752.34
2687618,189367,1.0,7,-1255.0,-1258.0,7606.89,7606.89
2515500,356939,1.0,10,-377.0,-407.0,14216.355,14216.355
2564476,266904,1.0,3,-2190.0,-2198.0,4086.045,4086.045
1446664,297665,1.0,4,-514.0,-523.0,12485.7,12485.7
1947388,348723,1.0,2,-840.0,-855.0,24561.765,24561.765
1723316,109320,1.0,8,-2167.0,-2192.0,5687.055,5673.87
1455371,228554,0.0,19,-2486.0,-2486.0,68355.0,68355.0
1565493,406136,1.0,9,-724.0,-731.0,11916.315,11916.315
1132543,169421,0.0,33,-2701.0,-2712.0,4050.0,4050.0
2532560,272528,0.0,1,-728.0,-732.0,2356.065,2356.065
1660590,286169,1.0,2,-1451.0,-1504.0,19676.565,19676.565
2165719,358186,2.0,8,-78.0,-111.0,15270.3,15270.3
2467738,358936,0.0,7,-2603.0,-2614.0,9000.0,9000.0
1079459,155995,1.0,6,-809.0,-843.0,6078.465,6078.465
2208373,199186,1.0,1,-237.0,-242.0,34437.645,34437.645
1670266,322722,1.0,15,-1202.0,-1203.0,10742.31,10742.31
1466918,405605,1.0,4,-1466.0,-1478.0,13748.13,13748.13
1061710,115972,1.0,5,-826.0,-840.0,23008.5,23008.5
1036483,402879,1.0,6,-1350.0,-1362.0,6210.18,6210.18
1920105,247934,0.0,5,-541.0,-541.0,5441.355,5441.355
1920173,291544,1.0,5,-741.0,-751.0,11011.545,11011.545
2226939,257905,1.0,5,-721.0,-728.0,4060.125,4060.125
2116698,337270,0.0,9,-880.0,-876.0,15750.0,15750.0
1110109,406225,1.0,2,-1338.0,-1358.0,4569.48,4567.5
1542279,415801,1.0,6,-1900.0,-1908.0,2814.93,2814.93
2387047,247572,1.0,23,-648.0,-651.0,4716.45,4716.45
1697793,443113,1.0,12,-345.0,-353.0,23599.755,23599.755
2411513,421255,1.0,15,-281.0,-311.0,33608.655,33608.655
2357802,207569,1.0,5,-66.0,-72.0,8012.925,8012.925
2235148,365688,0.0,54,-2050.0,-2050.0,26.055,26.055
1914472,354144,2.0,19,-213.0,-223.0,15792.975,15792.975
1207862,327034,0.0,38,-2199.0,-2199.0,13500.0,13500.0
2080387,110525,0.0,25,-2491.0,-2502.0,9000.0,9000.0
1487482,291922,1.0,7,-2855.0,-2855.0,8193.69,8193.69
2696302,209982,1.0,4,-1560.0,-1569.0,5219.55,5219.55
1640836,417149,1.0,3,-855.0,-897.0,6778.98,6778.98
2540291,441963,1.0,2,-528.0,-546.0,41952.06,41952.06
2287321,112213,0.0,11,-2141.0,-2152.0,9000.0,9000.0
2186853,158146,0.0,55,-1496.0,-1496.0,252.54,252.54
1419347,336163,1.0,4,-144.0,-149.0,18076.23,18076.23
1206630,301579,1.0,7,-272.0,-274.0,35852.895,35852.895
1132263,228383,0.0,12,-836.0,-838.0,15445.395,15445.395
1790969,196823,1.0,3,-338.0,-344.0,27398.25,27398.25
2681725,405073,0.0,80,-654.0,-654.0,225.0,225.0
1574008,343419,1.0,7,-1179.0,-1196.0,12521.16,12521.16
1363621,182213,0.0,169,-622.0,-635.0,10800.0,10800.0
1900210,141863,1.0,14,-837.0,-846.0,25032.96,25032.96
1040117,333600,1.0,11,-1364.0,-1364.0,3427.2,3427.2
1949384,294727,1.0,10,-216.0,-230.0,22698.9,22698.9
1417351,360770,0.0,61,-1884.0,-1884.0,396.45,396.45
2642349,411571,1.0,12,-101.0,-122.0,4802.535,4802.535
2748775,297314,1.0,19,-553.0,-557.0,27449.82,27449.82
1520197,298170,1.0,6,-1737.0,-1752.0,2553.795,2553.795
2258115,290178,1.0,4,-398.0,-412.0,4045.995,4045.995
1028645,180153,0.0,27,-931.0,-931.0,3150.0,3150.0
1817438,442277,1.0,26,-1929.0,-1960.0,5579.55,159.075
1872924,161953,1.0,2,-1526.0,-1535.0,4166.955,4166.955
1213295,435074,4.0,17,-138.0,-144.0,21080.88,21080.88
1956354,325305,0.0,58,-1265.0,-1276.0,7875.0,7875.0
1405607,452774,2.0,9,-857.0,-864.0,25259.04,25259.04
2010713,253772,1.0,5,-425.0,-429.0,10555.515,10555.515
1847514,306226,1.0,3,-2809.0,-2809.0,10775.43,10775.43
1254736,313534,1.0,3,-280.0,-280.0,25245.0,25245.0
1001757,155662,1.0,3,-510.0,-514.0,5071.905,5071.905
2690847,282956,0.0,80,-1196.0,-1209.0,3375.0,3375.0
2033567,190741,0.0,47,-826.0,-826.0,934.2,934.2
1783502,372322,0.0,27,-19.0,-20.0,11416.86,11414.655
2064502,295423,1.0,4,-2221.0,-2226.0,3049.02,3049.02
1690539,107390,1.0,13,-720.0,-720.0,32823.675,32823.675
2247582,450957,0.0,51,-1500.0,-1500.0,1958.04,1958.04
1577245,261526,1.0,6,-2294.0,-2303.0,10704.96,10704.96
2628300,415815,0.0,109,-1589.0,-1589.0,4050.0,4050.0
2583075,164393,0.0,17,-2256.0,-2272.0,3375.0,3375.0
1343566,329217,0.0,48,-79.0,-79.0,2139.66,2139.66
2440235,367798,0.0,37,-2277.0,-2277.0,3565.89,3565.89
1077311,436037,1.0,1,-663.0,-668.0,17725.995,17725.995
2745087,150346,1.0,7,-1812.0,-1833.0,5108.67,5107.5
1155810,416285,0.0,42,-530.0,-530.0,62.955,62.955
1444783,144516,0.0,45,-452.0,-452.0,59.625,59.625
2238397,275249,1.0,9,-2325.0,-2329.0,4282.56,4282.56
1162738,311259,1.0,6,-1406.0,-1407.0,22106.34,22106.34
1912569,406796,1.0,3,-82.0,-88.0,3508.29,3508.29
2297191,226398,1.0,1,-270.0,-277.0,20979.0,20979.0
1158426,344672,1.0,3,-276.0,-291.0,32351.265,32351.265
2536151,239156,0.0,45,-1087.0,-1087.0,236.43,236.43
2427918,107975,1.0,1,-137.0,-160.0,11797.065,11797.065
1210752,436513,7.0,8,-8.0,-36.0,55318.68,90000.0
1284816,108635,1.0,10,-2511.0,-2639.0,1994.04,1994.04
2353831,242805,1.0,8,-198.0,-197.0,18918.0,18918.0
1693382,413790,7.0,106,-821.0,-513.0,1350.0,1350.0
1940860,209087,0.0,10,-493.0,-493.0,1860.66,1860.66
2055511,283508,1.0,4,-68.0,-95.0,9533.25,9533.25
1461129,204013,1.0,3,-2909.0,-2909.0,8295.75,8295.75
2002345,293683,1.0,5,-1219.0,-1233.0,6783.84,6783.84
2497688,413536,1.0,1,-2855.0,-2885.0,8585.325,8585.325
2744813,166197,0.0,87,-887.0,-887.0,2718.72,2718.72
1006466,363890,1.0,12,-387.0,-389.0,55523.52,55523.52
1817531,362364,0.0,128,-744.0,-774.0,1729.26,129.915
1711087,129110,1.0,1,-358.0,-363.0,66093.93,66093.93
2127352,441853,0.0,32,-2114.0,-2129.0,9000.0,9000.0
2012056,381079,1.0,3,-481.0,-543.0,4394.43,4394.43
2770188,169468,1.0,2,-1093.0,-1092.0,40402.485,40402.485
1597300,381375,1.0,1,-1537.0,-1563.0,6516.585,6516.585
1746050,234537,1.0,8,-256.0,-273.0,4763.97,4763.97
2137643,121921,0.0,98,-503.0,-503.0,4041.45,4041.45
1676966,377945,1.0,7,-2092.0,-2103.0,16118.37,16118.37
2069953,189989,1.0,6,-1561.0,-1578.0,11538.72,11538.72
1179942,115498,1.0,7,-292.0,-302.0,6341.76,6341.76
1052431,414815,0.0,80,-1210.0,-1210.0,862.965,862.965
1050459,183103,1.0,10,-122.0,-146.0,9742.05,9742.05
1431491,373213,1.0,3,-486.0,-491.0,6322.86,6322.86
1772244,156592,1.0,2,-162.0,-175.0,8565.48,8565.48
2221988,174471,1.0,12,-383.0,-400.0,7319.34,7319.34
1446861,439323,1.0,2,-1227.0,-1239.0,12963.15,12963.15
1415676,110401,11.0,22,-432.0,-478.0,20448.54,20448.54
2317844,396038,1.0,2,-1067.0,-1077.0,2941.38,2941.38
1985593,390614,1.0,4,-340.0,-340.0,13710.51,13710.51
2140136,333434,1.0,1,-200.0,-203.0,12446.865,12446.865
1907267,261320,1.0,1,-199.0,-229.0,9317.115,9317.115
2486388,115547,1.0,2,-2905.0,-2882.0,4621.77,0.27
1743314,114900,1.0,3,-584.0,-599.0,5666.625,5666.625
2813205,148004,1.0,7,-1014.0,-1016.0,8268.57,8268.57
1499202,184601,1.0,5,-840.0,-844.0,7791.255,7791.255
2436542,426198,0.0,17,-419.0,-419.0,5935.815,5935.815
1731078,212852,0.0,12,-359.0,-359.0,1204.515,1204.515
1540400,345177,1.0,5,-926.0,-929.0,4525.2,4525.2
2224997,105533,1.0,1,-2152.0,-2166.0,11055.825,11055.825
2585595,302741,1.0,3,-1067.0,-1103.0,6918.3,6918.3
1201775,349376,0.0,28,-1734.0,-1734.0,90.0,90.0
1830776,113319,2.0,10,-1420.0,-1434.0,12833.865,12833.865
1570496,253319,4.0,33,-142.0,-173.0,36238.905,36238.905
1829618,249494,1.0,7,-59.0,-71.0,12438.405,12438.405
1414238,101105,0.0,5,-162.0,-171.0,2250.0,2250.0
2399276,308954,1.0,5,-1434.0,-1449.0,8709.885,8709.885
1262488,128213,1.0,3,-1217.0,-1237.0,12911.625,12911.625
1085359,194372,1.0,2,-534.0,-525.0,41572.62,41423.4
1806444,311063,0.0,36,-2607.0,-2613.0,5400.0,5400.0
1315794,216564,4.0,4,-206.0,-208.0,173244.24,173244.24
2707074,446328,1.0,14,-1103.0,-1104.0,32064.57,32064.57
1666380,109066,1.0,17,-175.0,-174.0,12345.48,12345.48
2570561,404008,0.0,12,-268.0,-268.0,348.975,348.975
1568769,368854,1.0,2,-493.0,-500.0,8806.455,27182.295
1974350,262289,2.0,8,-639.0,-646.0,35926.335,35926.335
2800709,293149,1.0,3,-770.0,-813.0,11757.15,11757.15
1821539,225987,1.0,3,-2272.0,-2271.0,36444.24,36444.24
2658233,402610,1.0,1,-763.0,-772.0,9497.61,9497.61
2310896,374765,1.0,7,-2220.0,-2229.0,5587.56,5587.56
1590412,238041,1.0,22,-87.0,-90.0,10865.7,10865.7
2404374,139155,2.0,101,-2122.0,-2121.0,3600.0,2857.5
2291430,259827,0.0,52,-471.0,-479.0,15626.385,15626.385
2141540,114649,0.0,48,-266.0,-266.0,1567.89,1567.89
1032991,226566,1.0,2,-148.0,-167.0,4252.23,4252.23
1328175,276102,1.0,8,-857.0,-860.0,14673.69,14673.69
1171291,143365,0.0,48,-1818.0,-1824.0,10800.0,10800.0
2446786,451508,0.0,7,-506.0,-506.0,4401.945,4401.945
2766987,104675,0.0,37,-177.0,-177.0,3.51,3.51
2130021,145534,1.0,4,-641.0,-650.0,6313.455,6313.455
1259604,366732,1.0,7,-288.0,-318.0,7371.27,7371.27
1692480,142167,1.0,12,-2036.0,-2039.0,10405.17,435.69
1634847,285037,0.0,77,-606.0,-606.0,432.135,432.135
2804373,220240,0.0,57,-147.0,-147.0,2.205,2.205
2293452,140531,1.0,1,-610.0,-626.0,11535.345,11535.345
1226365,304206,1.0,10,-2432.0,-2440.0,9880.92,402.615
2690702,421682,0.0,59,-1687.0,-1687.0,158.625,158.625
2007262,365324,1.0,27,-30.0,-30.0,16676.46,16676.46
2652014,425504,0.0,28,-278.0,-278.0,453.915,453.915
1724285,106597,1.0,1,-411.0,-427.0,7581.33,7581.33
1541172,433741,1.0,5,-2687.0,-2687.0,3299.22,3299.22
2774220,324858,1.0,3,-617.0,-623.0,19481.985,19481.985
1603284,214999,1.0,3,-2061.0,-2070.0,3698.505,3698.505
1961859,183448,1.0,11,-923.0,-972.0,8371.53,8371.53
1242310,260401,1.0,2,-1897.0,-1939.0,10176.57,10176.57
2518396,368309,1.0,6,-2439.0,-2447.0,4016.385,4016.385
2523989,364255,1.0,6,-2205.0,-2202.0,3166.875,3166.875
2103990,103451,1.0,3,-565.0,-581.0,16708.59,16708.59
1208226,132940,1.0,2,-484.0,-542.0,5497.11,5497.11
2221185,393364,0.0,10,-660.0,-660.0,0.855,0.855
1691367,320037,1.0,8,-1087.0,-1079.0,5699.7,5687.1
1071571,140469,1.0,5,-824.0,-835.0,5823.63,5823.63
1736567,319779,1.0,36,-335.0,-340.0,23228.595,23228.595
2756138,128289,0.0,9,-723.0,-727.0,7344.0,7344.0
1839981,279715,0.0,100,-1237.0,-1237.0,5121.495,5121.495
2032746,150159,1.0,5,-875.0,-881.0,14266.35,14266.35
1393827,305746,1.0,17,-50.0,-82.0,9835.47,9835.47
2678504,126292,0.0,125,-146.0,-152.0,3375.0,3375.0
2609465,113235,1.0,2,-948.0,-977.0,7525.98,124.02
1078268,399022,1.0,2,-699.0,-722.0,6840.765,6840.765
1062827,250132,1.0,1,-736.0,-759.0,10320.75,10320.75
1284657,435771,1.0,10,-1565.0,-1565.0,10849.86,10849.86
1077689,358839,1.0,15,-1194.0,-1200.0,2434.725,2434.725
1156681,253781,0.0,55,-1776.0,-1776.0,26.505,26.505
2163261,266029,1.0,11,-675.0,-674.0,24089.04,24089.04
1519126,258826,1.0,4,-2550.0,-2560.0,6231.825,6231.825
2262713,422287,0.0,73,-928.0,-938.0,9000.0,9000.0
2474914,212727,1.0,11,-1281.0,-1290.0,5711.715,5711.715
1471780,187967,0.0,37,-247.0,-247.0,4.32,4.32
1792786,156496,1.0,3,-632.0,-643.0,12476.97,12476.97
2361952,306569,0.0,31,-51.0,-70.0,355.5,327.735
1248985,237951,1.0,18,-944.0,-949.0,33636.42,33636.42
2543492,316037,1.0,7,-386.0,-402.0,9152.595,9152.595
2028109,379452,1.0,11,-68.0,-68.0,45506.025,45506.025
2369045,275250,1.0,5,-369.0,-382.0,13336.425,13336.425
2272463,379609,1.0,15,-717.0,-741.0,62323.335,59754.96
2536049,332038,0.0,38,-548.0,-552.0,5376.465,5376.465
1766980,290636,0.0,111,-166.0,-164.0,13500.0,13500.0
2559872,206714,1.0,10,-1201.0,-1204.0,5240.835,5240.835
2728548,410770,1.0,22,-108.0,-109.0,70931.385,70931.385
1734087,111267,1.0,5,-134.0,-143.0,87904.98,87904.98
2623202,140454,2.0,11,-542.0,-546.0,176797.26,176797.26
1491336,265392,1.0,5,-2267.0,-2271.0,18306.675,18306.675
1532866,201610,1.0,2,-375.0,-397.0,23736.825,23736.825
1080022,278650,0.0,54,-1170.0,-1170.0,423.72,423.72
1192369,335608,3.0,14,-531.0,-555.0,39382.2,39382.2
2262618,424809,1.0,9,-71.0,-89.0,11861.775,11861.775
2539871,159979,0.0,23,-264.0,-264.0,364.005,364.005
2582067,209827,1.0,18,-1093.0,-1102.0,8696.835,8696.835
1282821,273758,1.0,2,-1094.0,-1124.0,12561.75,12561.75
2567491,317525,1.0,1,-1776.0,-1796.0,5460.525,5460.525
2083261,393211,0.0,15,-906.0,-906.0,37.845,37.845
1800909,399575,0.0,5,-319.0,-336.0,2250.0,2250.0
1539274,242118,1.0,3,-1487.0,-1491.0,12723.3,12723.3
1258777,144461,0.0,151,-402.0,-411.0,6750.0,6750.0
1915140,334818,1.0,6,-1777.0,-1788.0,13331.16,13331.16
2000990,172882,1.0,4,-1931.0,-1952.0,5842.35,5827.5
2177088,449071,1.0,9,-1079.0,-1094.0,6057.675,6057.675
2274198,420061,1.0,8,-386.0,-385.0,22119.705,22119.705
1355484,266825,1.0,8,-2732.0,-2732.0,6548.85,6548.85
2730535,165735,1.0,9,-2813.0,-2813.0,4198.095,4198.095
2497285,313308,1.0,4,-98.0,-110.0,29052.315,29052.315
2629976,159353,1.0,15,-131.0,-137.0,6205.5,6205.5
1010809,195307,1.0,1,-1687.0,-1694.0,5411.88,5411.88
1281819,358475,0.0,167,-826.0,-826.0,25650.0,25650.0
2729684,454582,0.0,31,-123.0,-135.0,14178.645,14178.645
1963741,317555,0.0,126,-283.0,-283.0,20.25,20.25
2208317,371675,0.0,4,-944.0,-963.0,67.5,67.5
2581722,158630,1.0,11,-1035.0,-1038.0,5892.525,5892.525
1082987,110380,1.0,22,-605.0,-609.0,7100.235,7100.235
1748447,447211,3.0,9,-798.0,-843.0,12471.21,12471.21
2380038,186682,1.0,5,-277.0,-291.0,15039.945,15039.945
1665040,344768,2.0,11,-593.0,-599.0,27857.34,27857.34
2775851,308033,1.0,1,-1421.0,-1437.0,5434.47,5434.47
2165538,300009,1.0,3,-520.0,-520.0,50677.155,50677.155
2446903,169610,1.0,6,-1750.0,-1778.0,11644.335,11644.335
2613923,276039,1.0,1,-2697.0,-2697.0,9525.555,9525.555
1956357,111165,0.0,100,-283.0,-283.0,15922.575,15922.575
2665844,130323,1.0,2,-298.0,-314.0,6219.18,6219.18
1600191,262725,1.0,4,-1881.0,-1880.0,10746.36,10746.36
2568418,292641,1.0,5,-202.0,-214.0,4908.825,4908.825
2673626,279344,0.0,62,-357.0,-357.0,130.455,130.455
1444822,356257,1.0,3,-1094.0,-1120.0,20881.08,20881.08
1577156,374512,1.0,6,-1363.0,-1421.0,8426.16,8426.16
1316575,292505,1.0,10,-1706.0,-1716.0,11238.12,11238.12
2444552,425123,1.0,6,-104.0,-108.0,9312.93,9312.93
1829610,144792,1.0,9,-419.0,-419.0,6129.9,6129.9
2414694,259714,1.0,7,-2910.0,-2916.0,4785.03,4785.03
2317975,384444,1.0,5,-1210.0,-1215.0,31855.05,31855.05
2309297,415106,1.0,3,-5.0,-16.0,17220.555,17220.555
1767581,332453,1.0,2,-184.0,-194.0,19240.425,19240.425
2206637,240227,1.0,9,-1873.0,-1910.0,3165.39,1109.88
1985504,194082,1.0,6,-1767.0,-1772.0,6891.66,6891.66
2765835,199361,0.0,84,-1676.0,-1680.0,8100.0,8100.0
2063450,147388,1.0,2,-1477.0,-1478.0,15569.055,15569.055
2502720,432888,0.0,5,-2692.0,-2722.0,1.125,1.125
1176332,133476,1.0,22,-815.0,-830.0,3756.06,3756.06
2314255,216682,1.0,2,-1301.0,-1326.0,22394.745,22394.745
1919886,399051,0.0,83,-2032.0,-2032.0,252.855,252.855
1205416,367383,1.0,1,-635.0,-635.0,30050.235,30050.235
2011064,297749,0.0,50,-1453.0,-1470.0,4500.0,4500.0
1783459,417910,1.0,6,-607.0,-607.0,17171.91,17171.91
1794502,163458,0.0,52,-166.0,-166.0,80.19,80.19
2496492,393215,0.0,1,-818.0,-818.0,9000.0,9000.0
1969090,429385,1.0,4,-32.0,-34.0,9605.16,9605.16
2380157,284527,1.0,2,-602.0,-652.0,3901.68,228.735
1491942,348845,0.0,6,-387.0,-396.0,4395.24,4395.24
1130700,198012,0.0,36,-1603.0,-1624.0,4500.0,4500.0
1906087,127635,1.0,11,-486.0,-512.0,31367.88,1190.7
1916088,370021,1.0,2,-689.0,-688.0,68034.195,68034.195
2372015,387063,1.0,4,-1731.0,-1752.0,3246.165,8.505
1060291,403932,1.0,1,-479.0,-490.0,9361.395,9361.395
2041881,141708,0.0,43,-1814.0,-1814.0,126.495,126.495
1801024,417710,2.0,2,-676.0,-736.0,46980.0,46980.0
1026159,404358,1.0,1,-306.0,-325.0,9024.48,9024.48
1617699,335191,1.0,6,-933.0,-934.0,13307.175,13307.175
2145857,393517,0.0,63,-1404.0,-1404.0,487.395,487.395
1582560,152745,1.0,7,-497.0,-507.0,15943.5,15943.5
2368983,251657,1.0,2,-2576.0,-2604.0,1909.305,1909.305
1849951,206030,1.0,12,-1362.0,-1346.0,6936.165,783.0
1760982,354993,0.0,39,-1674.0,-1685.0,5625.0,5625.0
1644015,308741,1.0,5,-1027.0,-1033.0,9244.395,9244.395
2269816,378070,1.0,2,-1539.0,-1547.0,9729.81,9729.81
2141178,353647,0.0,32,-2165.0,-2179.0,9000.0,9000.0
2760105,391719,1.0,21,-1936.0,-1942.0,958.95,958.95
1130672,429432,0.0,19,-2650.0,-2650.0,3143.52,3143.52
1692807,261060,1.0,22,-1299.0,-1302.0,31392.0,31392.0
2546738,136934,0.0,35,-1157.0,-1160.0,6750.0,6750.0
2108385,349243,1.0,1,-1254.0,-1265.0,12322.53,12322.53
1514473,256513,0.0,24,-379.0,-379.0,791.73,791.73
1584374,102674,0.0,22,-2336.0,-2356.0,4500.0,4500.0
1648020,126681,2.0,5,-317.0,-323.0,57619.08,57619.08
1590169,229840,1.0,9,-1625.0,-1644.0,2533.275,2533.275
2429493,163202,1.0,2,-610.0,-615.0,12490.875,12490.875
2737315,267919,1.0,1,-1111.0,-1141.0,6586.155,6586.155
2826918,200837,1.0,4,-1309.0,-1330.0,12876.03,12876.03
1110878,281172,1.0,8,-395.0,-394.0,66734.46,66734.46
1057086,410491,0.0,10,-2446.0,-2446.0,2250.0,2250.0
2211289,213564,1.0,2,-1158.0,-1170.0,3737.25,3737.25
2085693,331950,3.0,6,-470.0,-471.0,49480.65,49480.65
2788871,109763,0.0,125,-742.0,-742.0,19125.0,19125.0
1691080,297654,1.0,12,-1411.0,-1423.0,3685.725,3685.725
2508143,164054,1.0,1,-1384.0,-1397.0,4060.125,4060.125
1948383,160509,1.0,23,-2128.0,-2177.0,2537.145,2537.145
1324188,265249,1.0,2,-1015.0,-1022.0,2971.395,2971.395
1897620,167020,1.0,6,-2377.0,-2389.0,5366.07,5366.07
2270038,212777,1.0,5,-275.0,-294.0,7674.525,7674.525
2062932,383768,0.0,5,-1727.0,-1728.0,3150.0,3150.0
1263299,219322,1.0,27,-492.0,-503.0,59355.0,59355.0
1314155,152336,0.0,89,-15.0,-15.0,105.795,105.795
2536030,139751,0.0,66,-1283.0,-1283.0,225.0,225.0
2075857,232162,0.0,73,-202.0,-202.0,330.84,330.84
2790236,132332,1.0,9,-1358.0,-1368.0,26273.205,26273.205
2270534,382121,1.0,11,-1280.0,-1292.0,9049.59,9049.59
2341416,349216,0.0,30,-1877.0,-1877.0,5175.0,5175.0
2023415,401828,1.0,10,-308.0,-320.0,24795.855,24795.855
2527692,338477,1.0,1,-2243.0,-2267.0,7384.77,7384.77
1761705,122367,0.0,68,-1218.0,-1218.0,1037.205,1037.205
1952315,244551,1.0,4,-1265.0,-1287.0,15255.09,15255.09
1974779,435734,2.0,8,-1812.0,-1821.0,86779.575,86779.575
1226083,114613,1.0,4,-1996.0,-1996.0,16413.21,16413.21
2123402,454499,2.0,3,-1519.0,-1525.0,9537.3,9537.3
2022772,307326,1.0,7,-6.0,-37.0,15316.29,1331.325
1449302,295545,4.0,8,-800.0,-658.0,130.95,130.95
2205170,183147,1.0,2,-1625.0,-1648.0,12306.78,12306.78
1205074,395688,0.0,23,-275.0,-275.0,345106.215,345106.215
1895303,276800,1.0,17,-1157.0,-1167.0,13133.655,9014.4
2313826,338383,1.0,6,-1882.0,-1883.0,3635.91,3635.91
1887883,242358,1.0,6,-263.0,-263.0,9727.11,9727.11
2725194,216815,0.0,6,-1175.0,-1192.0,13577.13,13577.13
2506495,238395,1.0,4,-1462.0,-1472.0,3157.83,3157.83
1547204,195698,1.0,10,-349.0,-354.0,4918.005,4918.005
2306074,424378,1.0,7,-322.0,-332.0,23247.315,23247.315
2432658,313303,1.0,11,-621.0,-615.0,4097.7,2.7
2676235,153876,1.0,2,-1401.0,-1412.0,11782.89,11782.89
2728319,391956,1.0,10,-1779.0,-1775.0,4505.265,4505.265
1914962,106004,0.0,34,-1416.0,-1416.0,69.345,69.345
1951668,280586,0.0,18,-822.0,-837.0,17504.1,17504.1
2801566,386499,0.0,22,-450.0,-450.0,2665.935,2665.935
1561307,208615,0.0,6,-156.0,-169.0,4761.765,86.67
2340044,355550,1.0,8,-558.0,-582.0,8712.765,8712.765
1220021,442733,1.0,13,-599.0,-600.0,12046.815,12046.815
2713124,284110,1.0,9,-723.0,-734.0,13312.53,13312.53
2172840,278172,1.0,10,-2440.0,-2433.0,3472.335,3472.335
1126069,124240,1.0,4,-164.0,-172.0,18935.28,18935.28
1211491,442527,1.0,10,-1344.0,-1346.0,9656.1,9656.1
1226441,286941,0.0,97,-29.0,-29.0,3348.045,3348.045
1857174,354573,0.0,5,-102.0,-102.0,2246.31,2246.31
1688842,232480,1.0,2,-827.0,-829.0,8453.025,8453.025
1672186,416513,0.0,44,-1131.0,-1135.0,4500.0,4500.0
1545176,401328,0.0,70,-1209.0,-1209.0,590.76,590.76
2305087,330809,1.0,2,-2203.0,-2201.0,21321.99,21317.4
1597390,452027,0.0,55,-1211.0,-1217.0,7875.0,7875.0
2144891,316739,0.0,14,-2451.0,-2451.0,3375.0,3375.0
2310539,185551,1.0,19,-241.0,-247.0,29674.395,29674.395
1843394,249976,0.0,14,-2035.0,-2045.0,9000.0,9000.0
1772741,140756,1.0,11,-424.0,-426.0,9374.895,9374.895
2611012,148224,1.0,4,-1382.0,-1390.0,29491.515,29491.515
2593152,172575,1.0,8,-29.0,-42.0,8396.82,8396.82
2738298,321463,1.0,5,-387.0,-393.0,10697.265,10697.265
1768771,164090,1.0,6,-2219.0,-2238.0,7828.56,7828.56
2630614,267439,1.0,5,-528.0,-528.0,27432.135,27432.135
1061684,453123,1.0,10,-1023.0,-1052.0,17208.315,155.115
1423855,143528,0.0,115,-406.0,-406.0,248.67,248.67
1916323,104239,1.0,2,-1133.0,-1153.0,3865.635,3865.635
1643429,421801,1.0,1,-1671.0,-1684.0,4652.55,4652.55
1896907,212212,0.0,10,-144.0,-151.0,5006.475,5006.475
2773411,125978,0.0,54,-1356.0,-1356.0,5688.63,5688.63
2836317,380346,1.0,5,-271.0,-273.0,12915.945,12915.945
2077644,392599,0.0,57,-1619.0,-1619.0,638.28,638.28
2796820,299839,1.0,4,-451.0,-453.0,11093.265,11093.265
2310635,340831,0.0,7,-433.0,-433.0,2250.0,2250.0
1562826,132057,1.0,9,-352.0,-382.0,10650.33,10650.33
1531907,317030,1.0,8,-2705.0,-2705.0,7262.865,7262.865
2148241,422547,0.0,17,-316.0,-330.0,38786.04,506.43
2319685,395625,1.0,18,-446.0,-449.0,11331.765,11331.765
1078311,339525,1.0,3,-122.0,-128.0,16575.885,16575.885
1566356,283883,1.0,1,-2794.0,-2816.0,7043.67,7043.67
1914567,240567,1.0,5,-1948.0,-1968.0,19349.28,19349.28
1189318,415256,1.0,4,-1386.0,-1403.0,15307.965,15307.965
1896113,381138,0.0,63,-287.0,-287.0,222.705,222.705
1237283,214965,0.0,8,-2529.0,-2529.0,760.23,760.23
2348175,107824,1.0,4,-1375.0,-1392.0,6533.505,6533.505
1964084,380536,0.0,21,-290.0,-290.0,3754.935,3754.935
2818953,278219,0.0,17,-491.0,-491.0,496.8,496.8
2102062,412408,1.0,3,-2502.0,-2478.0,3970.26,1.26
1675605,334170,0.0,25,-747.0,-747.0,9257.985,9257.985
2102111,257671,0.0,27,-496.0,-496.0,1005.84,1005.84
1690311,228289,1.0,10,-262.0,-288.0,9372.825,229.185
2399288,129138,0.0,22,-2687.0,-2694.0,4050.0,4050.0
2629685,272366,1.0,9,-1509.0,-1516.0,7393.05,7393.05
1851001,416273,1.0,5,-77.0,-81.0,11686.77,11686.77
2379562,442820,0.0,62,-465.0,-465.0,3192.975,3192.975
2271552,159252,1.0,4,-48.0,-70.0,10568.88,7.29
2408518,319688,0.0,4,-2838.0,-2849.0,9000.0,9000.0
2208101,258826,0.0,82,-775.0,-802.0,130.5,130.5
2785343,443020,1.0,2,-192.0,-202.0,7536.24,7536.24
2122891,142486,1.0,6,-1091.0,-1108.0,7145.28,7145.28
1907801,179140,0.0,56,-934.0,-955.0,5625.0,5625.0
2630083,424923,0.0,105,-894.0,-894.0,6750.0,6750.0
1590368,195765,2.0,8,-1153.0,-1176.0,79525.305,79525.305
2204017,295239,1.0,7,-2745.0,-2754.0,6532.56,6532.56
1339460,355716,1.0,3,-743.0,-748.0,31419.855,31419.855
2583821,447221,1.0,2,-2601.0,-2604.0,9796.5,9796.5
2369981,282139,1.0,2,-1657.0,-1680.0,10687.59,10687.59
2623397,169706,1.0,9,-2357.0,-2357.0,16591.5,16591.5
1745360,201425,0.0,48,-1456.0,-1460.0,4500.0,4500.0
1959725,201287,1.0,2,-2642.0,-2642.0,9655.11,9655.11
2668545,197917,1.0,1,-646.0,-653.0,12026.385,68298.255
2513762,409586,1.0,4,-1144.0,-1193.0,9728.055,9728.055
1328930,266184,1.0,1,-569.0,-589.0,9054.135,9054.135
1920027,247517,0.0,36,-2077.0,-2091.0,5625.0,5625.0
1448437,135682,1.0,5,-376.0,-375.0,14216.355,14216.355
2162451,371642,1.0,10,-1212.0,-1218.0,17610.435,17610.435
1853017,167345,1.0,3,-414.0,-415.0,22331.7,22331.7
2559786,428205,0.0,68,-1274.0,-1286.0,9000.0,9000.0
1129730,172374,1.0,1,-1616.0,-1646.0,12076.155,12076.155
1336026,164341,1.0,5,-387.0,-449.0,4206.015,4206.015
2281111,367461,3.0,8,-309.0,-335.0,19265.895,19265.895
1317366,409723,1.0,5,-87.0,-100.0,6955.47,6955.47
1110882,372127,1.0,9,-743.0,-743.0,25150.95,25150.95
1768240,105676,1.0,4,-2248.0,-2251.0,4792.5,4792.5
2356521,415309,3.0,8,-354.0,-358.0,46848.915,46848.915
2009771,392788,1.0,1,-226.0,-233.0,14515.695,14515.695
2119161,290796,1.0,9,-767.0,-787.0,13344.165,13344.165
1206796,204858,1.0,2,-736.0,-765.0,3623.94,3623.94
1577129,207369,1.0,5,-270.0,-275.0,38224.485,38224.485
1739731,299980,1.0,9,-574.0,-564.0,11534.265,8282.385
2385595,300235,1.0,2,-762.0,-770.0,5509.125,5509.125
2784457,267627,1.0,8,-1023.0,-1050.0,11620.44,556.92
2128106,435820,1.0,13,-2346.0,-2346.0,12069.0,12069.0
2204896,197702,1.0,27,-1658.0,-1657.0,14967.315,14967.315
1410721,103830,0.0,10,-291.0,-293.0,14490.315,14490.315
2477984,360220,1.0,4,-1905.0,-1909.0,13432.815,13432.815
2755366,352305,0.0,46,-1675.0,-1705.0,202.59,202.59
2032107,195845,0.0,55,-339.0,-344.0,5484.915,5484.915
1984100,221299,1.0,5,-746.0,-748.0,28936.26,28936.26
2048271,421319,1.0,4,-521.0,-530.0,14622.57,14622.57
1129269,116968,1.0,4,-2343.0,-2345.0,3381.435,3381.435
2622904,308616,0.0,107,-557.0,-557.0,459.45,459.45
1589480,428725,1.0,14,-1307.0,-1345.0,8483.805,8483.805
1462719,349241,1.0,3,-170.0,-196.0,18662.085,18662.085
2802978,372980,0.0,24,-914.0,-914.0,510.885,510.885
1647776,416567,1.0,2,-408.0,-420.0,13257.765,13257.765
2010409,174149,1.0,17,-166.0,-167.0,4331.25,4331.25
1845033,355878,1.0,12,-188.0,-241.0,28599.75,28599.75
2206457,249409,1.0,24,-890.0,-897.0,11254.14,11254.14
1305888,240624,1.0,9,-2290.0,-2295.0,7380.99,7380.99
2248486,402176,0.0,21,-2380.0,-2380.0,225.0,225.0
2509769,373559,1.0,6,-735.0,-747.0,12048.705,12048.705
2560238,326140,1.0,8,-707.0,-708.0,64031.13,64031.13
2652016,308429,0.0,48,-1454.0,-1454.0,294.3,294.3
2391685,294758,1.0,6,-400.0,-412.0,14086.71,14086.71
1127997,410287,1.0,6,-2027.0,-2040.0,7694.19,7694.19
1330820,356563,0.0,18,-942.0,-942.0,7515.315,7515.315
2725896,220983,1.0,10,-1251.0,-1256.0,7995.6,7995.6
2241977,406733,0.0,14,-828.0,-828.0,18.09,18.09
1160847,373840,0.0,22,-197.0,-205.0,8708.535,8708.535
1230223,381025,1.0,2,-355.0,-384.0,8432.19,8432.19
2191574,332233,1.0,3,-1384.0,-1387.0,4077.045,4077.045
1866211,405050,2.0,3,-158.0,-168.0,46670.13,46670.13
1642529,188693,1.0,2,-800.0,-818.0,15557.13,15557.13
2605900,142443,1.0,3,-2466.0,-2488.0,7381.8,7380.0
1811907,343261,1.0,2,-270.0,-269.0,43571.16,43571.16
1249070,266882,1.0,20,-935.0,-940.0,6025.365,6025.365
2516701,239801,1.0,1,-1654.0,-1665.0,9345.51,9345.51
2179964,106761,2.0,22,-328.0,-328.0,27480.825,27480.825
1423739,377214,1.0,6,-864.0,-874.0,25432.2,25432.2
1845888,362655,1.0,4,-684.0,-701.0,5857.56,5857.56
1915132,353610,1.0,5,-745.0,-757.0,5246.505,5246.505
1678343,125039,1.0,5,-2193.0,-2209.0,5981.4,5981.4
2559300,454233,1.0,12,-1095.0,-1093.0,14670.63,13482.63
1212743,140621,1.0,12,-357.0,-363.0,43224.66,43224.66
1592949,292765,2.0,5,-830.0,-839.0,6731.55,6731.55
2138997,181454,1.0,4,-2739.0,-2739.0,11731.905,11731.905
1603201,399266,1.0,4,-546.0,-574.0,8566.11,8566.11
1209957,364990,2.0,10,-838.0,-839.0,222750.135,222750.135
2046123,230251,1.0,3,-1261.0,-1280.0,21375.9,21375.9
2343492,226131,1.0,20,-128.0,-128.0,15792.975,15792.975
1331971,128534,1.0,2,-852.0,-858.0,53174.88,53174.88
1184706,230585,1.0,2,-804.0,-833.0,20810.16,20810.16
2082460,101841,1.0,1,-2488.0,-2488.0,10332.18,10332.18
1537909,394388,1.0,5,-1247.0,-1274.0,4480.74,4480.74
2629771,125812,1.0,6,-2450.0,-2453.0,8582.4,8582.4
1725846,287394,1.0,3,-2518.0,-2518.0,21737.25,21737.25
1743200,165092,3.0,2,-522.0,-523.0,27189.765,27189.765
2349811,406361,1.0,1,-1644.0,-1652.0,12283.785,12283.785
1872930,440621,1.0,15,-721.0,-732.0,13092.525,13092.525
1109666,417908,0.0,2,-429.0,-429.0,43338.375,43338.375
2612762,147648,1.0,11,-1156.0,-1150.0,4892.715,4761.225
1010157,355802,1.0,8,-1562.0,-1562.0,2265.525,2263.635
2728929,266989,0.0,32,-1671.0,-1687.0,7875.0,7875.0
2362414,455863,1.0,7,-1354.0,-1357.0,17855.91,17855.91
1412874,174695,1.0,8,-2575.0,-2575.0,5530.5,5530.5
1562476,304877,1.0,4,-191.0,-202.0,8936.37,8936.37
2777090,408265,1.0,6,-537.0,-547.0,8412.12,8412.12
2178642,179208,0.0,57,-755.0,-755.0,213.21,213.21
2575733,401433,1.0,1,-2573.0,-2591.0,7123.14,7123.14
2553592,120843,0.0,17,-864.0,-864.0,745.56,745.56
2527596,365662,3.0,3,-465.0,-467.0,38499.93,38499.93
1844286,210284,0.0,71,-1008.0,-1008.0,18.585,18.585
2261352,278944,1.0,19,-2426.0,-2424.0,12402.0,12402.0
2564772,115162,1.0,4,-495.0,-508.0,8075.025,8075.025
1720301,137730,0.0,109,-1276.0,-1285.0,9000.0,9000.0
1088156,128068,1.0,4,-192.0,-199.0,12501.54,12501.54
1746162,306141,1.0,4,-278.0,-280.0,4717.26,4717.26
1545694,109725,1.0,6,-1326.0,-1343.0,4503.06,4503.06
2609024,138594,2.0,101,-2559.0,-2555.0,2250.0,2250.0
1875021,338237,0.0,22,-75.0,-75.0,85.5,85.5
1307258,168877,1.0,2,-1925.0,-1929.0,2476.35,2476.35
1131334,451403,1.0,7,-13.0,-17.0,20320.605,20320.605
1075932,248365,1.0,12,-674.0,-679.0,4884.435,4884.435
1986290,351439,1.0,1,-702.0,-712.0,23055.435,23055.435
1574019,447833,14.0,7,-279.0,-289.0,22336.785,54000.0
2539333,238010,0.0,15,-923.0,-923.0,5.31,5.31
2673280,194924,1.0,2,-307.0,-311.0,13813.965,13813.965
2824486,118408,1.0,10,-2541.0,-2034.0,5491.755,227.79
1665484,417521,1.0,16,-437.0,-438.0,27379.8,27379.8
2677503,451681,1.0,2,-1255.0,-1270.0,11496.33,11496.33
1911836,129033,0.0,13,-113.0,-120.0,27386.19,27386.19
2442611,370657,1.0,11,-2506.0,-2503.0,2022.345,2022.345
1871050,232813,1.0,10,-984.0,-1015.0,5992.335,10.485
2362588,315340,0.0,50,-1701.0,-1704.0,4500.0,4500.0
2117089,302994,1.0,2,-837.0,-840.0,12483.405,12483.405
2707022,118548,1.0,2,-677.0,-681.0,33089.31,33089.31
2437274,324554,2.0,3,-420.0,-432.0,354699.18,354699.18
2317484,315854,1.0,6,-2321.0,-2348.0,15435.18,249.255
2552576,261351,2.0,7,-904.0,-911.0,59554.935,59554.935
1956153,443487,0.0,60,-2063.0,-2063.0,259.2,259.2
2446842,287274,1.0,1,-346.0,-372.0,1088.685,1088.685
2131177,323712,1.0,12,-1118.0,-1142.0,24177.24,2717.055
1821274,420499,1.0,3,-1834.0,-1845.0,15006.375,15006.375
1818300,284971,1.0,18,-1011.0,-1024.0,8019.765,8019.765
1481894,208775,0.0,1,-535.0,-535.0,75645.0,75645.0
2427984,286186,1.0,5,-87.0,-96.0,5232.24,5232.24
1565393,258226,1.0,10,-580.0,-583.0,17485.29,17485.29
1330840,304348,0.0,43,-1510.0,-1519.0,3375.0,3375.0
1414145,117883,1.0,12,-142.0,-155.0,12776.715,12776.715
1618165,286160,0.0,13,-2821.0,-2821.0,136980.0,136980.0
1061756,305707,0.0,32,-2665.0,-2678.0,6750.0,6750.0
1866325,286664,1.0,11,-6.0,-15.0,9345.825,9345.825
1906209,293112,1.0,3,-2613.0,-2623.0,2869.29,2869.29
1850583,343495,1.0,4,-165.0,-174.0,9300.555,9300.555
1766325,351776,1.0,13,-373.0,-375.0,9611.73,9611.73
1165653,263870,1.0,5,-2483.0,-2550.0,2445.615,2445.615
2702677,416838,1.0,13,-42.0,-45.0,6045.66,6045.66
1386431,161870,0.0,91,-580.0,-580.0,141.75,141.75
1681964,132807,0.0,6,-2228.0,-2235.0,3375.0,3375.0
1005843,339758,1.0,13,-726.0,-741.0,4793.175,4793.175
2632386,233478,1.0,6,-1383.0,-1392.0,3657.06,3657.06
2387240,117822,1.0,4,-687.0,-705.0,8731.17,8731.17
1064694,390415,0.0,75,-1883.0,-1883.0,15.21,15.21
1130395,167963,1.0,3,-451.0,-463.0,9102.375,9102.375
1337328,195958,0.0,41,-1751.0,-1776.0,6750.0,4569.93
1675420,148122,1.0,3,-150.0,-153.0,10080.63,10080.63
1420009,268755,0.0,20,-2241.0,-2250.0,9000.0,9000.0
1076330,379970,1.0,2,-1614.0,-1626.0,16922.205,16922.205
1974455,261025,1.0,18,-300.0,-300.0,32216.58,32216.58
2687602,182956,1.0,3,-2004.0,-2019.0,8198.01,8198.01
1647260,299451,1.0,8,-1652.0,-1662.0,19690.11,19690.11
1467141,364469,0.0,13,-169.0,-169.0,18000.0,18000.0
1773578,257329,0.0,33,-309.0,-309.0,133.47,133.47
2426729,420422,0.0,19,-2787.0,-2794.0,9000.0,9000.0
1531114,104023,1.0,1,-2301.0,-2331.0,5186.475,36.315
1864339,418498,1.0,18,-254.0,-281.0,32047.56,22073.67
2575173,365362,1.0,6,-1527.0,-1546.0,6845.13,6845.13
1852324,101774,1.0,6,-548.0,-562.0,7033.95,7033.95
1333685,331216,1.0,12,-534.0,-541.0,6120.27,6120.27
1290142,233014,0.0,109,-1250.0,-1250.0,225.0,225.0
2687360,188054,0.0,2,-929.0,-929.0,106624.935,106624.935
2824526,347792,1.0,5,-657.0,-672.0,14068.17,14068.17
1058288,310387,1.0,1,-134.0,-143.0,10861.83,10861.83
2673521,305251,1.0,10,-602.0,-610.0,7061.535,7061.535
1874725,319877,0.0,43,-289.0,-289.0,45000.0,45000.0
2537311,249305,1.0,8,-1931.0,-1933.0,12556.98,12556.98
1180020,167699,1.0,22,-95.0,-99.0,51334.695,51334.695
1233925,170700,1.0,1,-742.0,-758.0,14152.905,14152.905
1514628,192852,1.0,6,-2378.0,-2409.0,1756.26,1756.26
1643005,265259,1.0,2,-923.0,-935.0,22331.7,22331.7
1998088,402988,3.0,3,-150.0,-201.0,3995.55,332.415
1150448,115188,1.0,2,-2757.0,-2757.0,3733.605,3733.605
2801327,216520,1.0,1,-1797.0,-1810.0,6905.745,6905.745
2671267,379788,0.0,27,-731.0,-740.0,10877.31,10877.31
1133094,163746,1.0,2,-1899.0,-1883.0,10307.88,2.88
2464928,102345,1.0,7,-88.0,-98.0,27289.485,27289.485
1715922,244128,1.0,4,-2147.0,-2154.0,21490.56,21490.56
1721762,362114,0.0,1,-1700.0,-1711.0,3150.0,3150.0
2784634,188747,1.0,11,-2184.0,-2175.0,1760.445,2.43
1170323,133642,0.0,43,-1690.0,-1696.0,6750.0,6750.0
2007484,255885,1.0,7,-197.0,-203.0,15623.145,15623.145
1319206,212384,0.0,30,-90.0,-90.0,98.685,98.685
1127087,215986,1.0,6,-154.0,-165.0,21494.385,21494.385
1383171,183519,2.0,7,-2130.0,-2258.0,56280.825,56280.825
1750021,111893,2.0,37,-44.0,-45.0,41818.5,41818.5
1330789,379854,0.0,10,-2558.0,-2574.0,6750.0,6750.0
1782999,208379,0.0,78,-1012.0,-1012.0,2459.115,2459.115
2505337,168361,0.0,14,-2250.0,-2256.0,7875.0,7875.0
1156178,267452,1.0,10,-1693.0,-1737.0,13238.685,13238.685
2051636,328472,1.0,1,-2301.0,-2316.0,6456.78,6456.78
2500153,218471,0.0,70,-357.0,-357.0,6914.745,6914.745
1514675,147123,0.0,8,-2492.0,-2502.0,3375.0,3375.0
2809789,322522,0.0,97,-338.0,-338.0,277.11,277.11
1677879,406619,1.0,20,-641.0,-645.0,17214.075,17214.075
1887745,357918,0.0,1,-1294.0,-1302.0,5622.75,5622.75
2439405,248251,0.0,55,-1384.0,-1384.0,318.915,318.915
1302913,185649,1.0,8,-750.0,-756.0,8998.965,8998.965
2806407,268591,1.0,9,-331.0,-332.0,4465.485,4465.485
2696736,423796,0.0,81,-514.0,-514.0,195.57,195.57
1415580,243848,0.0,24,-851.0,-851.0,9201.33,9201.33
1774863,357404,1.0,7,-476.0,-479.0,17495.55,17495.55
1193399,382463,0.0,108,-901.0,-901.0,881.91,881.91
1105574,428295,0.0,10,-2037.0,-2043.0,4500.0,4500.0
1730781,327153,0.0,10,-149.0,-160.0,6738.795,6738.795
1224730,298853,1.0,14,-1091.0,-1096.0,6615.27,6615.27
2572285,155777,1.0,3,-2153.0,-2181.0,6474.87,6474.87
1818181,251989,0.0,99,-879.0,-888.0,5625.0,5625.0
1186992,342197,3.0,4,-489.0,-499.0,15949.62,15949.62
1833331,183789,0.0,103,-649.0,-649.0,106.695,106.695
2390491,341161,0.0,64,-1631.0,-1631.0,3612.06,3612.06
1564469,252208,0.0,97,-1000.0,-1000.0,211.5,211.5
2437364,454040,1.0,7,-720.0,-720.0,23703.075,23703.075
2518308,120088,0.0,25,-1357.0,-1376.0,958.005,958.005
2674550,348477,0.0,22,-526.0,-526.0,20.115,20.115
1214766,191594,1.0,12,-1186.0,-1191.0,11624.265,11624.265
1536603,414303,0.0,11,-250.0,-250.0,2250.0,2250.0
1716482,299553,1.0,10,-64.0,-72.0,18562.455,18562.455
2527453,441022,1.0,4,-2009.0,-2012.0,27192.87,27192.87
1873589,225883,1.0,8,-326.0,-328.0,56907.675,56907.675
2697168,110299,2.0,1,-511.0,-513.0,229616.865,229616.865
2256231,284331,0.0,5,-2449.0,-2469.0,2250.0,2250.0
1817110,106979,1.0,4,-1370.0,-1374.0,2758.5,2758.5
1750492,238165,0.0,168,-227.0,-245.0,10125.0,10125.0
1985041,202121,1.0,1,-1733.0,-1754.0,14781.06,14781.06
1389730,169760,1.0,3,-1285.0,-1299.0,4251.78,4251.78
2430614,380705,1.0,6,-1480.0,-1470.0,6097.905,6093.585
2623668,210845,1.0,4,-1593.0,-1603.0,21049.2,21049.2
1936612,364900,1.0,11,-824.0,-828.0,7108.83,7108.83
2737106,163555,9.0,5,-233.0,-239.0,29650.725,29650.725
1496981,210958,0.0,18,-1022.0,-1037.0,4143.105,4143.105
1817551,291354,0.0,60,-1321.0,-1321.0,1125.0,1125.0
1652579,269742,1.0,5,-489.0,-484.0,81694.395,12991.5
2580499,128702,1.0,6,-235.0,-237.0,5187.96,5187.96
1219830,143834,1.0,3,-344.0,-349.0,90057.33,90057.33
2812784,425479,0.0,54,-11.0,-11.0,646.11,646.11
2727265,174100,0.0,23,-110.0,-129.0,629.55,629.55
1494036,303733,1.0,7,-1350.0,-1351.0,7188.3,7188.3
2013911,299641,1.0,4,-180.0,-209.0,3197.88,3197.88
1054919,151364,1.0,4,-806.0,-817.0,8293.095,8293.095
2557868,242466,0.0,12,-2191.0,-2204.0,6750.0,6750.0
2353517,374473,2.0,11,-272.0,-295.0,11094.435,11094.435
1602476,349870,0.0,91,-170.0,-170.0,2356.335,2356.335
1953582,236840,4.0,8,-326.0,-343.0,588108.6,588108.6
2754950,227869,1.0,2,-254.0,-270.0,8781.84,8781.84
1302445,292257,1.0,9,-1019.0,-1020.0,14379.48,14379.48
1766752,295886,1.0,3,-1055.0,-1073.0,8527.545,8527.545
1165904,373019,1.0,1,-2354.0,-2367.0,3453.12,3453.12
1202063,292795,0.0,5,-249.0,-256.0,3387.87,3387.87
1126023,438806,1.0,1,-1046.0,-1055.0,18976.14,18976.14
2192217,100917,1.0,3,-2526.0,-2541.0,6267.375,6267.375
1370012,395370,1.0,2,-1139.0,-1157.0,9510.525,9510.525
1613368,383653,0.0,83,-1122.0,-1122.0,1976.175,1976.175
2712276,232117,1.0,8,-1661.0,-1680.0,6931.62,14.4
1620856,336249,1.0,8,-139.0,-139.0,11885.805,11885.805
1626402,121367,0.0,47,-82.0,-82.0,163.755,163.755
2205214,283010,2.0,8,-1067.0,-1094.0,56593.035,56593.035
2386667,285315,1.0,7,-49.0,-59.0,7047.225,7047.225
2317187,269325,1.0,10,-1215.0,-1204.0,8521.56,8373.6
1720454,440806,0.0,3,-264.0,-264.0,4633.47,4633.47
1593157,162093,1.0,12,-1246.0,-1260.0,2189.655,2189.655
1121755,257443,1.0,8,-1556.0,-1585.0,18114.795,243.315
2104952,185742,0.0,72,-1494.0,-1494.0,4.995,4.995
2154548,151376,1.0,16,-1198.0,-1198.0,21974.715,21974.715
1237283,214965,0.0,10,-2468.0,-2468.0,760.23,760.23
2586775,150005,1.0,2,-1221.0,-1227.0,17540.055,17540.055
1995255,389854,0.0,29,-2001.0,-2013.0,4500.0,4500.0
1288901,420430,1.0,3,-572.0,-574.0,36998.37,36998.37
1645480,182607,0.0,58,-1171.0,-1171.0,95.22,95.22
1900270,265554,0.0,3,-146.0,-149.0,2296.08,2296.08
2408069,352002,1.0,1,-302.0,-302.0,7556.715,7556.715
1541670,228792,1.0,5,-79.0,-78.0,11223.27,11223.27
1343586,404872,2.0,2,-515.0,-525.0,960986.295,1035164.7
2270749,324373,0.0,71,-1660.0,-1660.0,1052.505,1052.505
2123026,241947,1.0,24,-1080.0,-1090.0,10479.42,10479.42
2229811,292335,0.0,62,-1100.0,-1100.0,29708.01,29708.01
1102590,417811,1.0,15,-538.0,-537.0,40932.0,40932.0
2155817,359772,1.0,6,-2601.0,-2601.0,25042.5,25042.5
2083578,198710,1.0,7,-710.0,-704.0,11302.155,11201.085
2204217,134855,1.0,8,-449.0,-460.0,8307.945,8307.945
1538321,412272,1.0,7,-581.0,-580.0,27008.775,27008.775
2536072,377125,0.0,60,-974.0,-974.0,6750.0,6750.0
2190419,363949,0.0,7,-1990.0,-1994.0,6750.0,6750.0
2055726,357181,0.0,17,-2136.0,-2141.0,6750.0,6750.0
2465298,225617,0.0,25,-2805.0,-2822.0,4050.0,450.0
1716046,364409,0.0,111,-717.0,-717.0,14.265,14.265
1604492,355218,0.0,156,-433.0,-433.0,0.495,0.495
1326636,180294,0.0,27,-2488.0,-2503.0,6750.0,6750.0
2817791,334146,0.0,136,-804.0,-804.0,1125.0,1125.0
2518721,138203,1.0,5,-503.0,-514.0,10331.91,10331.91
1251403,354151,1.0,3,-763.0,-751.0,16054.965,14354.1
1292762,123152,1.0,6,-1718.0,-1738.0,4985.55,4985.55
2299864,400610,1.0,8,-2487.0,-2500.0,4945.005,4945.005
1002059,219288,1.0,7,-1826.0,-1831.0,14947.47,14947.47
2024679,109797,1.0,2,-1717.0,-1737.0,12925.035,12925.035
2260151,129174,1.0,12,-728.0,-736.0,20750.58,20750.58
2235814,338546,0.0,14,-242.0,-242.0,28.035,28.035
1672330,410028,1.0,7,-959.0,-977.0,6688.62,6688.62
2209966,297433,1.0,3,-398.0,-403.0,23703.93,23703.93
1155848,102888,0.0,51,-836.0,-846.0,9000.0,9000.0
1870989,374435,1.0,1,-1512.0,-1532.0,15704.955,15704.955
1895404,375616,1.0,1,-1603.0,-1633.0,3674.34,3674.34
2099528,413060,1.0,9,-115.0,-122.0,14254.83,14254.83
2385762,257032,2.0,5,-1060.0,-1059.0,5543.46,5543.46
2791128,339586,1.0,2,-994.0,-1002.0,9244.395,9244.395
1404993,437555,1.0,1,-1178.0,-1183.0,6091.425,6091.425
2159052,279629,0.0,35,-651.0,-651.0,140.715,140.715
1876987,171912,4.0,16,-312.0,-330.0,24767.55,24767.55
1995019,155327,1.0,7,-575.0,-590.0,8791.065,8791.065
2585859,422799,0.0,22,-2803.0,-2803.0,5625.0,5625.0
2571374,358749,1.0,18,-52.0,-51.0,55145.745,55145.745
2188563,448894,0.0,7,-2860.0,-2860.0,450.0,450.0
1997999,276461,1.0,7,-1085.0,-1097.0,2105.775,2105.775
1740032,235468,1.0,3,-652.0,-656.0,25162.965,25162.965
2165015,262495,1.0,1,-1188.0,-1197.0,8762.445,8762.445
1460023,125320,0.0,73,-829.0,-829.0,219.825,219.825
1417281,254776,1.0,12,-1322.0,-1339.0,5206.05,5206.05
1438094,110652,1.0,7,-900.0,-899.0,18952.92,18952.92
2262435,303920,1.0,5,-489.0,-517.0,28749.375,1275.84
1171678,241561,1.0,1,-533.0,-548.0,5952.42,5952.42
1846127,380050,1.0,11,-873.0,-883.0,14277.6,14277.6
1083508,401189,1.0,4,-727.0,-737.0,6471.045,6471.045
2659788,298929,1.0,3,-2633.0,-2641.0,3035.385,3035.385
2832601,202636,2.0,5,-2830.0,-2830.0,11183.625,11183.625
2282718,317422,0.0,26,-2885.0,-2885.0,108000.0,108000.0
1731052,290884,0.0,85,-1036.0,-1036.0,141.165,141.165
1052941,130916,0.0,25,-1973.0,-1978.0,9000.0,9000.0
1055568,156546,1.0,12,-682.0,-693.0,25339.275,25339.275
2073896,147635,2.0,7,-436.0,-493.0,7373.25,7373.25
2354319,104706,1.0,24,-804.0,-804.0,7412.49,7412.49
2164674,315709,3.0,20,-172.0,-172.0,17238.555,17238.555
1060111,338144,2.0,5,-1054.0,-1065.0,7314.975,7314.975
1410667,209134,1.0,12,-617.0,-625.0,48128.895,13890.15
1829610,144792,1.0,7,-479.0,-484.0,6129.9,6129.9
1830643,227193,1.0,30,-188.0,-195.0,45817.155,45817.155
2211143,123613,0.0,6,-2506.0,-2506.0,2340.0,2340.0
2230207,269378,1.0,7,-184.0,-190.0,20250.0,20250.0
1471395,228227,1.0,3,-1457.0,-1458.0,6157.755,6157.755
1944967,443383,0.0,43,-1592.0,-1592.0,3647.61,3647.61
1076809,272153,0.0,86,-105.0,-105.0,9000.0,9000.0
2031161,426669,1.0,4,-2103.0,-2120.0,5372.595,5372.595
2463614,288176,1.0,4,-585.0,-595.0,44071.875,44071.875
1363711,320444,0.0,12,-2633.0,-2644.0,6750.0,6750.0
2556444,274987,1.0,8,-1143.0,-1144.0,10974.33,10974.33
1027178,418317,0.0,73,-799.0,-817.0,6750.0,6750.0
1111231,327288,1.0,6,-710.0,-709.0,46829.025,46829.025
2608355,242723,1.0,6,-2331.0,-2336.0,3276.585,3276.27
1639931,296192,1.0,10,-309.0,-301.0,6825.06,6585.3
2837391,319705,0.0,112,-1205.0,-1205.0,140.625,140.625
2818699,303266,0.0,71,-714.0,-714.0,481.275,481.275
2767863,339346,1.0,5,-2152.0,-2146.0,8938.755,8938.755
1903817,304937,1.0,23,-2077.0,-2079.0,29529.0,292.68
1255295,149276,1.0,8,-1679.0,-1693.0,23271.39,23271.39
1452695,120804,1.0,11,-522.0,-533.0,7116.75,7116.75
1894010,132785,0.0,3,-407.0,-407.0,18000.0,18000.0
1368153,315911,0.0,10,-2255.0,-2278.0,6750.0,6750.0
2050717,388655,1.0,8,-42.0,-51.0,7124.94,7124.94
1065026,277532,0.0,2,-493.0,-493.0,9419.04,9419.04
2299636,383434,0.0,89,-1426.0,-1439.0,11250.0,11250.0
2623559,414194,0.0,36,-404.0,-404.0,3473.01,3473.01
1709924,270657,1.0,1,-2325.0,-2325.0,4969.215,4969.215
2177292,336132,2.0,5,-272.0,-274.0,15624.27,15624.27
1289614,237931,3.0,5,-120.0,-127.0,20907.0,20907.0
2013565,430189,1.0,1,-1346.0,-1350.0,12417.21,12417.21
1874487,135819,1.0,6,-437.0,-454.0,38352.6,38352.6
1466996,151248,1.0,9,-470.0,-501.0,8791.065,1862.82
2584384,439435,0.0,23,-2563.0,-2563.0,2250.0,2250.0
1436843,158911,0.0,64,-1791.0,-1791.0,63.09,63.09
1441630,211990,1.0,5,-2097.0,-2105.0,4963.14,4963.14
2055768,320885,1.0,8,-545.0,-560.0,24049.575,24049.575
2672802,190504,0.0,4,-136.0,-136.0,5179.5,5179.5
2794483,340495,1.0,2,-741.0,-775.0,7798.095,7798.095
2214663,132106,1.0,9,-1308.0,-1308.0,10121.4,10121.4
1575711,309506,1.0,8,-1534.0,-1535.0,5662.935,5662.935
2179195,442653,1.0,1,-1871.0,-1855.0,5774.445,59.445
2181116,230370,0.0,57,-1259.0,-1259.0,1125.0,1125.0
1184839,291686,0.0,64,-965.0,-965.0,193.41,193.41
1339018,270466,0.0,71,-699.0,-717.0,3375.0,3375.0
2138735,253104,1.0,2,-2149.0,-2185.0,2570.31,120.105
2100577,126616,1.0,10,-121.0,-121.0,22250.205,22250.205
1285200,428390,1.0,15,-2213.0,-2221.0,3509.1,3509.1
1306722,126707,2.0,4,-391.0,-392.0,87381.855,87381.855
2700450,249291,1.0,6,-1472.0,-1489.0,5111.505,5111.505
2801397,435237,0.0,121,-918.0,-918.0,1125.0,1125.0
1159820,246693,1.0,2,-1982.0,-1989.0,2839.14,2839.14
1772822,234751,2.0,4,-249.0,-254.0,52269.21,52269.21
1490997,100505,0.0,27,-2355.0,-2357.0,9000.0,9000.0
2248046,182821,1.0,2,-1402.0,-1408.0,3143.7,3143.7
2661829,372586,0.0,130,-353.0,-353.0,104.49,104.49
2836375,326043,1.0,6,-939.0,-948.0,20686.815,20686.815
2379569,411420,1.0,8,-1563.0,-1563.0,7991.775,7991.775
2605993,384679,1.0,11,-853.0,-884.0,24623.775,9236.25
1133702,283483,0.0,29,-2584.0,-2584.0,148.095,148.095
1634928,390662,0.0,39,-61.0,-61.0,0.315,0.315
1159789,301464,1.0,3,-456.0,-463.0,13573.89,13573.89
1596952,357712,1.0,2,-2158.0,-2186.0,8995.095,1043.73
2395568,253267,0.0,20,-2123.0,-2129.0,6750.0,6750.0
2765163,107358,1.0,18,-139.0,-140.0,44688.24,44688.24
2318083,283452,0.0,26,-50.0,-50.0,170.505,170.505
2004846,429083,1.0,12,-1968.0,-1956.0,3895.29,3895.29
2527198,140200,0.0,58,-1571.0,-1571.0,6750.0,6750.0
2818759,435588,1.0,9,-1821.0,-1825.0,12310.29,12310.29
2057663,309198,1.0,7,-2609.0,-2609.0,9736.515,9736.515
1540846,117016,1.0,8,-746.0,-758.0,39621.375,39621.375
2234144,398837,1.0,1,-356.0,-369.0,1841.31,1841.31
2451204,207342,1.0,5,-119.0,-140.0,22501.8,22501.8
1030131,366886,1.0,1,-392.0,-395.0,27449.82,27449.82
2763329,270840,1.0,4,-231.0,-242.0,2918.7,2918.7
1830625,123434,1.0,11,-171.0,-184.0,18624.42,18624.42
1076076,207220,1.0,9,-597.0,-614.0,1724.985,1724.985
1092231,370961,0.0,73,-313.0,-313.0,59.355,59.355
1963910,359953,1.0,5,-20.0,-23.0,10238.445,10238.445
1198554,224443,0.0,3,-151.0,-170.0,1280.115,1280.115
2744828,137895,0.0,59,-1849.0,-1832.0,9000.0,7650.0
2203010,248744,0.0,14,-158.0,-158.0,945.09,945.09
2228953,433043,0.0,29,-2042.0,-2042.0,409.005,409.005
2345534,226624,1.0,3,-799.0,-800.0,30691.395,30691.395
1406380,344223,1.0,5,-2526.0,-2530.0,25149.15,25149.15
2445960,355635,0.0,5,-992.0,-1007.0,6644.34,6644.34
2760443,335163,2.0,15,-1443.0,-1469.0,10346.085,10346.085
1207274,301621,1.0,4,-655.0,-667.0,10704.555,10704.555
2643178,257858,0.0,39,-82.0,-93.0,2307.285,2307.285
1746126,150711,1.0,4,-1639.0,-1667.0,5160.78,5160.78
1464686,432736,0.0,33,-2329.0,-2329.0,403.92,403.92
1639836,362384,1.0,7,-544.0,-545.0,6536.34,6536.34
1697476,307295,1.0,2,-999.0,-1011.0,26986.815,26986.815
2080446,221665,0.0,117,-904.0,-904.0,180000.0,180000.0
2074586,439291,1.0,15,-265.0,-269.0,62323.335,62323.335
1247563,298022,1.0,7,-140.0,-140.0,23960.655,23960.655
1874840,379655,5.0,7,-448.0,-452.0,15416.1,15416.1
1765726,352555,1.0,1,-291.0,-316.0,15387.57,15387.57
2127846,296364,1.0,11,-1452.0,-1472.0,3547.53,3547.53
1185818,420069,6.0,3,-272.0,-290.0,52105.905,90000.0
1606521,418124,1.0,5,-1821.0,-1824.0,7732.215,7732.215
1083523,134892,1.0,2,-2341.0,-2352.0,14763.6,14763.6
2504577,447435,1.0,5,-649.0,-652.0,11683.08,11683.08
1306870,147699,2.0,4,-676.0,-682.0,71104.635,71104.635
1710392,240478,0.0,89,-327.0,-332.0,5625.0,5625.0
1434349,230648,0.0,71,-715.0,-715.0,58.005,58.005
2761223,325066,0.0,1,-331.0,-340.0,2250.0,2250.0
1976132,420297,0.0,16,-2763.0,-2761.0,3375.0,3375.0
1165727,419448,1.0,9,-555.0,-565.0,9634.275,8195.22
2413330,295352,1.0,1,-728.0,-758.0,12288.735,12288.735
1153741,389680,0.0,36,-285.0,-285.0,1237.5,1237.5
2049311,440590,1.0,13,-383.0,-391.0,20151.09,20151.09
2788029,344976,0.0,33,-757.0,-757.0,408.735,408.735
1768719,247955,1.0,6,-1728.0,-1740.0,14891.175,14891.175
1740499,318770,0.0,94,-1772.0,-1772.0,4725.0,4725.0
2079420,281117,1.0,1,-670.0,-650.0,14578.02,41.31
1488267,449491,1.0,8,-1214.0,-1242.0,9250.02,9250.02
2172749,364236,1.0,12,-260.0,-278.0,6950.97,6950.97
1237517,144410,0.0,50,-1876.0,-1874.0,10800.0,10800.0
1189667,183020,1.0,17,-61.0,-61.0,13712.625,13701.735
2425100,239042,1.0,1,-467.0,-486.0,12399.075,12399.075
2138884,280141,0.0,63,-1088.0,-1088.0,147.375,147.375
1157029,441866,1.0,11,-453.0,-456.0,11959.2,11959.2
1213600,319561,1.0,4,-2317.0,-2358.0,21503.97,203.13
2728883,395358,0.0,51,-2057.0,-2057.0,252.315,252.315
2007728,190338,3.0,4,-445.0,-446.0,51989.715,51989.715
1745403,188669,1.0,3,-1450.0,-1460.0,4440.24,4440.24
1456127,153204,1.0,9,-2708.0,-2714.0,20016.0,20016.0
1624416,340444,1.0,2,-2726.0,-2726.0,7381.755,7381.755
1147310,339036,2.0,12,-1302.0,-1306.0,145930.86,145930.86
1414448,270258,1.0,9,-1633.0,-1638.0,13605.345,13605.345
2069344,175351,1.0,5,-643.0,-671.0,113231.295,2986.83
2199564,207728,1.0,2,-1015.0,-1028.0,3643.425,3643.425
1664992,339730,1.0,10,-81.0,-113.0,4343.58,283.05
1310337,292492,0.0,18,-745.0,-745.0,180.0,180.0
1984472,141476,2.0,21,-78.0,-80.0,10579.68,10579.68
1183721,304071,1.0,3,-1280.0,-1325.0,3267.225,3267.225
2660978,307485,1.0,4,-2865.0,-2877.0,10557.99,10557.99
2035237,313368,5.0,10,-71.0,-77.0,10022.58,10022.58
2225059,162293,1.0,10,-412.0,-424.0,21106.035,21106.035
2310895,301509,0.0,6,-2344.0,-2344.0,2430.0,2430.0
1080954,409050,1.0,14,-1027.0,-1029.0,16304.175,16304.175
2578176,357066,0.0,34,-1492.0,-1493.0,6750.0,6750.0
2061965,179910,1.0,4,-1923.0,-1956.0,14079.105,14079.105
2835215,234053,0.0,13,-343.0,-343.0,816.705,816.705
1311784,154024,1.0,9,-2191.0,-2211.0,5246.01,5246.01
1932270,438915,1.0,1,-2287.0,-2290.0,1926.27,1926.27
2199130,384933,1.0,15,-1271.0,-1277.0,4789.845,4789.845
2287948,197946,0.0,61,-1231.0,-1233.0,6750.0,6750.0
2239952,405889,6.0,4,-213.0,-226.0,20568.915,20568.915
1020969,383895,0.0,5,-291.0,-291.0,149.67,149.67
1666052,369819,1.0,7,-321.0,-323.0,5874.975,5874.975
2299199,214133,0.0,4,-358.0,-358.0,541.305,541.305
2349649,185606,0.0,40,-246.0,-246.0,4727.655,4727.655
2623238,253357,1.0,2,-382.0,-388.0,5262.3,5262.3
2161734,135827,0.0,49,-2326.0,-2354.0,4050.0,4050.0
1641294,119553,0.0,10,-200.0,-200.0,546.165,546.165
1983618,359772,0.0,30,-666.0,-685.0,2250.0,2250.0
2345347,263207,1.0,4,-212.0,-221.0,27758.745,27758.745
2009744,248031,1.0,8,-14.0,-72.0,5590.575,5590.575
1350713,401013,1.0,4,-1548.0,-1558.0,3947.4,3947.4
1261274,427533,1.0,8,-1935.0,-1947.0,10233.27,10233.27
2104542,448064,1.0,2,-784.0,-807.0,20826.765,20826.765
2167099,449720,1.0,4,-2001.0,-2005.0,3188.475,3188.475
2773199,124557,1.0,5,-1063.0,-1070.0,14272.695,14272.695
1667699,360906,0.0,51,-1527.0,-1528.0,5625.0,5625.0
1386587,406142,1.0,2,-1442.0,-1446.0,10838.97,10838.97
2789064,442932,0.0,78,-1013.0,-1013.0,128.385,128.385
2522371,266111,1.0,10,-1603.0,-1603.0,3475.53,3475.53
2408746,213204,1.0,6,-1549.0,-1560.0,4114.395,4114.395
1160885,330146,1.0,5,-1239.0,-1252.0,6728.85,6728.85
1670189,235616,1.0,7,-327.0,-322.0,6247.215,5995.08
1494165,181090,0.0,10,-2509.0,-2513.0,4500.0,4500.0
1001735,453005,0.0,59,-2252.0,-2258.0,4500.0,4500.0
2463832,377507,0.0,7,-2054.0,-2077.0,4500.0,4500.0
1974290,176092,1.0,13,-379.0,-384.0,46046.7,46046.7
2063232,194124,1.0,7,-1341.0,-1353.0,16064.415,16064.415
1388219,246298,0.0,20,-2249.0,-2267.0,3375.0,3375.0
2317585,406978,1.0,1,-2132.0,-2157.0,2938.275,2938.275
1720631,116810,1.0,3,-1755.0,-1784.0,3491.91,3491.91
1377500,305205,1.0,8,-378.0,-381.0,35141.67,35141.67
1640695,426487,1.0,3,-859.0,-890.0,13765.5,185.805
1331208,264774,0.0,8,-2475.0,-2475.0,1125.0,1125.0
1000514,126099,0.0,34,-2511.0,-2511.0,313.785,313.785
2409956,448241,0.0,1,-331.0,-331.0,157500.0,157500.0
2275666,330557,1.0,6,-374.0,-372.0,8949.015,8923.59
2029225,106829,1.0,1,-821.0,-836.0,9027.9,9027.9
2366412,243741,0.0,28,-726.0,-726.0,22144.5,22144.5
1175782,266481,2.0,13,-90.0,-97.0,5285.745,5285.745
2768009,119226,1.0,12,-454.0,-452.0,24650.1,24245.46
1855467,203560,0.0,20,-1944.0,-1948.0,3375.0,3375.0
2439839,415260,1.0,12,-177.0,-189.0,24146.82,24146.82
2477515,287051,0.0,71,-1284.0,-1284.0,171.135,171.135
2464367,298792,1.0,7,-829.0,-829.0,27937.44,27937.44
2049510,279144,0.0,42,-45.0,-51.0,6807.105,6807.105
2784054,244692,1.0,18,-722.0,-744.0,10163.34,10163.34
2036173,353685,0.0,9,-448.0,-449.0,26775.45,26775.45
1864270,124671,2.0,19,-275.0,-279.0,1776286.08,1776286.08
2770193,277495,1.0,12,-1257.0,-1261.0,23674.5,23674.5
1106343,322564,1.0,4,-623.0,-631.0,12773.16,12773.16
1542574,125960,1.0,5,-678.0,-680.0,7525.98,7525.98
2833013,124316,1.0,9,-1908.0,-1945.0,6194.07,6194.07
1315730,174966,1.0,3,-1210.0,-1224.0,4624.245,4624.245
2725112,355297,3.0,3,-580.0,-586.0,60590.745,60590.745
1492461,209120,1.0,2,-595.0,-598.0,33427.935,33427.935
1443014,335930,1.0,7,-458.0,-483.0,6385.86,6385.86
1266801,236111,1.0,2,-2608.0,-2633.0,1994.445,1994.445
1774566,354889,1.0,2,-544.0,-563.0,35133.885,35133.885
1135034,131271,1.0,5,-1126.0,-1153.0,4102.47,4102.47
2727798,228468,1.0,5,-746.0,-749.0,25998.93,25998.93
1492748,200161,1.0,3,-2304.0,-2321.0,11009.88,11009.88
1793804,208818,1.0,6,-733.0,-750.0,5069.565,5069.565
1086373,342067,1.0,8,-2312.0,-2308.0,14763.6,14763.6
2425804,210481,0.0,128,-1316.0,-1316.0,75.195,75.195
2211204,276416,0.0,16,-217.0,-217.0,21900.825,21900.825
1214099,103083,1.0,9,-900.0,-908.0,17083.8,17083.8
2379410,196102,0.0,60,-1015.0,-1026.0,13500.0,13500.0
1744205,338658,1.0,4,-1348.0,-1358.0,6726.555,6726.555
1684285,383496,1.0,3,-1852.0,-1892.0,5075.01,5075.01
1770375,443988,0.0,61,-892.0,-900.0,9000.0,9000.0
1372302,436448,1.0,16,-691.0,-720.0,5108.265,5108.265
1835944,240135,0.0,24,-11.0,-11.0,1134.0,1134.0
1111540,231281,1.0,1,-1378.0,-1378.0,2463.57,2463.57
2557186,342824,1.0,7,-1958.0,-1930.0,3512.475,3.915
1380698,337216,1.0,11,-1393.0,-1400.0,16978.905,16978.905
1475754,362817,1.0,9,-680.0,-686.0,2787.93,2787.93
1645605,241770,1.0,4,-1350.0,-1358.0,11893.365,11893.365
1621846,111144,0.0,93,-1021.0,-1021.0,1528.11,1528.11
1712168,138026,1.0,8,-818.0,-828.0,2250.0,2250.0
2044215,398855,1.0,1,-2714.0,-2743.0,5191.38,5191.38
2007328,450302,1.0,11,-2100.0,-2126.0,12088.8,131.625
1208233,264704,0.0,70,-171.0,-171.0,157500.0,157500.0
2362839,397207,1.0,11,-329.0,-410.0,6020.28,6020.28
2253504,246444,0.0,97,-1102.0,-1102.0,4275.0,4275.0
2608568,292722,0.0,14,-527.0,-527.0,1018.44,1018.44
1664130,293183,0.0,139,-672.0,-672.0,7458.12,7458.12
1550699,382625,0.0,11,-761.0,-764.0,22500.0,4500.0
2239207,339104,1.0,4,-878.0,-885.0,13313.25,13313.25
1459784,258730,0.0,14,-2854.0,-2854.0,623.655,623.655
1238100,341534,0.0,137,-600.0,-614.0,5400.0,5400.0
2740759,317311,1.0,10,-364.0,-380.0,8606.295,8606.295
2253450,105972,1.0,12,-537.0,-541.0,17684.415,17684.415
2199232,310235,1.0,7,-540.0,-550.0,12975.525,12975.525
2745619,352117,1.0,7,-2236.0,-2242.0,14770.305,14770.305
2540129,160243,1.0,8,-2317.0,-2320.0,3099.96,3099.96
2101052,348701,0.0,1,-367.0,-373.0,2250.0,2250.0
2787846,419678,1.0,3,-902.0,-976.0,13676.13,13676.13
2691442,355045,1.0,19,-820.0,-838.0,19141.29,19141.29
2608647,264051,1.0,15,-528.0,-547.0,69234.66,4016.7
2589262,391253,1.0,10,-1916.0,-1916.0,10008.675,10008.675
1131730,452978,1.0,8,-93.0,-98.0,8933.805,8933.805
1096122,287655,1.0,9,-2075.0,-2079.0,29522.79,29522.79
1074990,332566,0.0,66,-1587.0,-1587.0,225.0,225.0
2340075,114867,0.0,17,-2492.0,-2509.0,9000.0,9000.0
2746555,392509,2.0,1,-774.0,-777.0,14002.875,14002.875
2383611,330786,1.0,5,-1503.0,-1516.0,7021.665,7021.665
2109808,248377,1.0,7,-2888.0,-2888.0,6715.62,6715.62
2027751,454553,0.0,60,-1297.0,-1297.0,382.095,382.095
1000628,111226,1.0,4,-2089.0,-2104.0,8367.345,8367.345
1675618,360474,0.0,26,-2231.0,-2243.0,3375.0,3375.0
1824420,437096,1.0,13,-804.0,-804.0,20448.09,20448.09
1074655,412252,1.0,5,-947.0,-950.0,15758.415,15758.415
1307094,123229,1.0,1,-1663.0,-1666.0,6251.4,6251.4
1565680,381781,1.0,6,-372.0,-380.0,17079.255,17079.255
1666653,191929,0.0,84,-1071.0,-1071.0,1519.605,1519.605
1239074,215428,1.0,9,-630.0,-661.0,24284.385,980.19
1591042,320237,1.0,12,-1800.0,-1830.0,3256.83,1.305
2363751,293263,2.0,1,-616.0,-628.0,220393.71,277772.31
1360243,260976,1.0,6,-628.0,-640.0,32678.505,32678.505
1006087,419118,1.0,5,-63.0,-71.0,16165.395,16165.395
2462196,410470,1.0,4,-529.0,-533.0,14223.915,14223.915
2353277,162798,1.0,4,-1694.0,-1701.0,6619.185,6619.185
2294136,335626,1.0,1,-1022.0,-1052.0,47617.065,47617.065
1107938,131364,0.0,53,-1555.0,-1555.0,4500.0,4500.0
2331244,213850,1.0,3,-2368.0,-2368.0,15737.985,15737.985
1226418,296209,0.0,12,-2832.0,-2822.0,6750.0,6750.0
2653614,415526,1.0,5,-1691.0,-1694.0,17335.35,17335.35
2357249,300401,1.0,8,-384.0,-406.0,4902.885,4902.885
2671037,454982,1.0,8,-457.0,-464.0,5710.14,5710.14
2378269,195220,1.0,7,-2169.0,-2196.0,2169.9,2169.9
2306345,239766,0.0,106,-175.0,-175.0,17325.0,17325.0
1635211,258216,0.0,48,-2181.0,-2181.0,1125.0,1125.0
2726165,323815,0.0,47,-1208.0,-1208.0,2287.35,2287.35
1202012,323255,1.0,8,-98.0,-105.0,10209.96,10209.96
1029839,293322,0.0,54,-199.0,-199.0,65.025,65.025
2305321,242214,1.0,15,-1794.0,-1790.0,16713.405,16713.405
1514823,319333,1.0,5,-665.0,-671.0,51387.93,51387.93
1157601,150056,1.0,1,-335.0,-350.0,4519.665,4519.665
1811978,216606,1.0,11,-1664.0,-1675.0,6320.835,6320.835
2287464,391062,1.0,11,-12.0,-19.0,14339.43,14339.43
1052644,262712,1.0,4,-1486.0,-1486.0,6616.98,6616.98
1550914,338125,1.0,1,-1056.0,-1076.0,5476.86,5476.86
2716739,183675,1.0,6,-767.0,-767.0,29877.48,29877.48
2107172,278549,1.0,6,-1738.0,-1751.0,9362.52,9362.52
2342085,386868,2.0,4,-969.0,-1031.0,17319.6,17319.6
1787341,139624,1.0,4,-116.0,-128.0,11041.785,11041.785
2636224,174235,0.0,60,-1249.0,-1249.0,444.78,444.78
1449091,400955,0.0,28,-2862.0,-2862.0,5682.15,5682.15
1184882,422515,1.0,4,-780.0,-787.0,15189.885,15189.885
1459306,190694,1.0,7,-1666.0,-1672.0,16462.575,16462.575
2746057,303187,0.0,37,-544.0,-544.0,854.01,854.01
2363162,328971,0.0,37,-2411.0,-2411.0,9.27,9.27
1445564,242416,1.0,9,-1355.0,-1362.0,9549.63,9549.63
2804301,325071,1.0,11,-416.0,-413.0,43556.94,35557.38
2315675,387183,1.0,14,-764.0,-789.0,9303.525,146.475
1020766,395793,2.0,14,-465.0,-466.0,53174.88,53174.88
1233898,439527,1.0,3,-394.0,-403.0,22770.72,22770.72
1277434,373142,5.0,19,-386.0,-381.0,3247.245,2757.33
1671844,160732,1.0,1,-1348.0,-1350.0,4657.635,4657.635
2090447,143367,2.0,27,-103.0,-113.0,10678.005,2631.87
2032112,335350,0.0,91,-469.0,-469.0,193.14,193.14
2463124,142650,1.0,8,-950.0,-951.0,10342.8,10342.8
1803385,189352,0.0,63,-1636.0,-1636.0,510.57,510.57
1561641,393397,0.0,1,-2828.0,-2837.0,3375.0,3375.0
2347401,288701,1.0,4,-828.0,-842.0,9405.81,9405.81
1501949,269232,1.0,7,-856.0,-845.0,5425.47,5416.29
1779615,283889,1.0,2,-689.0,-707.0,5960.115,5960.115
1959437,159271,0.0,1,-236.0,-236.0,2350.575,100.575
1417958,147012,1.0,9,-1178.0,-1183.0,3899.07,3899.07
1126797,152918,1.0,8,-2257.0,-2229.0,6010.74,47.475
2177310,263625,3.0,13,-311.0,-311.0,175676.175,175676.175
1000759,307769,1.0,21,-629.0,-649.0,29677.5,29677.5
1211225,354856,0.0,24,-2090.0,-2090.0,577.98,577.98
1121069,375414,1.0,3,-2571.0,-2571.0,6213.69,6213.69
2361820,365475,1.0,9,-729.0,-729.0,19155.375,19155.375
2009743,127165,0.0,15,-88.0,-89.0,7169.445,7169.445
1999940,227934,1.0,11,-1983.0,-1977.0,5246.01,5245.02
2806424,101818,1.0,7,-882.0,-898.0,38310.615,38310.615
1161735,217564,1.0,2,-898.0,-915.0,7975.17,7975.17
2030091,225510,1.0,1,-1860.0,-1880.0,3383.91,3383.91
2477947,392418,0.0,48,-2099.0,-2099.0,9000.0,9000.0
1051587,353491,1.0,5,-2129.0,-2150.0,7049.475,7049.475
2181453,204357,1.0,2,-941.0,-945.0,9789.525,9789.525
1953608,368837,1.0,3,-298.0,-310.0,10850.805,10850.805
1606365,288097,1.0,10,-295.0,-302.0,16801.2,16801.2
2273023,387840,1.0,3,-1766.0,-1767.0,19443.24,18852.165
2105553,174367,0.0,7,-2536.0,-2544.0,4500.0,4500.0
2775412,441389,0.0,34,-1521.0,-1527.0,9000.0,9000.0
2622028,206576,2.0,11,-382.0,-411.0,1151497.665,1151497.665
2004569,343976,1.0,11,-164.0,-167.0,19172.655,19172.655
2498864,427487,1.0,1,-2537.0,-2555.0,4249.8,4249.8
1305901,389247,1.0,3,-473.0,-487.0,13082.085,13082.085
2643765,134046,1.0,1,-2757.0,-2757.0,6226.695,6226.695
1283222,389535,1.0,4,-2433.0,-2523.0,4992.93,4992.93
1565642,322274,1.0,9,-2605.0,-2605.0,5621.22,5621.22
1011673,207220,1.0,12,-340.0,-339.0,2555.1,2555.1
2513540,451667,2.0,16,-341.0,-350.0,52999.92,52999.92
2390707,353683,0.0,7,-1706.0,-1725.0,5625.0,5625.0
1010089,198494,0.0,72,-137.0,-146.0,11508.3,11508.3
1623971,281781,1.0,3,-1432.0,-1423.0,2349.135,58.905
1176588,407163,0.0,59,-498.0,-498.0,106.425,106.425
2537939,128412,1.0,15,-285.0,-287.0,46345.32,46345.32
2363083,172748,1.0,5,-1416.0,-1429.0,3581.505,3581.505
2209918,451213,1.0,5,-59.0,-65.0,21564.54,21564.54
2606033,175715,1.0,3,-2402.0,-2419.0,10667.88,10667.88
2189842,103377,1.0,2,-462.0,-503.0,3837.69,3837.69
2118677,201705,2.0,17,-982.0,-982.0,13034.52,13034.52
1059468,330163,1.0,1,-1443.0,-1473.0,7188.075,7188.075
1198661,382024,1.0,9,-1901.0,-1894.0,18207.585,18207.585
1559814,103307,1.0,3,-1008.0,-1016.0,17944.785,17944.785
1686009,309642,1.0,11,-1075.0,-1074.0,18821.52,18821.52
1411409,234949,0.0,101,-439.0,-439.0,86.265,86.265
2580094,444981,1.0,2,-2875.0,-2875.0,2527.515,2527.515
2113968,351425,3.0,7,-502.0,-511.0,22337.595,22337.595
2099247,214015,1.0,3,-516.0,-528.0,9575.73,9575.73
1309523,436848,1.0,9,-198.0,-218.0,8771.31,8771.31
1976260,308198,0.0,49,-974.0,-974.0,272.385,272.385
1614375,361287,1.0,6,-1038.0,-1033.0,11381.175,11040.435
1794708,258694,1.0,7,-515.0,-711.0,18469.125,18469.125
1387012,319214,1.0,4,-1093.0,-1105.0,6536.79,6536.79
2102814,288210,1.0,1,-556.0,-567.0,6447.42,6447.42
1567879,142709,1.0,6,-2195.0,-2346.0,22203.0,22203.0
2368570,353343,2.0,101,-1758.0,-1759.0,3600.0,0.27
2517671,123503,0.0,4,-473.0,-492.0,594.405,594.405
1919488,433252,3.0,6,-402.0,-410.0,6563.115,6563.115
2096214,387733,1.0,8,-478.0,-487.0,8588.34,8588.34
2054181,350697,1.0,12,-341.0,-339.0,12424.59,11723.04
2321053,221783,1.0,8,-335.0,-358.0,4427.82,4427.82
1854139,280528,1.0,5,-1770.0,-1774.0,8281.035,8281.035
1139570,101919,1.0,6,-319.0,-335.0,23761.395,23761.395
2453044,363039,0.0,19,-404.0,-404.0,1405.44,1405.44
1160331,290571,0.0,111,-879.0,-879.0,217.665,217.665
2746341,130062,1.0,1,-565.0,-568.0,19141.785,19141.785
1239972,449103,0.0,40,-2094.0,-2094.0,4500.0,4500.0
1435928,325201,1.0,2,-2466.0,-2467.0,3457.08,3457.08
1665041,105719,1.0,19,-262.0,-286.0,41666.22,41666.22
1135701,296942,1.0,3,-1372.0,-1379.0,13034.52,13034.52
1926716,249185,0.0,56,-964.0,-943.0,4500.0,4500.0
2411063,323537,0.0,80,-315.0,-315.0,930.375,930.375
1384327,319023,1.0,5,-566.0,-589.0,9431.01,9431.01
2181043,305253,0.0,114,-1526.0,-1526.0,450.0,450.0
1029594,441429,0.0,22,-1956.0,-1956.0,496.08,496.08
1361072,361097,0.0,77,-2108.0,-2119.0,8100.0,8100.0
1688749,255747,1.0,6,-2015.0,-2032.0,13982.94,13982.94
1030671,389497,1.0,1,-1556.0,-1557.0,5741.1,5741.1
1543338,331944,1.0,22,-1135.0,-1147.0,7224.21,7224.21
1405739,423917,1.0,4,-509.0,-519.0,9101.115,9101.115
1307867,260994,1.0,16,-2169.0,-2161.0,10073.97,10073.925
2843219,356724,0.0,84,-759.0,-772.0,16200.0,16200.0
1176729,149731,0.0,4,-475.0,-483.0,22124.565,22124.565
1127252,368095,1.0,5,-194.0,-232.0,13994.595,13994.595
2629751,196466,4.0,11,-171.0,-194.0,546184.485,546184.485
1569591,256530,1.0,20,-502.0,-515.0,6271.065,6271.065
1170069,285310,1.0,30,-34.0,-34.0,43654.14,43654.14
1354403,141443,1.0,2,-934.0,-935.0,37279.665,37279.665
1194184,191696,1.0,8,-214.0,-218.0,8256.015,8256.015
1643777,435171,5.0,6,-29.0,-28.0,18179.55,18179.55
1266211,273137,1.0,8,-1439.0,-1440.0,10447.965,10447.965
2123443,339906,0.0,7,-18.0,-35.0,2250.0,2250.0
2291302,141122,0.0,87,-536.0,-536.0,5.76,5.76
2788837,201373,0.0,32,-2730.0,-2730.0,467.82,467.82
1852441,407618,1.0,18,-2239.0,-2274.0,13776.21,13776.21
2137375,151235,0.0,22,-1916.0,-1916.0,900.0,900.0
1413641,280706,1.0,7,-1418.0,-1450.0,3938.76,16.2
1359063,329421,1.0,8,-238.0,-311.0,9322.155,9322.155
2643281,253899,1.0,3,-622.0,-654.0,6667.425,6667.425
2341501,112348,0.0,1,-2565.0,-2567.0,9000.0,9000.0
1963628,275683,1.0,14,-500.0,-501.0,14346.855,14346.855
1984693,398436,1.0,7,-2565.0,-2564.0,4406.535,4406.535
1945773,351907,0.0,84,-2111.0,-2111.0,450.0,450.0
1556196,258220,1.0,1,-1078.0,-1104.0,17207.46,17207.46
2055884,311128,1.0,3,-2362.0,-2368.0,6462.27,6462.27
1336187,409389,1.0,8,-2330.0,-2324.0,3369.24,3250.17
1585267,256962,1.0,4,-1710.0,-1708.0,9704.97,7765.38
1382736,251787,1.0,25,-486.0,-517.0,9645.57,365.67
2204287,107929,0.0,101,-172.0,-172.0,322.92,322.92
2357012,403364,1.0,1,-628.0,-643.0,11583.63,11583.63
1843826,143909,1.0,3,-815.0,-826.0,6750.315,6750.315
2433009,373859,1.0,6,-550.0,-560.0,10907.19,10907.19
1879854,187598,0.0,65,-1127.0,-1127.0,6753.33,6753.33
2829716,300212,1.0,5,-797.0,-799.0,62916.3,62916.3
2152489,427762,1.0,9,-53.0,-74.0,9873.045,9873.045
1668706,278222,0.0,77,-620.0,-620.0,299.61,299.61
1760972,412489,0.0,5,-572.0,-591.0,130.5,130.5
1685967,445342,1.0,6,-1344.0,-1359.0,19195.2,19195.2
1545771,112547,1.0,7,-1533.0,-1543.0,7508.61,7508.61
1714631,288755,1.0,12,-78.0,-94.0,10439.055,10439.055
2575580,109733,1.0,6,-1255.0,-1276.0,6154.56,240.57
1966543,148738,0.0,1,-1254.0,-1269.0,10362.645,10362.645
1251001,223325,1.0,7,-1499.0,-1529.0,14986.98,14986.98
1110386,415739,0.0,15,-2271.0,-2271.0,464.85,464.85
1426048,120978,1.0,2,-1880.0,-1891.0,2104.695,2104.695
2349639,262011,1.0,3,-2431.0,-2426.0,13472.73,2619.45
1656191,198687,1.0,10,-1988.0,-1994.0,6276.06,6276.06
2206947,213282,1.0,2,-489.0,-489.0,5860.89,30000.735
1598163,169144,1.0,2,-806.0,-833.0,5805.36,5805.36
1620473,196408,1.0,7,-936.0,-933.0,23458.41,23012.73
1987442,200906,0.0,8,-304.0,-304.0,1311.705,1311.705
1103220,295854,1.0,1,-110.0,-140.0,5159.565,5159.565
2373882,405024,1.0,3,-640.0,-640.0,49461.21,49461.21
1849140,366075,0.0,61,-1895.0,-1895.0,99.54,99.54
2096504,224559,1.0,4,-1878.0,-1876.0,19380.06,19380.06
2479924,335752,0.0,48,-759.0,-759.0,143.91,143.91
2505358,304321,0.0,57,-2281.0,-2296.0,9000.0,9000.0
1794300,274981,1.0,9,-637.0,-650.0,20043.36,20043.36
2652023,174406,0.0,123,-543.0,-543.0,1125.0,1125.0
2191749,250589,1.0,12,-488.0,-487.0,26725.14,26725.14
1335986,440771,0.0,84,-246.0,-246.0,409.905,409.905
2252814,241213,1.0,8,-1613.0,-1628.0,3167.73,3167.73
1831138,325886,0.0,1,-381.0,-381.0,15750.0,15750.0
1986036,209122,0.0,7,-2909.0,-2927.0,9000.0,9000.0
2118108,242747,0.0,59,-1070.0,-1094.0,6750.0,2250.0
1233022,332590,1.0,1,-1803.0,-1815.0,4628.205,4628.205
1750289,371161,4.0,24,-412.0,-409.0,6208.65,6179.85
1252367,262536,0.0,39,-1390.0,-1390.0,252.18,252.18
1956907,166533,1.0,8,-453.0,-596.0,4477.095,4477.095
2426727,373732,0.0,22,-1135.0,-1145.0,14175.0,14175.0
2657006,169891,1.0,4,-83.0,-109.0,17792.415,17792.415
1754667,398819,1.0,9,-1593.0,-1651.0,3919.23,3919.23
2506173,318544,0.0,70,-898.0,-905.0,13500.0,13500.0
1829496,245931,1.0,3,-181.0,-201.0,7955.955,7955.955
1928105,138349,1.0,2,-662.0,-722.0,57131.325,57131.325
2705388,441817,1.0,20,-10.0,-18.0,2629.125,2629.125
1209751,164460,1.0,2,-1358.0,-1375.0,2244.105,2244.105
1420851,177487,1.0,2,-277.0,-335.0,35051.895,35051.895
2018349,101348,1.0,3,-841.0,-888.0,7325.145,7325.145
1386408,273525,0.0,50,-962.0,-962.0,156.915,156.915
1611295,123094,1.0,3,-1293.0,-1311.0,13202.82,13202.82
1727520,432307,1.0,2,-1130.0,-1141.0,15408.81,15408.81
2276855,226291,1.0,15,-795.0,-815.0,7877.475,7877.475
1194080,211028,1.0,1,-521.0,-531.0,19437.3,19437.3
2139161,121138,1.0,1,-975.0,-990.0,4541.85,4541.85
1998121,268600,1.0,5,-1873.0,-1890.0,5150.565,5150.565
2054509,434013,1.0,6,-1475.0,-1488.0,4164.84,4164.84
1891614,385453,0.0,38,-1656.0,-1656.0,6898.41,6898.41
2830960,133062,1.0,9,-1881.0,-1893.0,2748.465,2748.465
1714894,177832,1.0,3,-89.0,-102.0,3917.79,3917.79
1130689,213628,0.0,119,-278.0,-278.0,2250.0,2250.0
1498835,380419,1.0,2,-2147.0,-2144.0,13440.015,13174.155
2068933,193476,1.0,1,-75.0,-92.0,5042.565,5042.565
2137710,287082,1.0,20,-283.0,-313.0,8603.505,8603.505
1944708,364356,1.0,6,-2340.0,-2346.0,7459.245,7459.245
2741330,175281,1.0,8,-2198.0,-2193.0,3935.61,3935.61
2730860,274978,1.0,3,-582.0,-585.0,34221.87,34221.87
1305171,451627,1.0,6,-514.0,-547.0,6294.735,1601.955
1312539,415791,6.0,3,-463.0,-475.0,12384.09,22500.0
1208120,258719,0.0,5,-172.0,-172.0,302.85,302.85
2235546,266187,1.0,8,-56.0,-70.0,32879.25,32879.25
2720434,222553,1.0,5,-649.0,-661.0,9615.06,9615.06
2597717,331929,1.0,4,-500.0,-506.0,9397.845,9397.845
1205833,121146,1.0,5,-2202.0,-2227.0,5009.355,5009.355
1444456,323392,0.0,11,-265.0,-265.0,27000.0,27000.0
1846953,229194,1.0,6,-2901.0,-2904.0,12477.24,12477.24
1360108,142679,0.0,18,-125.0,-125.0,3256.74,3256.74
1484980,141412,1.0,1,-568.0,-571.0,7929.81,7929.81
2307530,114883,1.0,12,-39.0,-66.0,5005.08,5005.08
2568343,328959,0.0,23,-49.0,-49.0,75.42,75.42
2769178,206465,1.0,6,-617.0,-618.0,9874.71,9874.71
2672080,342156,0.0,14,-2386.0,-2386.0,43875.0,43875.0
1354671,345556,1.0,4,-2373.0,-2374.0,5606.685,5606.685
1450521,137045,1.0,4,-51.0,-63.0,7168.23,7168.23
1031511,219223,0.0,4,-770.0,-770.0,5389.695,5389.695
2253396,396749,1.0,4,-1320.0,-1322.0,4239.405,4239.405
1223490,343961,1.0,1,-757.0,-760.0,57788.73,57788.73
1598500,300882,1.0,1,-1703.0,-1719.0,3947.985,3947.985
1141344,345120,1.0,16,-1264.0,-1269.0,34654.5,34654.5
1525510,411671,4.0,21,-477.0,-489.0,36419.04,36419.04
2329001,295099,3.0,6,-744.0,-773.0,5310.225,5310.225
1235399,420035,0.0,1,-2363.0,-2387.0,2250.0,2250.0
2701383,282326,0.0,80,-1022.0,-1022.0,719.19,719.19
1153892,307969,1.0,6,-1360.0,-1388.0,4050.63,50.67
1150586,396662,0.0,14,-1855.0,-1855.0,2029.545,2029.545
2331942,270308,1.0,3,-1911.0,-1917.0,5857.335,5857.335
1653410,260788,1.0,9,-918.0,-960.0,9087.21,9087.21
2233191,370939,0.0,30,-285.0,-285.0,975.375,975.375
2393177,294961,1.0,1,-950.0,-961.0,12150.0,12150.0
1480421,316717,1.0,7,-2698.0,-2698.0,6403.32,6403.32
2524219,292620,1.0,4,-1968.0,-1986.0,5887.575,5887.575
2317296,161977,1.0,17,-30.0,-35.0,35732.925,35732.925
2242674,402238,0.0,8,-2674.0,-2684.0,3375.0,3375.0
1847419,430119,1.0,6,-2287.0,-2386.0,2350.215,2350.215
2417020,147889,0.0,36,-442.0,-442.0,4365.225,4365.225
2096306,132318,1.0,9,-51.0,-52.0,52415.1,52415.1
1691968,137185,0.0,15,-2434.0,-2434.0,1575.0,1575.0
2800791,371857,1.0,3,-2387.0,-2391.0,15737.985,15737.985
2796847,371957,1.0,13,-343.0,-363.0,28105.065,28105.065
1283274,272107,2.0,17,-310.0,-333.0,75580.29,75580.29
1958494,249558,1.0,1,-1065.0,-1066.0,7401.015,7401.015
2211402,364518,1.0,11,-456.0,-454.0,74569.185,68774.625
1220247,246256,0.0,9,-498.0,-498.0,305.595,305.595
1034531,228120,0.0,15,-769.0,-770.0,18967.68,18967.68
1976487,325787,1.0,7,-1352.0,-1367.0,14094.585,14094.585
2087215,193595,0.0,17,-543.0,-539.0,23417.01,23417.01
2702405,253631,0.0,61,-1318.0,-1318.0,680.265,680.265
2617391,371648,1.0,6,-498.0,-504.0,11105.055,11105.055
1171179,235165,0.0,83,-902.0,-902.0,505.395,505.395
1031136,362912,0.0,87,-932.0,-932.0,280.575,280.575
1364270,313974,1.0,3,-189.0,-216.0,25996.365,25996.365
2291385,313326,1.0,2,-157.0,-154.0,24156.36,22352.985
1723406,106557,0.0,93,-730.0,-730.0,1156.59,1156.59
1770455,329170,1.0,1,-2522.0,-2522.0,5061.915,5061.915
2024179,290997,0.0,16,-86.0,-95.0,2250.0,2250.0
1112748,380728,1.0,2,-333.0,-343.0,7549.695,7549.695
1893722,411330,0.0,165,-28.0,-28.0,1063.35,1063.35
1794124,251225,1.0,12,-708.0,-722.0,22308.75,22308.75
1568199,425067,1.0,11,-1525.0,-1532.0,8715.285,8715.285
1739083,342935,1.0,18,-968.0,-970.0,4453.38,4453.38
1002513,371839,1.0,2,-372.0,-382.0,5001.39,5001.39
1717268,141253,1.0,23,-234.0,-271.0,12176.73,4136.94
1077389,163801,4.0,12,-594.0,-607.0,41441.67,41441.67
1442523,156260,1.0,1,-2153.0,-2163.0,9075.51,9075.51
1412794,297922,1.0,5,-677.0,-705.0,9965.16,9965.16
1617462,307045,0.0,47,-1533.0,-1562.0,5625.0,5625.0
1057333,317330,1.0,4,-400.0,-412.0,39685.995,39685.995
1361783,181163,2.0,4,-1396.0,-1397.0,25198.65,25198.65
1849292,206923,1.0,15,-6.0,-7.0,31754.97,31754.97
2235213,225320,1.0,7,-559.0,-562.0,18229.725,18229.725
2383466,351240,0.0,64,-1889.0,-1901.0,5625.0,5625.0
1308892,309588,1.0,9,-373.0,-378.0,16600.455,16600.455
2174435,205035,1.0,4,-621.0,-621.0,48482.64,48482.64
1425251,395218,1.0,11,-1448.0,-1459.0,6349.905,6349.905
2458667,329257,1.0,5,-180.0,-193.0,16624.845,16624.845
2045794,436169,3.0,2,-910.0,-910.0,37224.495,37224.495
1053923,208856,0.0,18,-178.0,-183.0,4326.66,4326.66
1285192,141251,1.0,1,-569.0,-580.0,12433.95,12433.95
2807766,385083,0.0,18,-18.0,-18.0,93.96,93.96
1382559,259324,1.0,6,-960.0,-974.0,16723.35,16723.35
1491939,132600,2.0,7,-294.0,-293.0,72090.18,72090.18
1499504,324819,1.0,1,-2683.0,-2683.0,2844.945,2844.945
2717545,418737,0.0,67,-1219.0,-1219.0,142.02,142.02
1816576,324998,1.0,10,-2012.0,-2026.0,5422.185,5422.185
1244566,422596,1.0,9,-1364.0,-1381.0,10309.995,10309.995
2037278,392305,1.0,7,-712.0,-717.0,14673.78,14673.78
2320909,138505,0.0,85,-1470.0,-1483.0,5625.0,5625.0
2004426,249603,1.0,22,-45.0,-47.0,11184.525,11184.525
1329161,123580,0.0,21,-2322.0,-2322.0,22500.0,22500.0
2109910,132470,1.0,17,-217.0,-224.0,6062.4,6062.4
2288180,168467,1.0,1,-1066.0,-1077.0,20516.4,20516.4
2477394,397883,1.0,22,-110.0,-112.0,27164.34,27164.34
1280694,288934,1.0,7,-2342.0,-2360.0,1529.325,1529.325
1411765,225541,1.0,17,-459.0,-500.0,6866.55,6866.55
1531347,313540,0.0,12,-1996.0,-2002.0,4500.0,4500.0
1822517,111472,1.0,10,-38.0,-87.0,14681.025,14681.025
2006743,184851,1.0,5,-2433.0,-2433.0,3338.685,3338.685
1370589,364967,1.0,18,-1364.0,-1351.0,10342.035,10342.035
1332221,326359,0.0,9,-32.0,-32.0,9157.005,9157.005
1489816,444708,1.0,19,-719.0,-741.0,7555.005,7555.005
1416518,408966,0.0,16,-694.0,-694.0,346.86,346.86
2118332,120590,2.0,3,-805.0,-820.0,188359.65,225005.4
1799867,397121,1.0,3,-301.0,-300.0,8874.585,8874.585
1782257,267874,1.0,2,-2288.0,-2314.0,7303.275,7303.275
1760925,270377,0.0,61,-1655.0,-1680.0,5625.0,5625.0
1270527,143276,6.0,5,-647.0,-652.0,2760.75,36000.0
1314479,206909,1.0,2,-1403.0,-1408.0,19457.28,19457.28
2570971,401131,1.0,2,-1360.0,-1376.0,6735.015,6735.015
2167209,125027,1.0,11,-403.0,-434.0,57459.915,2181.375
2258980,234489,1.0,7,-1688.0,-1686.0,7766.19,7761.33
2827041,329329,2.0,9,-2051.0,-2058.0,12966.21,12966.21
2727339,335428,1.0,2,-289.0,-301.0,6086.205,6086.205
1387420,390279,1.0,3,-1370.0,-1373.0,29275.02,29275.02
2552502,282769,1.0,3,-636.0,-648.0,13818.15,13818.15
2304225,324271,1.0,6,-2517.0,-2524.0,12555.36,12555.36
2080533,426243,1.0,12,-1333.0,-1340.0,18224.955,18224.955
1007048,233470,0.0,141,-19.0,-19.0,227.43,227.43
1207064,417730,0.0,122,-1454.0,-1458.0,5400.0,5400.0
1259939,295790,0.0,66,-317.0,-336.0,10125.0,10125.0
1896570,122681,1.0,3,-2690.0,-2705.0,7315.335,7315.335
2198583,160283,0.0,13,-693.0,-693.0,40243.41,40243.41
1665763,387707,1.0,2,-236.0,-246.0,5683.365,5683.365
2817562,259214,0.0,12,-2767.0,-2769.0,4500.0,4500.0
2287971,307811,0.0,55,-1934.0,-1953.0,3375.0,3375.0
1846316,190556,1.0,2,-208.0,-231.0,14807.34,14807.34
2268635,200038,1.0,10,-981.0,-986.0,30249.27,30249.27
1963302,300603,1.0,6,-1377.0,-1388.0,3275.685,3275.685
2345880,310349,0.0,95,-177.0,-177.0,88.245,88.245
2823935,106808,1.0,10,-96.0,-104.0,25758.225,25758.225
1676644,354554,0.0,88,-1386.0,-1394.0,4500.0,4500.0
1108299,132311,3.0,7,-484.0,-486.0,1664.46,1664.46
1709909,256258,1.0,1,-725.0,-733.0,16201.395,16201.395
1036395,434679,1.0,5,-748.0,-760.0,21166.875,21166.875
1259308,181734,1.0,5,-244.0,-250.0,29877.48,29877.48
2413516,427423,1.0,11,-383.0,-398.0,11170.125,11170.125
1134452,394836,1.0,5,-695.0,-694.0,23703.93,23703.93
1206116,338212,1.0,6,-42.0,-66.0,38574.27,38574.27
1640665,286106,1.0,10,-405.0,-422.0,5175.675,5175.675
1209081,150835,1.0,3,-1058.0,-1078.0,8779.5,8779.5
1947663,193735,1.0,10,-2506.0,-2515.0,5261.355,5261.355
1331187,293190,2.0,18,-2349.0,-2355.0,28793.97,28793.97
2349918,302066,1.0,1,-503.0,-514.0,12723.435,12723.435
2383180,266140,0.0,3,-685.0,-685.0,45000.0,45000.0
1782132,392328,0.0,49,-2049.0,-2049.0,382.635,382.635
2736830,162894,0.0,36,-58.0,-58.0,684.72,684.72
1548264,293872,0.0,61,-1714.0,-1714.0,277.335,277.335
1082663,184601,0.0,81,-494.0,-496.0,7875.0,7875.0
1595673,409914,1.0,16,-134.0,-150.0,9078.525,9078.525
2155026,456121,1.0,12,-1748.0,-1757.0,5428.215,5428.215
2477392,288629,1.0,10,-520.0,-525.0,5507.28,5507.28
2356085,447059,0.0,74,-1200.0,-1204.0,9000.0,9000.0
2525536,207380,1.0,2,-2457.0,-2461.0,10492.02,10492.02
1999616,346894,0.0,2,-2770.0,-2786.0,9000.0,9000.0
1264322,309084,1.0,11,-1923.0,-1926.0,12088.8,12088.8
2454079,226935,0.0,16,-2547.0,-2547.0,5625.0,5625.0
2053390,220805,0.0,76,-710.0,-710.0,0.315,0.315
1931283,239146,1.0,10,-620.0,-644.0,25198.65,12.15
2508476,166243,1.0,6,-394.0,-406.0,30691.395,30691.395
2300109,335183,0.0,3,-2757.0,-2780.0,4500.0,4500.0
2120414,116639,1.0,3,-1135.0,-1136.0,29824.47,29824.47
2300215,275097,0.0,58,-93.0,-93.0,2107.845,2107.845
1383601,336661,2.0,10,-1564.0,-1573.0,9225.495,9225.495
1724733,235618,0.0,48,-21.0,-24.0,11546.595,11546.595
1319137,323928,1.0,3,-456.0,-487.0,9008.145,9008.145
2017418,366018,1.0,5,-2624.0,-2646.0,8016.3,1215.54
1361967,440451,0.0,62,-1660.0,-1660.0,4728.15,4728.15
1292016,341239,1.0,6,-2017.0,-2028.0,3628.305,3628.305
2669683,407510,1.0,14,-1222.0,-1256.0,32467.5,4140.72
1294032,289042,1.0,11,-1451.0,-1492.0,3012.48,3012.48
1049834,162011,0.0,56,-1968.0,-1968.0,4500.0,4500.0
1267039,260702,1.0,21,-176.0,-192.0,17367.3,17367.3
1461215,249660,2.0,7,-622.0,-634.0,294143.58,294143.58
2732950,450132,0.0,23,-1811.0,-1811.0,90.36,90.36
2837404,100865,0.0,30,-2118.0,-2135.0,3375.0,3375.0
2681703,454336,1.0,1,-136.0,-166.0,49630.5,49630.5
1561864,369325,1.0,5,-243.0,-281.0,8303.175,8303.175
1777551,129228,1.0,17,-551.0,-538.0,45110.25,36668.25
1655859,151770,0.0,69,-393.0,-396.0,4725.0,4725.0
2181530,350936,1.0,6,-2092.0,-2113.0,2053.035,2053.035
1768884,169001,0.0,59,-1686.0,-1686.0,1456.56,1456.56
1887743,335362,1.0,7,-705.0,-771.0,11341.89,11341.89
1592001,427847,0.0,97,-607.0,-607.0,81.18,81.18
2715381,273952,1.0,18,-419.0,-426.0,29034.315,23480.235
2495530,309024,1.0,8,-32.0,-42.0,8539.2,8539.2
1665925,185161,0.0,127,-849.0,-849.0,15300.0,15300.0
1156910,254425,1.0,2,-2844.0,-2864.0,20395.755,20395.755
2547446,198259,1.0,2,-2160.0,-2182.0,8610.12,8610.12
2528469,223771,0.0,63,-1928.0,-1928.0,488.745,488.745
2567788,283665,1.0,12,-1835.0,-1841.0,7991.55,7991.55
2645497,136658,4.0,4,-27.0,-30.0,28237.5,28237.5
2563261,370878,1.0,23,-406.0,-401.0,5149.17,5053.41
1686645,261357,0.0,19,-2921.0,-2936.0,3375.0,3375.0
2065690,309202,1.0,3,-1328.0,-1336.0,6788.115,6788.115
2595789,222951,0.0,62,-1408.0,-1408.0,593.775,593.775
1947055,209234,0.0,92,-446.0,-451.0,2250.0,2250.0
1006499,229559,0.0,11,-396.0,-396.0,3948.75,3948.75
1930743,159793,0.0,24,-252.0,-252.0,94.545,94.545
1356465,441834,0.0,9,-410.0,-410.0,343.08,343.08
1792545,153308,0.0,12,-517.0,-517.0,29860.515,18000.0
2038914,449569,1.0,6,-2364.0,-2367.0,3881.7,3881.7
2105049,408961,1.0,12,-1084.0,-1103.0,27203.715,27203.715
2411885,180658,1.0,9,-361.0,-360.0,19447.965,19447.965
1464690,151426,1.0,18,-129.0,-156.0,72702.81,72702.81
1884698,197782,1.0,7,-2358.0,-2358.0,3571.56,3571.56
1024736,192948,0.0,67,-618.0,-618.0,320.67,320.67
1510406,303261,1.0,13,-901.0,-903.0,5874.615,5874.615
2462129,293078,1.0,5,-1894.0,-1895.0,5333.94,5333.94
1955544,102718,1.0,3,-699.0,-711.0,31650.3,31650.3
1897266,389576,1.0,9,-1572.0,-1571.0,15555.96,15555.96
2321153,344318,1.0,4,-2047.0,-2065.0,15042.06,15042.06
1895238,310850,0.0,20,-2494.0,-2505.0,4500.0,4500.0
1158291,422317,1.0,5,-954.0,-971.0,15123.645,15123.645
2536047,293510,0.0,3,-1090.0,-1108.0,14107.5,14107.5
1004992,250624,1.0,6,-563.0,-563.0,55601.55,55601.55
1910210,331306,1.0,5,-1887.0,-1918.0,13695.39,7.11
2631548,320744,0.0,12,-678.0,-678.0,2645.325,2645.325
2536592,149606,1.0,4,-1356.0,-1388.0,1668.33,1668.33
2023022,300172,1.0,5,-2781.0,-2781.0,20119.95,20119.95
2499717,387386,1.0,9,-480.0,-490.0,7009.875,7009.875
2152654,300349,1.0,13,-313.0,-345.0,11788.83,6.345
1570242,128496,0.0,62,-1243.0,-1243.0,276.345,276.345
1283634,272992,4.0,3,-227.0,-242.0,11070.81,20250.0
1948331,129174,0.0,93,-902.0,-903.0,7875.0,7875.0
1740314,233330,1.0,4,-1282.0,-1288.0,12280.5,12280.5
1496215,104510,1.0,6,-1397.0,-1405.0,6275.16,6275.16
1868913,235050,1.0,5,-1672.0,-1674.0,6229.26,6229.26
1751927,266809,1.0,5,-283.0,-320.0,5890.5,5890.5
1386620,144286,0.0,22,-19.0,-19.0,18.36,18.36
1535444,331054,0.0,12,-586.0,-586.0,2404.755,2404.755
1777768,198870,1.0,5,-214.0,-212.0,37297.035,37071.54
1776445,336696,0.0,89,-992.0,-992.0,470.025,470.025
2558002,237899,0.0,47,-1799.0,-1799.0,4500.0,4500.0
1079717,224401,0.0,25,-2298.0,-2298.0,105705.0,105705.0
2386045,296364,0.0,82,-1075.0,-1077.0,9000.0,9000.0
2305367,370258,1.0,7,-1532.0,-1535.0,5218.155,5218.155
2429347,133814,1.0,5,-283.0,-287.0,9453.105,9453.105
2617165,388065,1.0,20,-232.0,-234.0,19468.17,19468.17
1301280,257455,1.0,2,-897.0,-903.0,11200.545,11200.545
1488136,240811,1.0,18,-412.0,-418.0,15340.005,15340.005
1261758,160556,1.0,1,-2302.0,-2302.0,8981.82,8981.82
2599811,209120,1.0,15,-127.0,-156.0,31544.37,31544.37
2058028,356310,3.0,14,-210.0,-224.0,35424.99,35424.99
1953978,375546,1.0,4,-1016.0,-1026.0,5394.96,5394.96
2473018,148368,1.0,5,-340.0,-349.0,24172.65,24172.65
1085541,438236,0.0,6,-124.0,-124.0,124.695,124.695
1592421,394134,1.0,23,-529.0,-528.0,7688.385,7688.385
2588112,199504,1.0,1,-199.0,-208.0,6411.33,6411.33
1055935,247387,1.0,3,-932.0,-954.0,18392.535,18392.535
1645550,146277,0.0,7,-2561.0,-2561.0,2250.0,2250.0
2199974,310510,0.0,86,-1247.0,-1247.0,186.165,186.165
1439831,409884,0.0,42,-290.0,-290.0,6300.0,6300.0
2648977,323781,0.0,70,-1570.0,-1570.0,701.73,701.73
1839106,218386,1.0,6,-173.0,-188.0,10768.005,10768.005
2509911,395881,0.0,75,-621.0,-621.0,52.2,52.2
2421557,178884,1.0,19,-580.0,-589.0,23159.7,23159.7
1933883,166356,1.0,5,-455.0,-460.0,16152.345,16152.345
2199974,310510,0.0,131,-275.0,-275.0,7200.0,7200.0
2438971,272691,1.0,14,-68.0,-70.0,12331.845,12331.845
2584124,309487,1.0,4,-1721.0,-1720.0,3125.97,3125.97
2189937,314787,1.0,2,-1128.0,-1128.0,14663.835,14663.835
2208516,229923,0.0,112,-195.0,-195.0,273.51,273.51
2080441,106219,1.0,5,-999.0,-1006.0,8559.81,8559.81
2662374,222880,1.0,6,-849.0,-859.0,6815.25,6815.25
1736686,276528,1.0,4,-2076.0,-2077.0,2925.045,2925.045
2789933,400869,1.0,4,-127.0,-144.0,12876.75,12876.75
1513649,419298,1.0,12,-493.0,-496.0,60916.86,60916.86
2155412,138900,1.0,3,-1896.0,-1908.0,3241.575,3241.575
1096201,455842,0.0,42,-972.0,-972.0,547.155,547.155
2272901,446202,0.0,18,-93.0,-93.0,55.305,55.305
2535588,157171,0.0,81,-899.0,-899.0,207.81,207.81
1789248,239146,0.0,28,-634.0,-634.0,249.84,249.84
1836953,453437,1.0,5,-1838.0,-1841.0,4061.43,4061.43
1983633,142225,0.0,87,-1070.0,-1070.0,290.025,290.025
2192927,430603,1.0,8,-2417.0,-2446.0,1673.19,1673.19
1692685,282082,3.0,11,-201.0,-202.0,30521.61,30521.61
1535390,285586,0.0,5,-432.0,-451.0,265.5,265.5
1789531,271209,1.0,41,-1209.0,-1239.0,13628.565,949.5
2588342,205420,0.0,48,-1108.0,-1103.0,5625.0,5625.0
1922641,212000,0.0,9,-101.0,-101.0,98100.0,98100.0
1184539,442927,0.0,18,-1926.0,-1931.0,9000.0,9000.0
1652247,337862,5.0,23,-232.0,-244.0,4716.855,4716.855
2451020,362757,1.0,10,-1041.0,-1044.0,10942.605,10942.605
2053013,223432,1.0,10,-1790.0,-1820.0,10806.93,10806.93
2173468,112996,0.0,26,-15.0,-15.0,180000.0,180000.0
2241243,238275,0.0,22,-2235.0,-2250.0,4500.0,4500.0
2477337,395473,1.0,3,-625.0,-651.0,19626.435,19626.435
1868930,182606,0.0,71,-1345.0,-1375.0,74.925,74.925
1730636,124549,1.0,8,-2195.0,-2206.0,4588.02,4588.02
1057291,243234,1.0,5,-1392.0,-1403.0,11241.0,11241.0
1592496,272666,0.0,19,-2555.0,-2555.0,1125.0,1125.0
1181544,102108,1.0,12,-533.0,-552.0,43337.25,43337.25
2831069,287582,3.0,16,-290.0,-288.0,18773.325,18592.65
2640073,122203,1.0,2,-368.0,-387.0,12388.77,12388.77
1027488,373206,2.0,3,-1123.0,-1135.0,21238.65,45584.1
1078899,389031,0.0,4,-617.0,-621.0,17058.33,17058.33
1450440,194305,1.0,5,-17.0,-17.0,8854.47,8854.47
2394598,384557,2.0,8,-946.0,-953.0,22037.4,22037.4
1058744,274006,1.0,16,-844.0,-856.0,10191.15,10191.15
1815136,361576,1.0,11,-1321.0,-1306.0,3629.16,3603.24
1627358,192382,1.0,4,-76.0,-90.0,9220.275,9220.275
1667957,190753,1.0,8,-1715.0,-1734.0,21830.22,0.81
1770521,424958,1.0,2,-459.0,-480.0,23036.49,23036.49
2776278,135054,1.0,1,-1390.0,-1395.0,28633.32,28633.32
1051468,365675,1.0,4,-1533.0,-1533.0,5729.85,5729.85
2819047,283387,0.0,31,-1845.0,-1851.0,4500.0,4500.0
2079961,196679,3.0,18,-54.0,-64.0,38206.845,38206.845
2206671,373855,1.0,20,-795.0,-823.0,20542.185,15007.995
2495740,365234,1.0,4,-1350.0,-1351.0,9035.325,9035.325
2024137,184131,0.0,40,-572.0,-572.0,37835.595,37835.595
2644690,306485,1.0,3,-1422.0,-1423.0,5768.64,5768.64
1261708,354905,1.0,8,-935.0,-943.0,15618.825,15618.825
1613519,256386,6.0,4,-199.0,-211.0,2789.55,4500.0
1683419,320833,1.0,9,-390.0,-391.0,42035.535,42035.535
1261499,271633,1.0,5,-1735.0,-1735.0,11346.705,11346.705
1873879,437046,1.0,2,-126.0,-134.0,28805.22,28805.22
2032107,195845,0.0,9,-1070.0,-1073.0,6027.345,6027.345
1696443,167491,1.0,3,-2160.0,-2171.0,5055.165,5055.165
2517903,225664,1.0,7,-2366.0,-2387.0,8909.1,8909.1
1665272,437960,0.0,156,-112.0,-116.0,4065.345,4065.345
1681466,251361,0.0,61,-1664.0,-1664.0,332.64,332.64
1182429,284129,1.0,9,-290.0,-295.0,13237.335,13237.335
2057889,439489,3.0,7,-455.0,-463.0,16152.93,16152.93
2596193,155741,2.0,101,-1059.0,-1047.0,1350.0,1350.0
2166481,162605,1.0,4,-618.0,-629.0,6084.45,6084.45
1606315,122581,3.0,102,-445.0,-381.0,2326.185,2326.185
1565519,155914,1.0,3,-1397.0,-1407.0,3988.8,3988.8
1985596,221622,1.0,1,-1278.0,-1287.0,17099.055,17099.055
1425726,331459,2.0,4,-634.0,-648.0,120502.935,120502.935
1481760,108086,1.0,13,-918.0,-921.0,29383.74,29383.74
2313387,310491,0.0,41,-236.0,-236.0,1.8,1.8
2570613,110934,1.0,19,-259.0,-259.0,22331.7,22331.7
2142936,140703,1.0,22,-175.0,-193.0,4254.345,4254.345
2561586,128923,1.0,9,-1123.0,-1126.0,10728.9,10728.9
1687001,317034,1.0,1,-712.0,-714.0,30251.97,30251.97
2644157,314707,1.0,4,-2361.0,-2364.0,9621.27,9621.27
1465488,365401,0.0,26,-363.0,-363.0,6.3,6.3
2570852,309006,1.0,10,-2039.0,-2052.0,12275.55,12275.55
2537065,285210,1.0,3,-855.0,-870.0,13725.27,13725.27
2770993,242444,0.0,57,-1894.0,-1894.0,2250.0,2250.0
2023079,202098,0.0,62,-1811.0,-1811.0,5625.0,5625.0
1669617,310497,0.0,37,-1811.0,-1811.0,2250.0,2250.0
1641184,421743,1.0,1,-1003.0,-1023.0,10035.045,10035.045
2785281,434365,1.0,6,-2856.0,-2894.0,1863.315,31.68
1361106,330731,1.0,8,-198.0,-207.0,13340.79,13340.79
2657659,396150,1.0,4,-2582.0,-2573.0,5152.41,2.52
1051789,259383,1.0,1,-1356.0,-1379.0,24027.75,24027.75
2045029,164379,0.0,87,-2114.0,-2114.0,4725.0,4725.0
2309829,379534,1.0,7,-19.0,-29.0,55301.67,55301.67
2024726,183417,0.0,22,-293.0,-293.0,360.18,360.18
2511196,150084,1.0,3,-2113.0,-2139.0,4921.335,4921.335
1681810,266205,0.0,97,-571.0,-571.0,3600.0,3600.0
1563296,306799,0.0,5,-320.0,-320.0,2.43,2.43
2697390,226878,0.0,66,-793.0,-793.0,75.78,75.78
1157817,204181,1.0,9,-742.0,-748.0,13981.95,13981.95
2617627,406873,0.0,68,-136.0,-136.0,85.185,85.185
2076390,207477,1.0,3,-533.0,-528.0,5693.085,260.01
2471562,109877,1.0,16,-2044.0,-2099.0,12631.905,12631.905
1569837,397756,0.0,144,-50.0,-50.0,165.825,165.825
2479410,162469,1.0,9,-989.0,-994.0,8710.2,8710.2
2537678,286698,0.0,64,-1220.0,-1220.0,122.175,122.175
1565001,111317,1.0,12,-1826.0,-1826.0,5707.125,5707.125
1336189,192758,1.0,25,-615.0,-616.0,9431.64,9431.64
2761212,115656,1.0,7,-946.0,-946.0,11401.335,11401.335
1013059,256211,1.0,9,-542.0,-546.0,54389.7,54389.7
1302760,377938,0.0,17,-2312.0,-2312.0,347.175,347.175
2592667,131845,1.0,6,-303.0,-311.0,6582.33,6582.33
1282864,391368,0.0,8,-2429.0,-2429.0,4500.0,4500.0
1213447,161343,0.0,43,-2079.0,-2091.0,7875.0,7875.0
2049119,195925,1.0,7,-329.0,-330.0,4915.485,4915.485
2606018,304010,0.0,96,-429.0,-429.0,151.11,151.11
1027819,409026,1.0,9,-1869.0,-1846.0,18530.55,18454.95
1768650,410665,0.0,51,-1894.0,-1907.0,3375.0,3375.0
1437447,300032,1.0,6,-344.0,-350.0,5638.05,5638.05
2388679,192645,2.0,7,-383.0,-388.0,26528.58,26528.58
2583305,250613,1.0,7,-2115.0,-2173.0,6941.88,6941.88
1084232,451850,1.0,4,-2324.0,-2401.0,3938.67,3938.67
1901665,119224,1.0,4,-504.0,-519.0,20835.36,20835.36
2494877,238215,1.0,6,-1351.0,-1367.0,4611.555,4611.555
2477383,338596,1.0,9,-870.0,-879.0,10781.46,10781.46
2497697,245932,1.0,10,-2845.0,-2845.0,5805.54,5805.54
2050646,387959,1.0,4,-762.0,-763.0,3907.845,3907.845
2300742,276195,1.0,4,-1327.0,-1326.0,17495.55,17495.55
2029367,293311,1.0,14,-340.0,-340.0,21930.795,21930.795
1004092,207256,1.0,7,-639.0,-643.0,33842.565,33842.565
1655867,425690,0.0,68,-1098.0,-1098.0,2.7,2.7
2614115,259515,0.0,120,-904.0,-934.0,67.5,67.5
2606268,171507,1.0,1,-503.0,-533.0,6536.34,6536.34
2635891,320685,1.0,14,-657.0,-657.0,4361.625,4361.625
1973521,131415,1.0,15,-1201.0,-1195.0,16277.445,16129.89
2784402,139581,2.0,4,-1235.0,-1252.0,60858.405,60858.405
1679337,228592,1.0,2,-1041.0,-1038.0,26197.47,23148.09
1313372,209524,1.0,4,-55.0,-67.0,6766.965,6766.965
1668387,326984,1.0,5,-298.0,-310.0,12513.33,12513.33
2720406,427584,1.0,6,-1098.0,-1081.0,62291.43,61244.865
1259360,315121,1.0,18,-103.0,-104.0,33316.83,33316.83
2397410,432919,0.0,49,-840.0,-840.0,22500.0,22500.0
1532409,453238,1.0,17,-499.0,-506.0,10324.71,10324.71
1940484,208671,1.0,2,-1459.0,-1498.0,6056.55,6056.55
2345892,269506,3.0,7,-1588.0,-1603.0,104282.505,104282.505
1264352,209055,1.0,8,-1493.0,-1506.0,7172.865,7172.865
1460093,198260,0.0,64,-1576.0,-1576.0,4057.155,4057.155
2074209,297985,0.0,5,-2148.0,-2148.0,4924.125,4924.125
2820092,142497,1.0,4,-1331.0,-1337.0,16839.585,16839.585
2241931,392697,1.0,11,-772.0,-776.0,21699.72,21699.72
2382733,422428,1.0,4,-2459.0,-2469.0,39911.085,39911.085
2439058,379106,1.0,6,-637.0,-638.0,28742.67,28742.67
1940467,258328,0.0,29,-1689.0,-1688.0,7875.0,7875.0
2058002,265726,1.0,7,-2246.0,-2265.0,14798.7,14694.975
2597257,190926,2.0,3,-549.0,-564.0,61887.285,61887.285
2567292,139194,0.0,125,-129.0,-129.0,228.645,228.645
1907788,294061,1.0,5,-572.0,-608.0,15492.465,15492.465
2191973,356039,0.0,33,-431.0,-439.0,10715.4,10715.4
2444653,252010,1.0,1,-883.0,-913.0,17638.02,17638.02
1520455,216840,2.0,13,-783.0,-778.0,10430.64,3206.07
2462388,416878,1.0,4,-1484.0,-1493.0,20527.56,20527.56
2592967,444098,3.0,19,-107.0,-110.0,31367.43,31367.43
2357426,291393,2.0,18,-1227.0,-1251.0,20122.515,1.17
1143340,252895,1.0,2,-1118.0,-1102.0,8841.6,2.7
1784425,153439,1.0,7,-638.0,-643.0,15320.88,15320.88
1543675,269337,1.0,7,-1403.0,-1414.0,19464.255,19464.255
1320596,281989,1.0,5,-234.0,-236.0,79009.695,79009.695
2610461,310327,1.0,1,-1302.0,-1309.0,4542.03,4542.03
1571241,109868,2.0,5,-1164.0,-1193.0,30818.79,30818.79
1201966,187219,2.0,8,-824.0,-837.0,28465.38,28465.38
1665633,422894,2.0,2,-263.0,-268.0,40725.765,40725.765
1576768,398496,1.0,5,-579.0,-603.0,14736.6,14736.6
1830676,429949,1.0,4,-833.0,-849.0,17620.92,17620.92
1211151,443128,0.0,22,-2491.0,-2491.0,4500.0,4500.0
1593325,278032,0.0,7,-45.0,-54.0,6703.56,6703.56
2341947,373463,0.0,2,-2213.0,-2229.0,7875.0,7875.0
1061547,441388,4.0,2,-169.0,-171.0,13794.39,36000.0
1420891,188136,0.0,21,-447.0,-447.0,2301.75,2301.75
1848572,144614,1.0,3,-2396.0,-2403.0,3724.65,3724.65
2199401,396526,0.0,27,-320.0,-327.0,3941.505,3941.505
1974227,228831,0.0,69,-583.0,-583.0,379.53,379.53
2140380,204903,1.0,1,-962.0,-973.0,12832.65,12832.65
1334138,309638,1.0,10,-487.0,-483.0,14871.24,13082.4
1545150,420280,0.0,114,-1345.0,-1345.0,4500.0,4500.0
1769496,385208,0.0,101,-380.0,-380.0,147.96,147.96
2154025,206996,2.0,29,-157.0,-160.0,19379.16,19379.16
2643568,306582,1.0,14,-410.0,-414.0,21050.82,21050.82
2697221,442077,0.0,7,-1949.0,-1961.0,9000.0,9000.0
1439535,352244,18.0,12,-216.0,-241.0,16773.525,16773.525
1516049,399248,2.0,3,-702.0,-710.0,26068.77,26068.77
1226048,230963,1.0,8,-1428.0,-1436.0,15680.745,15680.745
1359904,379604,0.0,85,-879.0,-884.0,6750.0,6750.0
1991559,195075,0.0,104,-824.0,-828.0,20245.5,20245.5
2525271,290996,0.0,38,-1260.0,-1260.0,144.585,144.585
1468035,102158,1.0,3,-976.0,-985.0,47998.395,450006.255
1875231,451497,1.0,4,-182.0,-183.0,41718.285,41718.285
1907240,236742,1.0,8,-1064.0,-1071.0,8645.76,8645.76
1055505,442794,1.0,24,-86.0,-88.0,11278.845,11278.845
1153254,120931,0.0,22,-1532.0,-1538.0,3780.0,3780.0
1327013,252586,1.0,15,-2341.0,-2350.0,4628.295,4628.295
2335819,373887,1.0,4,-514.0,-536.0,9757.395,9757.395
1835573,326532,1.0,8,-2753.0,-2762.0,2623.32,2623.32
2458404,199396,0.0,50,-932.0,-932.0,127.125,127.125
1240482,144182,1.0,9,-423.0,-422.0,40409.685,40409.685
1595732,239670,1.0,4,-2084.0,-2087.0,15872.31,15872.31
2206278,391875,1.0,2,-2539.0,-2550.0,8601.255,8601.255
1960124,255405,1.0,12,-1020.0,-1053.0,17265.6,240.3
1994572,280448,3.0,102,-973.0,-945.0,1350.0,263.34
2241534,164350,0.0,38,-2133.0,-2137.0,4050.0,4050.0
1398657,143267,1.0,10,-456.0,-459.0,8909.55,8909.55
2528854,233265,0.0,10,-537.0,-537.0,8179.695,8179.695
2450014,343101,1.0,8,-2775.0,-2814.0,1800.9,1800.9
1436071,197634,0.0,111,-14.0,-14.0,13.5,13.5
1545178,230305,0.0,4,-2563.0,-2585.0,6750.0,6750.0
2225457,423949,1.0,5,-194.0,-195.0,7229.61,7229.61
1462341,295592,0.0,117,-904.0,-904.0,82.35,82.35
1076759,222146,1.0,3,-334.0,-336.0,23464.35,23464.35
2007553,452299,1.0,11,-2504.0,-2545.0,4072.545,4072.545
1062540,328198,1.0,4,-620.0,-621.0,74444.715,74444.715
1398902,424291,0.0,67,-1703.0,-1703.0,28.8,28.8
1851161,167830,1.0,17,-634.0,-662.0,10848.24,1199.16
1604648,128769,0.0,2,-226.0,-226.0,250.56,250.56
1770101,308921,1.0,3,-1719.0,-1744.0,8068.725,8068.725
2138006,450040,1.0,8,-2248.0,-2269.0,9157.095,9157.095
2152806,174931,1.0,10,-2508.0,-2507.0,17379.81,17379.81
1869848,396878,1.0,6,-1613.0,-1652.0,9003.51,9003.51
1898519,421104,1.0,7,-2866.0,-2866.0,2563.155,2563.155
1676154,453488,1.0,11,-1526.0,-1523.0,2035.17,2001.87
1549707,161284,0.0,5,-173.0,-173.0,1.035,1.035
2687089,383390,1.0,1,-2111.0,-2123.0,12734.19,12734.19
2565806,313025,1.0,1,-2725.0,-2725.0,4429.935,4429.935
1474538,300450,1.0,1,-1903.0,-1924.0,4059.675,4059.675
2535680,359917,1.0,5,-606.0,-633.0,9878.04,9878.04
1532682,300826,0.0,46,-1648.0,-1621.0,67.5,20.34
2079270,348550,1.0,4,-1860.0,-1854.0,4718.205,4718.205
1745214,251220,0.0,46,-1488.0,-1488.0,3841.785,3841.785
2801732,326063,1.0,1,-2481.0,-2481.0,9998.505,9998.505
2288243,239671,1.0,6,-2195.0,-2222.0,3194.505,3194.505
1712028,320818,1.0,6,-363.0,-365.0,13286.925,13286.925
1126944,396774,1.0,10,-1498.0,-1504.0,14294.07,14294.07
1280076,436798,1.0,2,-249.0,-253.0,11076.21,11076.21
2270882,124211,1.0,7,-784.0,-802.0,12017.97,12017.97
2265862,330571,1.0,11,-778.0,-795.0,9894.735,9894.735
2254014,101152,1.0,2,-939.0,-953.0,36954.495,36954.495
2619044,351648,0.0,42,-1781.0,-1781.0,1350.0,1350.0
2458349,149399,0.0,88,-1200.0,-1200.0,3150.0,3150.0
2242073,425784,1.0,7,-1803.0,-1842.0,2541.87,2541.87
2191664,232745,1.0,1,-2640.0,-2640.0,2708.505,2708.505
2179902,371383,1.0,5,-766.0,-782.0,4760.01,4760.01
2439035,376359,1.0,10,-162.0,-167.0,52999.92,52999.92
1078897,412127,1.0,5,-380.0,-396.0,33774.345,33774.345
1740716,262963,0.0,86,-398.0,-398.0,254.7,254.7
1217978,332872,0.0,20,-1686.0,-1698.0,6750.0,6750.0
1330820,356563,0.0,38,-639.0,-630.0,13834.845,13834.845
1551327,103444,1.0,3,-1921.0,-1962.0,2670.255,2670.255
2292316,378678,1.0,9,-294.0,-299.0,63031.365,63031.365
2287932,162057,0.0,25,-739.0,-739.0,207.81,207.81
1575290,275276,1.0,4,-498.0,-500.0,30226.275,30226.275
1238709,347615,1.0,4,-611.0,-624.0,13838.4,13838.4
2657024,261869,0.0,31,-1834.0,-1834.0,2099.25,2099.25
1006041,376017,1.0,5,-2324.0,-2350.0,9885.42,9885.42
2461739,218924,1.0,10,-307.0,-320.0,3316.095,3316.095
1160531,218398,1.0,5,-2166.0,-2221.0,6891.03,6891.03
1461443,275145,0.0,9,-2754.0,-2754.0,2250.0,2250.0
1574430,281137,0.0,51,-2158.0,-2169.0,5625.0,5625.0
1896242,312738,0.0,16,-177.0,-196.0,2927.7,2927.7
1305875,323295,1.0,1,-201.0,-207.0,10685.025,10685.025
1519144,253489,1.0,7,-890.0,-894.0,22790.79,22790.79
2253939,438741,1.0,5,-1126.0,-1128.0,3593.745,3593.745
2017945,407003,1.0,3,-1405.0,-1407.0,8163.405,8163.405
2274271,356216,0.0,3,-230.0,-247.0,45307.53,45307.53
1721965,155350,1.0,9,-678.0,-690.0,20002.32,20002.32
1688232,134063,0.0,15,-2412.0,-2418.0,6750.0,6750.0
2239009,238165,1.0,11,-314.0,-340.0,27580.32,27580.32
1891283,162683,1.0,7,-844.0,-853.0,12201.12,12201.12
2825166,220590,1.0,6,-2101.0,-2104.0,7592.445,7592.445
1009377,437352,1.0,7,-1412.0,-1412.0,3840.39,3840.39
2518859,417328,1.0,1,-1281.0,-1293.0,10561.86,10561.86
2805312,427113,1.0,2,-162.0,-171.0,7160.535,7160.535
2320137,191212,0.0,109,-908.0,-908.0,1125.0,1125.0
2464940,430521,1.0,1,-330.0,-345.0,6575.85,6575.85
1575994,264618,1.0,5,-842.0,-853.0,6986.25,6986.25
1105562,405634,0.0,9,-811.0,-811.0,2250.0,2250.0
1593529,335872,1.0,1,-1895.0,-1908.0,20702.97,20702.97
1200616,260352,1.0,5,-545.0,-575.0,7294.005,357.48
2087391,116877,1.0,5,-1196.0,-1206.0,4452.21,4452.21
1946288,205743,1.0,10,-1222.0,-1238.0,4313.52,4312.17
1585297,243489,2.0,37,-126.0,-141.0,32017.5,375.93
1627287,245269,1.0,1,-1931.0,-1942.0,11393.01,11393.01
1949602,354747,0.0,6,-194.0,-197.0,2250.0,2250.0
1636272,129047,3.0,10,-598.0,-601.0,28253.115,28253.115
2593398,253183,1.0,2,-491.0,-543.0,5804.955,5804.955
1592735,211183,0.0,16,-45.0,-45.0,1038.015,1038.015
2762972,359213,0.0,66,-1006.0,-1006.0,181.755,181.755
2320755,102906,0.0,16,-14.0,-14.0,337.23,337.23
1871170,366899,0.0,28,-1840.0,-1845.0,9000.0,9000.0
2475979,396973,0.0,57,-1259.0,-1259.0,3375.0,3375.0
1205929,399921,1.0,1,-140.0,-149.0,21159.045,21159.045
1100305,238568,0.0,17,-507.0,-507.0,24750.0,24750.0
2239424,266428,0.0,16,-1912.0,-1919.0,9000.0,9000.0
1509682,360733,1.0,2,-556.0,-568.0,5592.915,5592.915
1861166,348467,0.0,10,-1801.0,-1807.0,6750.0,6750.0
1148247,184492,1.0,8,-1983.0,-2004.0,5919.57,5919.57
2202880,148254,0.0,39,-10.0,-23.0,21706.74,21706.74
1159359,251466,1.0,9,-1012.0,-1013.0,7136.37,7136.37
1280186,189431,0.0,24,-2001.0,-2020.0,7875.0,7875.0
1464070,372902,0.0,24,-1477.0,-1477.0,6300.0,6300.0
2181455,180963,0.0,41,-2029.0,-2029.0,4628.34,4628.34
2242555,382622,1.0,8,-205.0,-218.0,14657.265,14657.265
2646486,298795,0.0,47,-1922.0,-1949.0,1576.89,1239.705
1040088,256130,0.0,106,-315.0,-315.0,132.435,132.435
1055776,130982,1.0,2,-2468.0,-2502.0,7753.545,416.07
2282233,419736,3.0,19,-165.0,-166.0,21226.365,21226.365
1576769,169051,1.0,37,-1196.0,-1199.0,25209.27,25209.27
2290650,299602,1.0,3,-146.0,-176.0,11151.585,11151.585
1722740,182108,1.0,9,-2637.0,-2637.0,8046.0,8046.0
1717147,180932,1.0,16,-1510.0,-1511.0,22797.72,22797.72
1077035,131336,0.0,17,-1849.0,-1849.0,295.92,295.92
2327517,152008,0.0,62,-914.0,-914.0,293.85,293.85
1745190,343398,0.0,92,-332.0,-332.0,12.87,12.87
1024843,448407,1.0,22,-81.0,-85.0,20587.365,20587.365
1597826,383503,1.0,7,-2099.0,-2112.0,16080.75,16080.75
1026066,270352,0.0,78,-2119.0,-2119.0,2700.0,2700.0
1760484,310375,0.0,29,-966.0,-976.0,13765.32,13765.32
2111014,135867,1.0,1,-446.0,-450.0,11874.555,11874.555
2363034,271500,1.0,4,-300.0,-311.0,19171.71,19171.71
1414591,316150,0.0,17,-2381.0,-2396.0,6750.0,6750.0
1389905,286792,1.0,3,-1141.0,-1142.0,16233.3,6961.32
1920397,250545,0.0,6,-549.0,-549.0,13500.0,13500.0
2506235,422432,0.0,59,-1110.0,-1107.0,5625.0,5625.0
2332202,269556,1.0,3,-833.0,-837.0,10657.44,10657.44
1161319,125537,1.0,1,-1095.0,-1096.0,11516.67,11516.67
1331253,281082,1.0,16,-297.0,-314.0,17366.805,17366.805
2827322,260122,1.0,1,-2784.0,-2795.0,5934.735,5934.735
2140426,387918,1.0,6,-671.0,-698.0,23337.81,310.95
1009102,326264,0.0,50,-637.0,-637.0,144587.88,144587.88
1463522,251191,0.0,98,-70.0,-70.0,729.495,729.495
2158912,439367,0.0,12,-334.0,-334.0,28583.82,28583.82
2574999,401289,1.0,10,-1941.0,-1975.0,8534.07,8534.07
1005751,302342,1.0,6,-1242.0,-1255.0,9108.9,9108.9
2719844,186701,1.0,12,-1106.0,-1109.0,29903.4,29903.4
1487263,242045,1.0,1,-1354.0,-1358.0,13586.85,13586.85
1260514,101408,1.0,1,-1035.0,-1065.0,5745.735,5745.735
2414792,123919,1.0,4,-2481.0,-2481.0,7278.075,7278.075
1969551,349082,1.0,1,-2204.0,-2211.0,3752.775,3752.775
1281703,200402,0.0,55,-1399.0,-1399.0,218.97,218.97
2713022,394786,1.0,3,-317.0,-330.0,9447.345,9447.345
1035560,121450,0.0,101,-557.0,-576.0,130.5,130.5
1569006,179801,2.0,9,-1086.0,-1086.0,11454.84,11454.84
1685663,423691,1.0,9,-247.0,-249.0,50737.05,50737.05
1797687,123777,1.0,8,-2609.0,-2628.0,3412.44,3412.44
1966592,391339,0.0,68,-1716.0,-1716.0,142.695,142.695
2628502,156090,1.0,6,-2349.0,-2356.0,2260.71,2260.71
2252635,311224,0.0,27,-249.0,-257.0,31149.63,31149.63
1170320,221923,1.0,1,-2091.0,-2097.0,17672.265,17672.265
2646200,433640,1.0,11,-1157.0,-1156.0,65920.5,65920.5
2774000,227574,1.0,2,-527.0,-542.0,5050.71,5050.71
1887943,178823,0.0,35,-1209.0,-1209.0,450.0,450.0
1999636,134103,1.0,9,-1666.0,-1660.0,13064.58,12234.78
2077028,169867,1.0,5,-119.0,-129.0,25522.695,25522.695
1923334,264168,1.0,4,-666.0,-677.0,7746.84,7746.84
1783610,455632,0.0,15,-899.0,-911.0,22500.0,22500.0
2490997,228033,1.0,2,-2304.0,-2304.0,1995.3,1995.3
2605591,331305,0.0,95,-103.0,-103.0,190.305,190.305
1134415,375858,1.0,4,-2614.0,-2640.0,8885.205,8885.205
1745191,335602,0.0,1,-2637.0,-2629.0,9000.0,9000.0
1382034,295970,5.0,3,-176.0,-190.0,30985.83,129438.0
2798350,351479,1.0,1,-380.0,-396.0,15779.745,15779.745
2792173,114391,0.0,4,-2761.0,-2774.0,7875.0,7875.0
1211187,214605,0.0,52,-203.0,-214.0,6669.09,6669.09
2801422,395576,0.0,32,-2232.0,-2232.0,9000.0,9000.0
1634922,110879,0.0,38,-1649.0,-1649.0,419.985,419.985
2356291,387433,0.0,84,-35.0,-35.0,2250.0,2250.0
2427667,289428,1.0,7,-1305.0,-1294.0,6139.665,5961.285
1136153,225957,1.0,16,-1081.0,-1197.0,3934.575,3934.575
2203413,105259,1.0,7,-659.0,-663.0,20957.985,20957.985
1548634,257107,0.0,29,-310.0,-310.0,22500.0,22500.0
1477019,433531,6.0,5,-277.0,-305.0,52638.795,64350.0
1493876,327951,1.0,3,-1394.0,-1393.0,20516.4,20516.4
2446606,432158,0.0,95,-276.0,-276.0,11.475,11.475
1267450,245970,1.0,18,-305.0,-302.0,26191.395,25828.2
2272303,205360,0.0,70,-1548.0,-1562.0,11250.0,11250.0
1277282,188183,1.0,7,-768.0,-764.0,20873.79,17775.0
2356662,118808,1.0,10,-2134.0,-2138.0,13114.98,13114.98
1914958,293114,0.0,67,-1477.0,-1477.0,164295.0,164295.0
1585035,149286,1.0,5,-826.0,-850.0,5872.725,5872.725
1333062,150578,0.0,104,-206.0,-206.0,205.335,205.335
1622081,154420,0.0,12,-12.0,-12.0,172.305,172.305
1068784,171780,1.0,7,-1815.0,-1808.0,19533.645,19528.515
2446839,204235,0.0,11,-2423.0,-2435.0,9000.0,9000.0
1288021,438447,0.0,30,-1604.0,-1616.0,9000.0,9000.0
1555471,110670,1.0,4,-702.0,-713.0,9563.4,9563.4
1413781,269257,1.0,9,-1862.0,-1867.0,7736.175,7736.175
1499369,305101,1.0,4,-952.0,-967.0,15032.52,15032.52
1211166,301427,0.0,14,-2708.0,-2708.0,3375.0,3375.0
1419675,304693,1.0,4,-2582.0,-2581.0,3148.2,3145.23
2216511,333350,1.0,1,-347.0,-377.0,37056.78,391500.0
2445912,371687,2.0,8,-169.0,-178.0,22853.61,22853.61
1520610,403082,1.0,1,-1363.0,-1366.0,10856.34,10856.34
1595608,455761,1.0,8,-446.0,-449.0,3594.735,3594.735
1544377,236602,0.0,41,-79.0,-79.0,18463.14,18463.14
1643887,259592,1.0,18,-1070.0,-1095.0,3360.96,3360.96
1898621,198225,1.0,8,-2452.0,-2455.0,5668.92,5600.25
1569855,230821,1.0,1,-540.0,-554.0,17079.255,17079.255
1715738,242295,7.0,6,-299.0,-302.0,11664.0,27000.0
2333806,360878,1.0,5,-327.0,-344.0,8420.445,8420.445
1959625,258283,1.0,1,-1659.0,-1669.0,18428.4,18428.4
2568380,393548,1.0,37,-1218.0,-1217.0,15713.1,15713.1
2572417,456236,1.0,6,-2263.0,-2292.0,17342.64,17342.64
1007318,400314,0.0,111,-394.0,-394.0,6210.855,6210.855
2356569,328880,0.0,38,-2365.0,-2385.0,3375.0,3375.0
1931775,386030,0.0,85,-631.0,-631.0,2250.0,2250.0
1268479,298888,2.0,4,-1321.0,-1323.0,14251.185,14251.185
1336472,138181,1.0,18,-681.0,-675.0,26794.98,23402.52
1607257,110188,1.0,10,-506.0,-507.0,25602.75,25602.75
2396111,279095,0.0,9,-2658.0,-2665.0,7875.0,7875.0
2662738,287609,1.0,1,-1542.0,-1569.0,8913.915,8913.915
1919280,225246,1.0,15,-82.0,-92.0,14061.645,14061.645
1024415,368354,1.0,6,-2282.0,-2284.0,9127.35,9127.35
1075137,238967,1.0,2,-1538.0,-1567.0,2677.41,2677.41
1108591,100100,1.0,6,-319.0,-319.0,5184.585,5184.585
1244549,129612,8.0,4,-486.0,-486.0,60890.175,90000.0
1789423,206376,3.0,4,-793.0,-792.0,71043.57,71043.57
1319560,402324,0.0,7,-551.0,-549.0,9318.375,9318.375
2411570,412879,1.0,20,-942.0,-970.0,13362.84,425.97
1451796,320390,1.0,8,-273.0,-271.0,8738.55,8258.4
2653104,352585,2.0,10,-549.0,-584.0,12072.78,1.98
2756745,403325,1.0,3,-1493.0,-1504.0,3385.08,3385.08
2824452,371720,1.0,11,-300.0,-301.0,78174.495,78174.495
1445464,376538,1.0,8,-339.0,-350.0,7766.505,7766.505
1777400,320206,1.0,26,-1843.0,-1820.0,10160.685,9456.57
2690158,197514,1.0,9,-1098.0,-1078.0,12046.185,3001.815
2831527,426458,0.0,44,-143.0,-143.0,208.665,208.665
1454482,365453,1.0,1,-139.0,-164.0,19042.56,19042.56
2305436,433159,1.0,12,-120.0,-149.0,15037.02,3551.535
1709880,157886,1.0,2,-844.0,-847.0,5837.49,5837.49
1213299,136007,2.0,3,-591.0,-596.0,584203.455,584203.455
1929446,127878,1.0,7,-2567.0,-2570.0,11270.025,11270.025
1262810,167420,0.0,51,-1491.0,-1491.0,230.22,230.22
1817554,443750,0.0,62,-1368.0,-1368.0,4167.675,4167.675
1256123,395255,0.0,67,-988.0,-988.0,3.6,3.6
2790671,119914,1.0,2,-71.0,-79.0,6535.62,6535.62
2079984,365020,0.0,49,-126.0,-126.0,1125.0,1125.0
1188138,190353,1.0,5,-692.0,-703.0,6058.26,6058.26
2469372,179132,3.0,10,-618.0,-620.0,10866.915,10866.915
2578081,297756,1.0,12,-824.0,-834.0,27680.445,27680.445
2035286,389415,1.0,19,-2156.0,-2184.0,17624.52,818.64
1335855,362816,1.0,3,-2689.0,-2689.0,14742.315,14742.315
2642984,317741,1.0,5,-602.0,-602.0,31251.15,31251.15
2149695,111596,1.0,2,-1480.0,-1503.0,12918.33,12918.33
2291992,441892,1.0,4,-1465.0,-1467.0,20460.33,20460.33
2283031,389772,0.0,9,-291.0,-291.0,352.62,352.62
1194362,161706,1.0,7,-641.0,-642.0,27301.635,27301.635
1931470,294201,2.0,2,-1560.0,-1572.0,9893.295,9893.295
2628689,274191,0.0,77,-1981.0,-1995.0,5400.0,5400.0
1531345,455893,0.0,27,-1773.0,-1773.0,225.0,225.0
2539820,175495,1.0,4,-2736.0,-2738.0,13472.73,13460.31
1879831,363627,1.0,1,-460.0,-490.0,9929.7,9929.7
2254345,405775,0.0,5,-796.0,-796.0,3985.965,3985.965
1768789,166624,1.0,3,-1339.0,-1378.0,6312.51,6312.51
2275601,313939,0.0,22,-1029.0,-1029.0,2692.98,2692.98
2717409,409134,0.0,81,-1336.0,-1336.0,1154.475,1154.475
2593913,287448,0.0,5,-398.0,-417.0,130.5,130.5
1593092,200527,0.0,91,-981.0,-981.0,3600.0,3600.0
1233096,401529,0.0,123,-623.0,-623.0,134.1,134.1
2226023,210346,0.0,32,-231.0,-231.0,0.18,0.18
2644617,317960,0.0,126,-169.0,-182.0,4055.805,4055.805
2133269,216802,2.0,1,-237.0,-238.0,39751.74,67500.0
2820736,416760,1.0,2,-739.0,-740.0,10526.895,10526.895
2356260,372945,0.0,3,-1961.0,-1972.0,5625.0,5625.0
2107434,313066,1.0,1,-408.0,-419.0,15724.17,15724.17
1815988,381296,1.0,6,-1480.0,-1491.0,7139.295,7139.295
2561093,177219,0.0,24,-775.0,-775.0,484.38,484.38
1067462,240759,1.0,3,-1743.0,-1801.0,4582.125,4582.125
2322660,231831,0.0,99,-437.0,-437.0,229.14,229.14
2515500,356939,1.0,13,-287.0,-319.0,14216.355,14216.355
1437815,314528,1.0,29,-646.0,-647.0,26094.42,26094.42
2366417,246299,0.0,23,-2169.0,-2169.0,7518.015,7518.015
2049742,286087,1.0,17,-1033.0,-1033.0,8907.48,8907.48
1328491,410908,2.0,9,-1455.0,-1482.0,26512.56,26512.56
1360945,376433,1.0,1,-702.0,-715.0,7429.635,7429.635
1500171,309756,0.0,32,-646.0,-646.0,427.815,427.815
2362030,188018,0.0,8,-257.0,-255.0,6750.495,6750.495
2106491,160866,2.0,10,-29.0,-45.0,4207.5,4207.5
2403220,339363,1.0,2,-1392.0,-1402.0,14192.1,14192.1
2383942,267843,1.0,17,-219.0,-233.0,5780.34,5780.34
1722951,227074,1.0,14,-1403.0,-1410.0,3565.44,3565.44
1915434,453708,1.0,2,-989.0,-1004.0,13024.485,13024.485
2416963,387665,1.0,12,-1794.0,-1827.0,6732.72,171.135
1648729,443984,0.0,70,-1871.0,-1828.0,67.5,67.5
2305922,373015,1.0,12,-340.0,-349.0,7703.1,7703.1
2322380,438662,1.0,8,-527.0,-552.0,7047.9,1968.885
1055997,379227,1.0,6,-505.0,-515.0,12943.62,12943.62
2797792,252455,1.0,1,-927.0,-935.0,13254.66,13254.66
1770782,132524,2.0,13,-634.0,-657.0,134349.93,134349.93
2354580,312982,1.0,5,-449.0,-451.0,32852.295,32852.295
1216918,274417,0.0,72,-1017.0,-1017.0,202.05,202.05
1176535,279676,0.0,10,-625.0,-625.0,259.02,259.02
1280497,137164,0.0,77,-492.0,-492.0,610.965,610.965
2059920,248251,1.0,10,-2777.0,-2776.0,1688.49,48.555
2044626,205797,1.0,2,-2232.0,-2233.0,3816.945,3816.945
1719208,112971,1.0,7,-2627.0,-2627.0,6470.37,6470.37
2836006,160594,2.0,15,-408.0,-414.0,6983.01,6983.01
1029321,136477,0.0,8,-90.0,-90.0,577.935,577.935
2076130,330040,1.0,23,-677.0,-682.0,17775.0,17775.0
1308672,263882,1.0,15,-739.0,-751.0,10391.49,10391.49
2241247,299947,1.0,6,-376.0,-391.0,8500.5,8500.5
1495522,378975,1.0,4,-249.0,-263.0,13560.12,13560.12
2253660,448404,1.0,9,-504.0,-500.0,9978.39,9038.07
1577101,281419,1.0,3,-1814.0,-1821.0,8868.15,8868.15
2239519,370398,0.0,29,-153.0,-153.0,39600.0,39600.0
2401843,181026,21.0,12,-303.0,-308.0,39744.0,45000.0
1486218,206533,0.0,39,-1675.0,-1688.0,6750.0,6750.0
1985932,444375,5.0,11,-308.0,-309.0,33614.1,33614.1
1685906,135281,1.0,8,-214.0,-218.0,44620.74,44620.74
1756459,294621,4.0,103,-207.0,-206.0,859.41,859.41
1413952,110617,1.0,4,-593.0,-600.0,9025.47,9025.47
1404918,151125,1.0,3,-404.0,-404.0,31984.695,31984.695
1780349,155690,1.0,5,-51.0,-62.0,9555.3,9555.3
1975733,367140,0.0,10,-2449.0,-2449.0,1125.0,1125.0
2131078,254907,1.0,1,-2851.0,-2851.0,5264.46,5264.46
2628363,177343,1.0,5,-407.0,-427.0,31637.52,31637.52
2466737,166805,0.0,65,-243.0,-243.0,6664.995,6664.995
1067871,295787,1.0,1,-2003.0,-2013.0,4189.32,4189.32
2773443,453895,0.0,22,-2639.0,-2653.0,9000.0,9000.0
1983987,223691,1.0,1,-791.0,-821.0,81694.395,81694.395
2464506,222485,1.0,5,-1492.0,-1498.0,9933.165,9933.165
2428042,147325,1.0,8,-1435.0,-1449.0,11739.96,11739.96
1059131,337549,1.0,10,-2878.0,-2895.0,3471.795,3471.795
1847079,181578,0.0,5,-2678.0,-2684.0,5625.0,5625.0
1698058,178882,1.0,4,-646.0,-666.0,15701.175,15701.175
2503033,112078,0.0,11,-148.0,-146.0,2899.215,2899.215
1678749,346606,0.0,31,-83.0,-87.0,17068.77,17068.77
2266025,291862,0.0,77,-1023.0,-1023.0,18000.0,18000.0
2287406,208985,1.0,4,-2714.0,-2714.0,6148.89,6148.89
2725038,352351,0.0,10,-172.0,-188.0,3309.075,3309.075
1602469,117231,1.0,2,-398.0,-412.0,6861.69,6861.69
2425321,453682,1.0,6,-342.0,-342.0,9961.47,9961.47
1046130,420397,1.0,1,-184.0,-187.0,10178.64,10178.64
1766309,325579,1.0,1,-821.0,-822.0,11272.68,11272.68
2094364,354790,0.0,87,-1497.0,-1497.0,135.0,135.0
2788125,441720,1.0,8,-897.0,-899.0,7320.24,7320.24
1320974,338292,0.0,3,-1216.0,-1216.0,4.5,4.5
1328146,157357,1.0,6,-363.0,-387.0,12355.785,12355.785
1310366,105851,0.0,29,-1755.0,-1767.0,9000.0,9000.0
1385883,414443,0.0,31,-1677.0,,67.5,
1719874,310991,1.0,5,-177.0,-182.0,3550.095,3550.095
1659933,425174,0.0,81,-1450.0,-1450.0,225.0,225.0
1081715,400882,1.0,4,-934.0,-944.0,7816.68,7816.68
1964298,272334,1.0,12,-1067.0,-1092.0,69570.945,1092.6
1847133,342453,0.0,123,-678.0,-703.0,5520.555,5520.555
2687331,181587,1.0,2,-728.0,-746.0,8564.085,8564.085
1474194,250113,1.0,5,-359.0,-369.0,18097.2,18097.2
2570110,427464,1.0,19,-452.0,-459.0,1647.945,1647.945
1077076,398160,1.0,3,-2376.0,-2386.0,7115.4,7115.4
1280667,273099,1.0,3,-1585.0,-1593.0,23853.645,23853.645
1548083,173221,1.0,8,-343.0,-343.0,48802.95,48802.95
2177773,122281,1.0,11,-1462.0,-1471.0,2502.45,2502.45
2438053,318939,1.0,1,-989.0,-990.0,9011.07,9011.07
2567692,355897,0.0,36,-1401.0,-1401.0,294.03,294.03
1843404,394946,0.0,85,-984.0,-984.0,112.14,112.14
1536334,201287,0.0,58,-2067.0,-2067.0,519.57,519.57
1265676,103886,1.0,5,-2458.0,-2461.0,1801.8,1801.8
2300821,421548,1.0,8,-704.0,-717.0,70054.245,70054.245
2431907,137892,1.0,4,-1687.0,-1701.0,15433.38,15433.38
2229750,316365,1.0,9,-1579.0,-1578.0,21389.895,21389.895
2073580,260391,1.0,2,-739.0,-750.0,2371.23,2371.23
1183014,295800,1.0,24,-236.0,-239.0,9456.21,9456.21
1540146,109399,1.0,1,-251.0,-281.0,18389.295,18389.295
2057690,110442,1.0,11,-1672.0,-1673.0,3401.37,3401.37
2001118,341202,1.0,11,-632.0,-642.0,8887.095,8887.095
2477459,312778,2.0,10,-1861.0,-1874.0,43638.66,43638.66
1332100,105207,1.0,7,-2633.0,-2618.0,3303.18,28.89
2247220,241160,1.0,8,-2895.0,-2895.0,11027.385,11027.385
2445102,403925,0.0,55,-1886.0,-1886.0,208.35,208.35
1799767,363408,1.0,12,-386.0,-389.0,50867.55,50867.55
1968994,144500,0.0,12,-638.0,-642.0,9095.85,9095.85
2116076,152911,1.0,3,-1181.0,-1204.0,5831.145,5831.145
1080362,121718,1.0,15,-1049.0,-1056.0,9299.565,9299.565
1259842,213027,1.0,17,-388.0,-397.0,15774.705,15774.705
1724672,421985,1.0,9,-845.0,-829.0,9913.275,0.09
1518028,176705,0.0,47,-2143.0,-2143.0,2.16,2.16
1812536,145525,1.0,1,-2649.0,-2649.0,5834.7,5834.7
2474553,136439,1.0,2,-328.0,-338.0,4090.86,4090.86
1244084,388372,1.0,11,-1499.0,-1507.0,18595.26,18595.26
1921790,301790,0.0,29,-2395.0,-2418.0,7875.0,7875.0
2260995,306739,1.0,7,-220.0,-235.0,7196.175,7196.175
1101309,447059,1.0,13,-147.0,-152.0,48168.72,48168.72
1211152,207636,0.0,77,-163.0,-178.0,18397.845,18397.845
1682744,265964,2.0,1,-443.0,-472.0,461356.155,495000.0
1987563,162657,1.0,1,-947.0,-948.0,7416.765,7416.765
1337565,308517,1.0,9,-17.0,-18.0,16823.25,16823.25
2558896,368305,0.0,26,-240.0,-240.0,636.21,636.21
1411244,133757,3.0,15,-49.0,-55.0,27292.41,27292.41
1815504,219661,1.0,9,-1073.0,-1073.0,19172.655,19172.655
2238707,137072,0.0,57,-1200.0,-1200.0,9445.23,9445.23
2000253,174520,0.0,36,-146.0,-146.0,69.615,69.615
1674843,385013,0.0,13,-931.0,-931.0,17133.975,17133.975
1914613,285658,1.0,15,-184.0,-204.0,36548.37,356.22
1854078,337804,1.0,1,-1272.0,-1285.0,8065.395,8065.395
2776256,263194,1.0,6,-647.0,-664.0,12582.405,12582.405
1130570,443826,1.0,5,-183.0,-278.0,9814.05,9814.05
1789664,220763,0.0,29,-2146.0,-2156.0,7875.0,7875.0
2427154,111600,0.0,2,-150.0,-150.0,18013.815,18013.815
1237142,398991,1.0,9,-2873.0,-2876.0,22206.78,91.485
1084432,330269,0.0,98,-1522.0,-1534.0,4500.0,4500.0
2726661,318444,1.0,5,-1909.0,-1923.0,3976.425,3976.425
2552630,183940,1.0,3,-2307.0,-2326.0,8521.2,8521.2
1564276,402435,1.0,6,-621.0,-634.0,4155.435,4155.435
1731250,294029,1.0,1,-440.0,-451.0,28438.38,28438.38
2583393,125863,1.0,3,-1517.0,-1540.0,7926.75,7926.75
1664077,186522,0.0,18,-19.0,-19.0,135225.0,135225.0
1309594,252122,1.0,3,-733.0,-731.0,19151.1,19151.1
1298167,378808,0.0,169,-513.0,-519.0,8100.0,8100.0
1008769,346450,1.0,1,-649.0,-675.0,26496.72,135001.89
1611121,296093,0.0,12,-974.0,-993.0,2250.0,2250.0
1450438,398912,1.0,9,-209.0,-233.0,7415.775,7415.775
1852165,352054,1.0,5,-2893.0,-2900.0,5530.5,5530.5
1277278,390039,1.0,34,-118.0,-119.0,8840.7,8840.7
1009927,318735,1.0,15,-310.0,-306.0,11646.675,10971.045
1523377,450840,1.0,6,-1891.0,-1918.0,3381.525,3381.525
1439672,159174,1.0,1,-332.0,-343.0,41438.475,1035000.0
2800310,376422,1.0,8,-522.0,-539.0,12946.32,12946.32
2192422,354809,1.0,7,-829.0,-835.0,4841.055,4841.055
1635373,284615,1.0,8,-1663.0,-1709.0,3362.715,3362.715
1509883,304793,1.0,8,-29.0,-40.0,9890.235,9890.235
1979182,157154,2.0,15,-848.0,-857.0,20121.3,20121.3
1033224,213025,1.0,18,-405.0,-432.0,9500.805,9500.805
1721217,122438,1.0,1,-1505.0,-1509.0,8699.715,8699.715
2243005,191808,1.0,9,-1841.0,-1862.0,10054.89,10054.89
2643409,273872,1.0,8,-1957.0,-1948.0,3027.06,3027.06
1889702,378619,1.0,4,-2367.0,-2393.0,4907.25,4774.455
1949376,291306,0.0,15,-2595.0,-2595.0,60930.0,60930.0
2749822,261944,1.0,10,-1016.0,-1031.0,30327.705,30327.705
2522244,376010,1.0,4,-2219.0,-2227.0,10134.72,10134.72
1784755,354289,1.0,7,-302.0,-317.0,26494.65,26494.65
1883123,303496,0.0,30,-219.0,-219.0,90.585,90.585
1715368,129893,1.0,7,-205.0,-240.0,54389.7,54389.7
2155851,186683,1.0,4,-441.0,-444.0,9827.325,9827.325
1622622,190779,0.0,22,-395.0,-395.0,80734.95,80734.95
2307856,173673,1.0,11,-2159.0,-2177.0,9127.35,9127.35
2387431,278807,0.0,3,-748.0,-748.0,595.53,595.53
2069886,138326,1.0,3,-501.0,-502.0,48915.9,48915.9
1198218,127229,0.0,3,-388.0,-405.0,4371.615,4371.615
1084189,209225,0.0,28,-2115.0,-2115.0,126.63,126.63
1007324,247700,0.0,24,-2610.0,-2618.0,3375.0,3375.0
2751665,349273,1.0,2,-812.0,-823.0,10474.965,10474.965
2709266,380883,1.0,24,-627.0,-627.0,3447.72,3447.72
1294749,253549,1.0,10,-1297.0,-1297.0,11675.475,11675.475
1290347,318504,0.0,37,-164.0,-161.0,11110.185,11110.185
2560306,224694,0.0,26,-49.0,-55.0,39487.23,39487.23
2110638,123456,0.0,5,-309.0,-309.0,12466.53,12466.53
2480008,435456,3.0,15,-193.0,-210.0,33507.09,33507.09
1890306,241331,1.0,12,-232.0,-220.0,10270.17,10089.81
1926056,130851,1.0,9,-1447.0,-1485.0,4005.675,4005.675
1036312,144861,1.0,5,-616.0,-628.0,3568.14,3568.14
2136521,425849,0.0,47,-16.0,-16.0,889.245,889.245
1745066,400846,0.0,38,-144.0,-144.0,1472.22,1472.22
2469800,308085,0.0,23,-91.0,-91.0,4.41,4.41
2174097,197627,1.0,5,-1165.0,-1176.0,27064.44,27064.44
2004876,372364,1.0,10,-1666.0,-1663.0,2576.07,1317.78
2077350,306682,0.0,8,-2809.0,-2780.0,6750.0,6750.0
1094370,331347,2.0,10,-138.0,-141.0,19583.37,19583.37
1147337,332134,1.0,1,-950.0,-973.0,16550.28,16550.28
2366471,246002,0.0,114,-407.0,-407.0,1125.0,1125.0
1912824,164814,0.0,67,-618.0,-628.0,5625.0,5625.0
2446675,345735,1.0,2,-384.0,-394.0,6547.185,6547.185
2247747,144002,3.0,6,-301.0,-338.0,19703.16,17.955
2812356,184340,1.0,9,-255.0,-271.0,9194.58,9194.58
2263115,213794,0.0,1,-59.0,-59.0,225000.0,225000.0
1514481,331524,1.0,11,-1309.0,-1319.0,11082.6,11082.6
2492751,214188,1.0,4,-540.0,-548.0,28766.205,28766.205
1596015,323191,0.0,86,-1369.0,-1369.0,42.21,42.21
1152689,241794,0.0,15,-709.0,-724.0,22937.49,22937.49
1613276,284211,0.0,72,-1649.0,-1649.0,453.96,453.96
1317103,336710,0.0,23,-777.0,-780.0,11327.895,11327.895
1635704,236828,0.0,59,-953.0,-953.0,2327.67,2327.67
1820906,165694,1.0,15,-1684.0,-1693.0,6798.735,3740.4
2341432,249504,0.0,15,-816.0,-818.0,2513.16,2513.16
1731021,427764,8.0,9,-57.0,-57.0,19248.48,29250.0
1109896,419038,1.0,8,-2866.0,-2866.0,4681.53,4681.53
1363627,112019,0.0,12,-2678.0,-2677.0,9000.0,9000.0
2539842,256554,0.0,12,-148.0,-148.0,2250.0,2250.0
1336401,108842,1.0,23,-470.0,-470.0,31545.675,31545.675
1356086,189689,1.0,8,-1360.0,-1362.0,7576.65,7576.65
1441918,405744,1.0,3,-2246.0,-2253.0,6625.53,6625.53
1565124,330543,1.0,8,-335.0,-337.0,6536.34,6536.34
2115457,441359,0.0,24,-143.0,-143.0,651.015,651.015
1277296,144331,1.0,11,-1929.0,-1907.0,10492.02,10045.485
1150734,301871,0.0,16,-310.0,-310.0,12635.955,12635.955
1765473,190606,1.0,11,-2338.0,-2358.0,7354.035,7350.345
2439045,339736,0.0,34,-232.0,-232.0,2117.52,2117.52
1985301,363508,0.0,25,-2175.0,-2175.0,2250.0,2250.0
2563440,126205,1.0,3,-913.0,-934.0,28864.125,28864.125
2789190,310553,1.0,1,-2446.0,-2454.0,9711.09,9711.09
1736109,157603,1.0,12,-674.0,-678.0,22304.43,22304.43
2606179,395088,1.0,2,-1668.0,-1677.0,8802.135,8802.135
2763729,425385,0.0,50,-2060.0,-2060.0,67.5,24.75
2453099,416741,1.0,7,-1211.0,-1221.0,28264.545,28264.545
2683166,431646,0.0,18,-472.0,-474.0,11525.13,11525.13
2077074,197986,1.0,23,-1075.0,-1079.0,26607.915,26607.915
1037836,327482,1.0,10,-195.0,-204.0,6781.86,6781.86
2118206,385323,1.0,4,-253.0,-279.0,81563.895,15289.065
1960388,339108,1.0,3,-1143.0,-1160.0,6168.87,6168.87
1622864,398431,1.0,4,-2235.0,-2237.0,2844.0,2844.0
1227384,196908,1.0,6,-802.0,-821.0,20837.205,3924.9
2567909,282927,0.0,56,-1516.0,-1516.0,195.75,195.75
2001666,368846,1.0,7,-1122.0,-1131.0,16233.3,16233.3
2729025,208964,0.0,11,-123.0,-142.0,225.0,134.19
2088626,235757,2.0,6,-1382.0,-1392.0,6535.8,6535.8
1210258,370017,1.0,2,-649.0,-672.0,11785.05,11785.05
2665095,426975,1.0,5,-464.0,-476.0,7005.735,7005.735
1624657,180050,1.0,5,-144.0,-172.0,12499.785,12499.785
1368021,420358,0.0,33,-2758.0,-2758.0,70.83,70.83
2525973,410406,1.0,19,-973.0,-1044.0,34341.3,34341.3
2010895,310996,0.0,1,-255.0,-261.0,3734.955,3734.955
1539501,326607,1.0,3,-848.0,-868.0,6048.09,6048.09
2777135,260244,0.0,18,-2502.0,-2521.0,9000.0,9000.0
2539519,185218,1.0,15,-547.0,-586.0,2261.475,2261.475
1282675,415593,2.0,4,-192.0,-217.0,16072.92,16072.92
1729480,251697,0.0,20,-84.0,-92.0,7008.39,7008.39
1091878,260682,1.0,26,-840.0,-840.0,12333.06,12333.06
1354950,399136,0.0,61,-650.0,-650.0,131.49,131.49
1871721,396188,0.0,51,-778.0,-778.0,5.4,5.4
2011419,368316,0.0,18,-1824.0,-1824.0,9000.0,9000.0
2332247,145471,1.0,5,-1164.0,-1170.0,13436.505,13436.505
1641241,325029,1.0,5,-1742.0,-1756.0,15477.39,15477.39
1690904,442551,1.0,2,-939.0,-946.0,36821.97,36821.97
2717890,115157,1.0,2,-508.0,-532.0,2875.365,2875.365
1180940,392769,1.0,10,-136.0,-157.0,15359.13,15359.13
2623505,218686,1.0,8,-2117.0,-2147.0,13615.155,213.705
1910593,401750,1.0,2,-1070.0,-1076.0,8072.19,8072.19
1111621,316477,0.0,18,-2834.0,-2834.0,450.0,450.0
1556040,211760,0.0,44,-242.0,-251.0,3422.97,3422.97
1029580,191757,0.0,20,-762.0,-765.0,12182.85,12182.85
1972896,167031,2.0,9,-1449.0,-1458.0,65866.185,65866.185
1793393,445920,2.0,9,-205.0,-219.0,23603.535,23603.535
1681454,184067,0.0,23,-739.0,-739.0,2700.0,2700.0
2119787,439891,1.0,2,-293.0,-298.0,18852.435,18852.435
2032124,231149,0.0,31,-1258.0,-1261.0,4500.0,4500.0
2028906,318079,1.0,8,-1810.0,-1812.0,14069.61,14069.61
1201055,357386,1.0,4,-384.0,-427.0,20123.865,20123.865
2697872,367050,1.0,24,-442.0,-443.0,16649.1,16649.1
1162336,311239,0.0,19,-47.0,-47.0,117659.385,117659.385
1489333,366655,1.0,5,-2349.0,-2367.0,20252.925,20252.925
1560241,409134,1.0,4,-708.0,-709.0,3504.015,3504.015
2252772,180664,1.0,4,-1417.0,-1425.0,19534.77,19534.77
2498715,450566,0.0,1,-596.0,-610.0,4760.01,4760.01
1395123,210167,1.0,6,-2129.0,-2127.0,10550.43,9743.67
1520153,336229,1.0,18,-257.0,-254.0,28742.67,21289.095
1874599,120523,0.0,17,-2840.0,-2840.0,57.6,57.6
1057726,193714,1.0,1,-2436.0,-2448.0,7012.305,7012.305
1561298,333238,0.0,27,-2283.0,-2283.0,27000.0,27000.0
2601884,253575,0.0,18,-7.0,-7.0,26.325,26.325
1665912,350471,0.0,88,-768.0,-768.0,5895.0,5895.0
1440067,171380,0.0,65,-389.0,-389.0,254.79,254.79
1279962,437067,0.0,25,-43.0,-43.0,697.005,697.005
2809501,104353,1.0,15,-268.0,-270.0,74444.715,74444.715
2155764,306694,1.0,2,-1958.0,-1993.0,11641.86,11641.86
2239433,270365,0.0,75,-278.0,-278.0,124.74,124.74
1175786,362439,1.0,3,-1619.0,-1617.0,6724.755,6699.51
1292566,273301,1.0,5,-2109.0,-2109.0,18823.635,18823.635
1130042,375893,1.0,3,-1465.0,-1466.0,3832.83,3832.83
2801389,447624,0.0,12,-2145.0,-2154.0,3375.0,3375.0
1025102,405095,0.0,17,-2635.0,-2640.0,3375.0,3375.0
2517951,301184,0.0,22,-2784.0,-2801.0,4050.0,4050.0
2244168,348470,1.0,3,-682.0,-699.0,15539.76,15539.76
2054485,352807,0.0,69,-1654.0,-1654.0,4627.035,4627.035
2714785,129425,0.0,50,-1642.0,-1642.0,421.74,421.74
2181486,113167,1.0,2,-588.0,-620.0,13274.55,13274.55
2310025,246026,1.0,12,-1891.0,-1891.0,11389.59,11389.59
1144694,377321,0.0,52,-1553.0,-1561.0,4500.0,4500.0
1206836,443293,1.0,5,-2304.0,-2304.0,12976.83,12976.83
2645653,389944,1.0,8,-2665.0,-2665.0,6159.87,6159.87
1621499,268245,0.0,7,-2064.0,-2064.0,6750.0,6750.0
2403514,411267,0.0,59,-1500.0,-1500.0,594.27,594.27
1182623,273935,1.0,14,-1032.0,-1059.0,7195.185,96.93
1431903,305963,0.0,11,-1233.0,-1240.0,2856.06,2856.06
1941297,130966,0.0,108,-61.0,-61.0,282.645,282.645
2039964,304112,0.0,40,-238.0,-238.0,192.555,192.555
2540088,250319,1.0,5,-478.0,-490.0,29360.115,29360.115
1873509,337298,0.0,97,-213.0,-213.0,27.225,27.225
2045490,234524,1.0,6,-470.0,-482.0,17626.05,17626.05
2427511,172132,1.0,14,-206.0,-159.0,34117.155,27350.73
2822413,230374,1.0,24,-854.0,-862.0,5880.375,5880.375
1771214,263422,0.0,47,-1609.0,-1609.0,396.945,396.945
2584806,453577,1.0,6,-854.0,-869.0,5343.885,5343.885
1454931,375541,1.0,15,-483.0,-480.0,80299.935,73076.49
2283509,396175,1.0,1,-2242.0,-2255.0,2502.585,2502.585
2778224,132142,1.0,5,-1038.0,-1036.0,25157.115,25145.46
2085326,148954,5.0,15,-447.0,-463.0,98243.73,98243.73
1649280,360521,1.0,6,-2894.0,-2894.0,6282.36,6282.36
2076539,199654,3.0,5,-232.0,-236.0,4797.0,4797.0
1803445,382741,0.0,90,-1613.0,-1627.0,16200.0,16200.0
1423597,325729,1.0,5,-731.0,-728.0,24423.21,24276.51
2574071,153287,0.0,19,-969.0,-976.0,10745.46,10745.46
2180370,278781,1.0,6,-1280.0,-1283.0,10603.98,10603.98
1176083,415393,1.0,6,-53.0,-66.0,9717.57,9717.57
1446329,131839,0.0,5,-326.0,-326.0,1293.21,1293.21
2305867,220057,1.0,13,-537.0,-546.0,22048.965,22048.965
2239027,160278,0.0,47,-1770.0,-1779.0,9000.0,9000.0
1817938,131658,1.0,8,-1359.0,-1430.0,4760.46,4760.46
2142388,381232,0.0,87,-729.0,-729.0,226.98,226.98
2820022,264436,1.0,4,-624.0,-628.0,6108.705,6108.705
1201815,428613,4.0,7,-78.0,-84.0,17876.34,17876.34
1642933,431276,0.0,7,-116.0,-116.0,205.605,205.605
1604386,301424,2.0,6,-243.0,-245.0,5003.91,36000.0
1189338,182475,1.0,8,-1291.0,-1294.0,11693.97,11693.97
2234022,435451,1.0,12,-443.0,-447.0,9710.55,9710.55
1644852,286008,0.0,20,-26.0,-29.0,20704.275,20700.0
2552836,298612,1.0,19,-2075.0,-2092.0,3335.265,3335.265
2559946,354539,0.0,26,-123.0,-123.0,745.515,745.515
1361396,378733,1.0,5,-1912.0,-1914.0,9045.045,9045.045
2256311,185661,1.0,6,-329.0,-330.0,45517.815,45517.815
1024809,277946,0.0,14,-2701.0,-2710.0,6750.0,2250.0
1710800,407963,0.0,127,-577.0,-594.0,7875.0,7875.0
2503307,204524,0.0,89,-1602.0,-1615.0,6750.0,6750.0
1830184,115532,1.0,2,-1926.0,-1938.0,18304.335,18304.335
1232409,396581,1.0,4,-666.0,-671.0,6536.34,6536.34
2560597,342282,1.0,11,-1692.0,-1697.0,14059.35,14059.35
2202988,133508,1.0,13,-300.0,-291.0,20637.0,20574.0
2220397,401817,0.0,24,-531.0,-531.0,134240.445,134240.445
1593253,369934,1.0,6,-297.0,-311.0,7948.71,7948.71
2051884,108267,0.0,178,-206.0,-206.0,228.195,228.195
2463744,432138,1.0,5,-2147.0,-2170.0,5864.355,5864.355
2203564,323320,1.0,9,-2000.0,-1973.0,4255.29,48.105
2821466,345777,3.0,5,-32.0,-44.0,11824.785,11824.785
2379238,228512,0.0,20,-2431.0,-2446.0,3375.0,3375.0
1306765,214430,0.0,4,-490.0,-508.0,2250.0,2250.0
2769166,435810,1.0,14,-337.0,-343.0,25874.55,25874.55
2430417,161319,0.0,23,-436.0,-436.0,964.08,964.08
1563875,116716,1.0,9,-1560.0,-1538.0,6832.98,135.0
1569429,319949,1.0,5,-2148.0,-2149.0,6443.955,6443.955
1287376,339324,1.0,4,-2355.0,-2374.0,9572.49,9572.49
2290176,261296,1.0,5,-2534.0,-2581.0,8361.0,8361.0
2167823,120983,1.0,9,-1532.0,-1550.0,2722.725,2722.725
1448970,411263,1.0,2,-314.0,-334.0,9044.325,9044.325
1109025,123797,2.0,8,-2422.0,-2427.0,11268.495,11268.495
1435677,209910,0.0,57,-838.0,-846.0,9000.0,9000.0
2237981,335540,1.0,1,-1053.0,-1059.0,26311.5,26311.5
2291402,212317,1.0,18,-558.0,-560.0,54520.2,3907.89
1730338,117957,1.0,7,-504.0,-506.0,6061.635,6061.635
2353028,443950,1.0,1,-1493.0,-1518.0,4015.215,4015.215
1475715,435819,1.0,7,-508.0,-515.0,11670.435,11670.435
1084627,131159,1.0,2,-2453.0,-2459.0,22454.595,22454.595
1682023,388399,0.0,66,-213.0,-213.0,891.45,891.45
2336151,233013,0.0,153,-789.0,-789.0,1706.85,1706.85
1256952,328398,1.0,23,-1184.0,-1188.0,18282.24,18282.24
1609400,445145,2.0,10,-279.0,-308.0,111690.765,111690.765
2095673,410266,1.0,7,-1025.0,-1025.0,7497.54,7497.54
1013322,353810,1.0,10,-1072.0,-1068.0,3555.225,3420.945
1824318,395166,1.0,1,-968.0,-980.0,6871.68,6871.68
1664562,369709,0.0,15,-914.0,-916.0,23046.57,23046.57
2791160,294663,1.0,11,-482.0,-483.0,22210.38,22210.38
2716448,222740,0.0,30,-2574.0,-2583.0,3375.0,3375.0
1346796,332921,1.0,8,-512.0,-522.0,34717.5,34717.5
2258763,303210,2.0,10,-319.0,-319.0,41275.305,41275.305
2256504,322209,1.0,2,-1890.0,-1899.0,4003.11,4003.11
1626362,250857,0.0,53,-954.0,-954.0,12942.36,12942.36
1958831,158327,1.0,5,-1728.0,-1740.0,7809.48,7809.48
2155829,173873,1.0,1,-2024.0,-2037.0,9042.75,9042.75
2023064,335175,0.0,70,-1357.0,-1357.0,160785.0,160785.0
1760983,132998,0.0,1,-471.0,-471.0,2070.0,2070.0
1156119,398861,1.0,5,-1410.0,-1412.0,7320.24,7320.24
1975008,449220,1.0,4,-1650.0,-1672.0,5503.635,5503.635
1675655,125372,0.0,21,-1682.0,-1684.0,2250.0,2250.0
1956381,125392,0.0,32,-774.0,-774.0,59664.78,59664.78
1267212,261296,1.0,2,-2403.0,-2403.0,5378.445,5378.445
1374824,382301,1.0,8,-1073.0,-1082.0,10488.285,10488.285
2150156,345963,1.0,3,-227.0,-242.0,11825.235,11825.235
1006447,292324,0.0,39,-22.0,-22.0,404.19,404.19
1520508,314584,1.0,4,-1253.0,-1263.0,13388.805,13388.805
2490798,334559,1.0,4,-1999.0,-2005.0,10642.995,10641.015
1443550,433387,1.0,6,-1831.0,-1856.0,3235.23,3235.23
1336019,283335,2.0,9,-36.0,-49.0,64460.88,64460.88
1338314,115552,1.0,7,-795.0,-801.0,31368.375,31368.375
2426569,219710,1.0,8,-1280.0,-1290.0,3624.48,3624.48
1978278,118011,1.0,12,-308.0,-326.0,71711.1,71711.1
2188888,179403,2.0,8,-193.0,-202.0,70307.145,70307.145
2438845,292082,0.0,91,-918.0,-897.0,130.5,99.225
2399858,368373,1.0,12,-1130.0,-1160.0,24078.6,41.535
2167220,310570,1.0,8,-1853.0,-1862.0,2680.47,2680.47
1872957,398447,0.0,65,-1149.0,-1162.0,9000.0,9000.0
2049298,333737,1.0,19,-1018.0,-1019.0,11405.205,11405.205
2335905,320823,1.0,8,-567.0,-566.0,20411.685,20411.685
2292110,210510,1.0,22,-776.0,-791.0,2512.305,2512.305
2789885,415472,1.0,23,-240.0,-265.0,33753.6,3988.665
1716693,391381,1.0,2,-475.0,-485.0,17041.41,17041.41
1927879,386241,1.0,8,-641.0,-657.0,8102.925,8102.925
1112856,290148,0.0,99,-186.0,-186.0,54.315,54.315
1245192,158127,1.0,8,-1814.0,-1814.0,10160.145,10160.145
2681985,243272,0.0,44,-1633.0,-1633.0,2703.735,2703.735
1179717,197343,1.0,2,-261.0,-285.0,8064.99,8064.99
1082585,425272,0.0,41,-2222.0,-2241.0,3375.0,3375.0
1933714,222338,1.0,1,-2207.0,-2218.0,5978.79,5978.79
1794750,220051,2.0,21,-28.0,-35.0,16801.29,16801.29
2032151,294198,0.0,81,-929.0,-929.0,900.0,900.0
1531423,186219,1.0,10,-472.0,-480.0,6435.36,6435.36
2467316,361086,0.0,103,-890.0,-890.0,2371.77,2371.77
2671316,150593,0.0,3,-1099.0,-1100.0,10305.09,10305.09
1959203,259352,4.0,11,-31.0,-40.0,44799.345,44799.345
1716012,268184,1.0,1,-831.0,-835.0,11381.13,11381.13
2056513,268699,1.0,3,-313.0,-328.0,19306.8,19306.8
2485462,383051,1.0,17,-180.0,-181.0,20380.5,20380.5
1064903,386451,1.0,4,-659.0,-659.0,11642.715,11642.715
1899441,206463,1.0,5,-443.0,-447.0,18405.405,18405.405
2200811,331772,1.0,14,-2265.0,-2282.0,7606.125,7606.125
2429573,122049,1.0,1,-1744.0,-1768.0,3996.45,3996.45
1191836,254597,0.0,1,-522.0,-522.0,22500.0,22500.0
2083064,296176,0.0,37,-1812.0,-1814.0,6750.0,6750.0
2313093,107176,0.0,42,-406.0,-406.0,22500.0,22500.0
1006468,167640,1.0,6,-331.0,-338.0,61449.93,61449.93
1410651,361814,1.0,12,-575.0,-578.0,24223.275,24223.275
1480686,380779,1.0,9,-433.0,-437.0,26020.08,26020.08
1459437,348389,1.0,9,-1124.0,-1163.0,3627.945,3627.945
1635972,125788,2.0,35,-749.0,-766.0,61974.27,61974.27
2099091,155894,0.0,28,-69.0,-88.0,5063.535,5063.535
2079823,335594,0.0,48,-1694.0,-1694.0,308.61,308.61
1748190,421747,3.0,2,-510.0,-516.0,14815.305,14815.305
1158366,294108,1.0,3,-2140.0,-2147.0,9493.38,9493.38
2327408,341894,1.0,1,-559.0,-572.0,22698.855,22698.855
1103373,190140,0.0,24,-427.0,-427.0,192.195,192.195
1538243,129001,1.0,2,-1216.0,-1215.0,14297.04,14297.04
1536337,352781,1.0,6,-2264.0,-2289.0,6310.035,6310.035
1077935,256855,1.0,12,-2412.0,-2416.0,8478.0,8478.0
1574370,242597,1.0,1,-802.0,-803.0,13520.79,13520.79
2122867,287805,1.0,7,-658.0,-665.0,27782.955,27782.955
1598463,287415,2.0,5,-406.0,-426.0,8812.485,8812.485
1893808,226871,1.0,5,-230.0,-248.0,24317.01,24317.01
1031801,426512,0.0,18,-2581.0,-2581.0,2250.0,2250.0
2704984,235690,5.0,14,-201.0,-246.0,3441.105,3441.105
2674546,240265,1.0,6,-1795.0,-1805.0,7991.775,7991.775
2299278,273363,1.0,21,-1884.0,-1892.0,10716.21,10716.21
1092528,221676,0.0,75,-1235.0,-1235.0,42.345,42.345
2610323,175261,1.0,4,-1154.0,-1158.0,14085.81,14085.81
1137580,438134,1.0,4,-536.0,-539.0,3538.755,3513.735
1818308,277080,1.0,5,-47.0,-67.0,12895.605,12895.605
1389244,278342,1.0,2,-353.0,-374.0,2145.195,2145.195
1210196,131706,1.0,1,-220.0,-225.0,9886.365,9886.365
2180442,175641,1.0,3,-1472.0,-1492.0,6209.37,6209.37
1306748,451484,1.0,11,-520.0,-519.0,9067.725,753.12
1182195,114382,1.0,6,-748.0,-760.0,18186.525,4146.615
1711019,425591,1.0,6,-2309.0,-2346.0,6824.835,6824.835
1417963,268868,1.0,2,-1045.0,-1062.0,15800.13,15800.13
2833067,297639,1.0,6,-1694.0,-1696.0,16405.29,16405.29
2098966,172811,0.0,11,-308.0,-326.0,27873.0,27873.0
1600723,423055,1.0,9,-2258.0,-2269.0,2084.805,2084.805
1476463,311666,1.0,4,-1459.0,-1459.0,15757.965,15757.965
2133261,176660,1.0,1,-375.0,-371.0,34767.495,34767.495
2105069,160499,0.0,39,-2101.0,-2107.0,3375.0,3375.0
1675637,119338,0.0,7,-2478.0,-2486.0,5625.0,5625.0
1033264,175824,0.0,30,-2724.0,-2724.0,2592.54,2592.54
1439239,239860,0.0,52,-1680.0,-1680.0,138645.0,138645.0
2051161,124340,0.0,85,-856.0,-856.0,0.765,0.765
1307421,378751,1.0,1,-352.0,-355.0,7871.355,7871.355
1796981,145227,1.0,3,-2433.0,-2470.0,5849.505,5849.505
1466056,281440,1.0,6,-1897.0,-1905.0,8423.235,8423.235
2123217,437450,1.0,10,-2371.0,-2368.0,3522.645,3312.315
2306365,401518,1.0,1,-2145.0,-2160.0,35612.91,35612.91
2303829,264722,1.0,12,-676.0,-685.0,4916.7,26016.3
2225622,285345,1.0,4,-733.0,-735.0,4210.515,4210.515
2791126,231651,1.0,5,-1447.0,-1449.0,17521.02,17521.02
2116727,312469,1.0,5,-369.0,-379.0,9789.615,9789.615
1509308,364961,1.0,6,-657.0,-657.0,12046.815,12046.815
1670198,369892,0.0,6,-133.0,-133.0,403.65,403.65
2162909,443739,1.0,9,-1759.0,-1765.0,16164.63,16164.63
1230090,424299,2.0,7,-6.0,-11.0,104594.265,104594.265
2200076,372236,1.0,10,-803.0,-805.0,11371.5,88.605
1827048,339155,1.0,8,-1131.0,-1123.0,19313.19,13614.57
2645602,117413,0.0,39,-85.0,-85.0,1.35,1.35
1851029,100913,0.0,168,-241.0,-241.0,1510.875,1510.875
1948789,239329,1.0,6,-1259.0,-1262.0,30249.27,30249.27
1719869,424041,1.0,9,-165.0,-161.0,46899.0,46667.205
1329998,341935,1.0,21,-137.0,-148.0,36083.205,36083.205
1574927,158786,1.0,12,-469.0,-468.0,41585.625,41585.625
1260665,240758,1.0,9,-411.0,-411.0,23980.5,23980.5
2349897,420073,5.0,21,-240.0,-241.0,5971.5,5971.5
2309926,393506,1.0,4,-2319.0,-2324.0,34225.56,34225.56
1028498,257885,1.0,5,-498.0,-521.0,59247.54,59247.54
1390802,184813,1.0,4,-476.0,-473.0,15608.16,15317.64
1629905,252869,1.0,4,-2637.0,-2637.0,7381.8,7381.8
2095752,166081,0.0,18,-2262.0,-2269.0,7875.0,7875.0
2763506,140138,1.0,8,-2866.0,-2868.0,2329.02,2329.02
1135873,253735,1.0,1,-417.0,-431.0,7649.685,7649.685
1083611,367191,0.0,85,-337.0,-337.0,13500.0,13500.0
1308960,243341,1.0,21,-536.0,-572.0,12377.7,12377.7
2408533,415905,0.0,39,-1501.0,-1501.0,3375.0,3375.0
1745668,398865,3.0,4,-351.0,-352.0,44015.895,44015.895
2430100,210440,1.0,13,-920.0,-945.0,10703.565,10703.565
1412021,430608,0.0,92,-1376.0,-1376.0,548.28,548.28
2086863,252528,1.0,5,-2213.0,-2238.0,8981.82,8981.82
1660550,352822,0.0,28,-1652.0,-1682.0,4167.045,4167.045
1027333,419900,0.0,124,-1046.0,-1046.0,900.0,900.0
1152549,108095,2.0,5,-1463.0,-1486.0,24511.545,24511.545
1155032,358147,0.0,18,-2894.0,-2894.0,5625.0,5625.0
1777663,399144,1.0,7,-2131.0,-2133.0,2065.59,2065.59
1815571,132443,1.0,15,-310.0,-335.0,9218.295,9218.295
1419654,342814,0.0,121,-272.0,-272.0,220.05,220.05
1245494,391947,2.0,16,-219.0,-230.0,4926.42,4926.42
1026699,106286,0.0,72,-1152.0,-1172.0,2250.0,2250.0
2343543,351291,1.0,12,-2067.0,-2055.0,2525.985,1899.0
2065638,423711,1.0,7,-1423.0,-1437.0,29164.5,29164.5
1914968,152328,0.0,5,-270.0,-280.0,8773.92,8773.92
2561570,406652,1.0,5,-1343.0,-1377.0,5245.425,39.15
1058149,230200,0.0,5,-2679.0,-2679.0,6750.0,6750.0
1861284,274708,1.0,10,-539.0,-581.0,22518.81,22518.81
2242725,295209,1.0,7,-1848.0,-1859.0,4763.97,4763.97
2545765,211578,6.0,20,-432.0,-449.0,295002.585,295002.585
1578114,119954,4.0,21,-335.0,-355.0,6645.915,6645.915
1260839,436406,3.0,19,-691.0,-691.0,17250.705,17250.705
1158013,445966,0.0,100,-1094.0,-1094.0,225.0,225.0
2622627,168774,0.0,20,-1586.0,-1585.0,7875.0,7875.0
1377043,132890,0.0,27,-2437.0,-2437.0,564.885,564.885
2661858,247064,0.0,1,-2625.0,-2641.0,7875.0,7875.0
1811110,207366,0.0,64,-1530.0,-1530.0,8608.545,8608.545
1570248,352871,0.0,69,-271.0,-271.0,0.9,0.9
2256678,251449,1.0,10,-387.0,-388.0,31446.36,31446.36
1071632,161372,1.0,9,-1303.0,-1312.0,12782.34,12782.34
1453060,359423,0.0,67,-726.0,-728.0,9000.0,9000.0
1331486,432174,1.0,10,-2236.0,-2261.0,23179.59,2.115
1787222,133705,1.0,1,-1783.0,-1794.0,8313.84,8313.84
1826139,197668,13.0,8,-94.0,-100.0,8807.085,22500.0
2118548,286679,1.0,10,-260.0,-266.0,16710.39,16710.39
1921934,260204,1.0,12,-331.0,-332.0,9433.71,9433.71
1337389,374711,1.0,6,-527.0,-561.0,5546.61,171.45
2083542,227375,3.0,25,-4.0,-4.0,12963.105,12963.105
1664749,308786,1.0,19,-1045.0,-1040.0,8267.625,7879.185
2203077,104505,2.0,5,-28.0,-23.0,16520.805,16091.775
2029163,417959,1.0,2,-375.0,-376.0,38469.06,38469.06
2200170,344588,1.0,42,-98.0,-100.0,19093.635,19093.635
1005018,431080,1.0,8,-512.0,-515.0,4737.24,4737.24
2706817,399203,3.0,4,-852.0,-861.0,719702.82,719702.82
1939900,390577,1.0,1,-859.0,-859.0,10273.545,2478.42
2004807,159914,0.0,8,-287.0,-287.0,276.705,276.705
1355272,308920,0.0,111,-185.0,-185.0,330.57,330.57
1825857,356762,0.0,32,-1578.0,-1575.0,2250.0,2250.0
1312375,355166,1.0,4,-1403.0,-1424.0,8590.095,8590.095
2600108,182345,1.0,3,-430.0,-441.0,16868.61,16868.61
1230535,408685,1.0,1,-2864.0,-2890.0,6863.04,6863.04
1319491,259059,1.0,9,-1165.0,-1178.0,9050.94,9050.94
2148414,111314,1.0,6,-1171.0,-1172.0,3574.08,3574.08
2177875,228683,1.0,4,-2915.0,-2915.0,7497.945,7497.945
2050454,315998,2.0,1,-583.0,-577.0,31446.36,185.13
1615138,342753,1.0,7,-845.0,-851.0,13902.615,13902.615
1569326,417838,0.0,81,-139.0,-139.0,760.68,760.68
1075049,318464,0.0,44,-148.0,-148.0,3202.29,3202.29
2173888,334870,2.0,4,-129.0,-141.0,10055.655,10055.655
2478361,197592,1.0,2,-2102.0,-2113.0,11238.12,11238.12
1682768,143109,1.0,3,-745.0,-753.0,39604.5,39604.5
1380996,315971,1.0,1,-256.0,-259.0,2370.555,6075.0
1237146,292980,1.0,1,-2107.0,-2126.0,17196.75,17196.75
1156425,354798,1.0,11,-1555.0,-1554.0,7665.57,7665.57
1382112,241344,1.0,19,-2058.0,-2065.0,10332.18,10332.18
1881852,350252,1.0,5,-486.0,-502.0,18472.41,18472.41
1911318,304755,0.0,28,-236.0,-235.0,27471.78,27471.78
1026199,211156,1.0,1,-2287.0,-2301.0,3711.825,3711.825
2167700,310476,2.0,5,-32.0,-45.0,56183.49,56183.49
1952282,357333,3.0,11,-637.0,-644.0,1217.79,1217.79
1235545,353394,0.0,105,-469.0,-469.0,1054.215,1054.215
2509926,324981,0.0,9,-301.0,-301.0,929.79,929.79
1456179,141052,0.0,29,-929.0,-936.0,6788.835,6788.835
1941571,114543,0.0,45,-678.0,-680.0,19911.96,19911.96
2080051,358507,1.0,10,-1950.0,-1979.0,4322.88,4322.88
2424946,343956,1.0,7,-500.0,-508.0,5510.475,5510.475
2522752,261745,1.0,12,-2106.0,-2106.0,8578.575,8578.575
1738651,210512,1.0,2,-2472.0,-2474.0,6394.86,6394.86
1409780,451206,2.0,8,-907.0,-917.0,142253.64,160762.185
2344897,241103,1.0,8,-1899.0,-1904.0,7805.97,7805.97
1770912,277439,1.0,7,-540.0,-545.0,26385.3,26385.3
2628361,244348,1.0,5,-327.0,-341.0,34368.84,34368.84
1748030,170369,0.0,24,-754.0,-761.0,6825.69,6825.69
1570201,382656,0.0,30,-2385.0,-2397.0,9000.0,9000.0
1017302,138160,1.0,5,-116.0,-146.0,12895.29,12895.29
2100876,167117,1.0,1,-245.0,-251.0,13134.96,13134.96
1151231,146990,2.0,5,-2246.0,-2249.0,27130.5,27130.5
1560592,124698,1.0,4,-2770.0,-2765.0,7216.155,7216.155
1660207,370265,1.0,2,-2026.0,-2046.0,6683.445,6683.445
1331724,429182,1.0,1,-2409.0,-2418.0,14763.6,14763.6
1481489,334977,9.0,7,-33.0,-44.0,24376.5,24376.5
1561030,284174,1.0,1,-662.0,-674.0,8800.155,8800.155
1055755,373196,1.0,2,-342.0,-351.0,16157.16,16157.16
1793001,375585,0.0,92,-1572.0,-1572.0,202.77,202.77
1716206,155093,0.0,81,-1234.0,-1246.0,9000.0,9000.0
1335984,338190,0.0,107,-921.0,-921.0,9000.0,9000.0
1920930,382684,0.0,27,-1615.0,-1615.0,13500.0,13500.0
2703538,153381,1.0,2,-1244.0,-1261.0,2683.17,2683.17
2320983,245439,1.0,7,-455.0,-461.0,8539.605,8539.605
1826004,259573,2.0,3,-761.0,-777.0,15134.85,15134.85
1769303,276483,1.0,9,-94.0,-100.0,12668.31,12668.31
2778952,229067,0.0,31,-491.0,-492.0,22190.58,22190.58
1532133,416419,1.0,4,-2278.0,-2286.0,15695.145,15695.145
1593190,142827,1.0,1,-2848.0,-2860.0,4671.045,4671.045
2030558,168403,1.0,13,-2084.0,-2057.0,10924.065,0.135
1163847,246305,1.0,1,-668.0,-680.0,9596.43,9596.43
1295709,280643,1.0,2,-2367.0,-2402.0,4414.005,4414.005
2181166,177852,0.0,50,-1659.0,-1659.0,3375.0,3375.0
2778499,447801,0.0,14,-29.0,-29.0,14576.625,14576.625
1710763,166117,2.0,9,-1510.0,-1511.0,10533.555,10533.555
2622094,429735,0.0,26,-1956.0,-1956.0,3375.0,3375.0
1360388,196459,0.0,40,-326.0,-326.0,69.3,69.3
2704176,162264,1.0,4,-2270.0,-2307.0,4872.33,4872.33
2561377,132467,0.0,67,-1043.0,-1043.0,50.13,50.13
2760846,324115,0.0,101,-74.0,-74.0,390.195,390.195
1593502,211089,0.0,31,-285.0,-285.0,9114.885,9114.885
1897943,167053,0.0,34,-2379.0,-2379.0,511.65,511.65
1937237,312488,1.0,24,-1630.0,-1645.0,16527.24,328.86
1544705,310821,0.0,103,-468.0,-468.0,153.0,153.0
1184870,391538,0.0,21,-1895.0,-1895.0,7875.0,7875.0
1354617,170770,0.0,53,-2293.0,-2293.0,1548.675,1548.675
1280224,401945,1.0,5,-2139.0,-2139.0,5230.125,5230.125
1725711,286870,1.0,22,-270.0,-277.0,7619.58,7619.58
1071703,122237,1.0,4,-1987.0,-2020.0,12936.06,4.32
2807971,161795,0.0,55,-1778.0,-1797.0,10800.0,10800.0
1424960,208794,1.0,1,-835.0,-842.0,8102.97,8102.97
2070963,374019,0.0,82,-174.0,-174.0,99.9,99.9
1474750,214554,1.0,4,-917.0,-936.0,58205.475,58205.475
2522720,252856,0.0,91,-777.0,-777.0,104.895,104.895
2820793,380562,1.0,15,-493.0,-489.0,26451.9,24943.5
2768132,244572,0.0,100,-1244.0,-1244.0,1125.0,1125.0
1285456,269458,1.0,11,-306.0,-306.0,16632.405,16632.405
2783247,328860,1.0,6,-1251.0,-1264.0,9120.735,9120.735
2203178,422164,1.0,3,-2469.0,-2482.0,6053.85,6053.85
2083444,176886,0.0,57,-569.0,-569.0,973.755,973.755
2341850,442682,1.0,20,-486.0,-487.0,30691.395,30691.395
2565436,106917,3.0,4,-75.0,-83.0,20958.975,20958.975
1846826,189918,1.0,11,-350.0,-370.0,5246.505,5246.505
1067302,353858,1.0,1,-2168.0,-2171.0,18341.1,18341.1
2763323,107507,1.0,5,-868.0,-874.0,20380.5,20380.5
1560106,317365,1.0,5,-2117.0,-2127.0,6387.525,6387.525
1267446,344569,0.0,59,-643.0,-643.0,159.615,159.615
2074860,101899,1.0,5,-633.0,-640.0,12054.87,12054.87
2333731,205936,1.0,3,-517.0,-526.0,9598.95,9598.95
2528803,391199,1.0,6,-1814.0,-1814.0,3509.91,3509.91
1376592,312789,0.0,4,-392.0,-392.0,138.15,138.15
2817474,280606,1.0,2,-570.0,-575.0,29733.705,29733.705
2100421,340605,1.0,14,-480.0,-480.0,53386.2,53386.2
1424660,221491,1.0,3,-2832.0,-2832.0,12493.755,12493.755
1685125,379826,5.0,5,-23.0,-69.0,2190.555,2190.555
1894092,400207,1.0,8,-1188.0,-1206.0,6097.23,6097.23
1255368,248220,0.0,10,-2622.0,-2622.0,7317.09,7317.09
1936997,374378,1.0,5,-2308.0,-2377.0,2261.61,2261.61
1361429,157909,1.0,13,-931.0,-940.0,13682.475,13682.475
1369327,278243,0.0,20,-1991.0,-2001.0,2250.0,2250.0
2049900,149829,0.0,27,-1733.0,-1733.0,17.955,17.955
1260192,190425,1.0,29,-115.0,-128.0,7706.655,7706.655
1493624,247069,1.0,4,-2038.0,-2063.0,6947.955,6947.955
1176513,119897,1.0,8,-462.0,-479.0,10984.455,10984.455
2569970,297707,1.0,1,-360.0,-376.0,15862.95,15862.95
2459787,368687,0.0,44,-1838.0,-1828.0,5625.0,5625.0
2554144,221805,1.0,9,-2046.0,-2060.0,30845.655,30845.655
2378393,316108,0.0,64,-309.0,-309.0,1.305,1.305
2599036,228904,1.0,8,-1472.0,-1476.0,6013.71,6013.71
2536044,199545,0.0,59,-1507.0,-1507.0,708.48,708.48
1617556,301346,1.0,4,-1018.0,-1034.0,11442.15,11442.15
2690684,380245,0.0,16,-2438.0,-2438.0,8.955,8.955
1155686,128306,1.0,2,-1847.0,-1849.0,15449.67,15449.67
2007413,305513,0.0,37,-81.0,-81.0,345.24,345.24
2511307,115952,0.0,50,-1165.0,-1165.0,356.265,356.265
1845086,244149,1.0,7,-678.0,-683.0,7111.575,7111.575
1184842,153631,0.0,79,-1163.0,-1163.0,148.635,148.635
1161787,337509,0.0,40,-300.0,-300.0,518.04,518.04
1285939,170807,1.0,2,-79.0,-89.0,7658.865,7658.865
1715036,356886,1.0,7,-1164.0,-1202.0,7562.16,7562.16
1006480,370210,1.0,14,-43.0,-57.0,11267.145,11267.145
1885173,231230,1.0,5,-1251.0,-1260.0,4391.01,4391.01
2377869,170932,1.0,6,-236.0,-244.0,17259.93,17259.93
1725883,164591,1.0,13,-21.0,-21.0,5811.75,5811.75
1538297,389209,1.0,1,-385.0,-402.0,8585.415,8585.415
1531823,159794,1.0,9,-2689.0,-2673.0,12868.695,12868.695
1557238,453746,3.0,12,-514.0,-514.0,13343.4,13343.4
1535423,433603,0.0,63,-1546.0,-1546.0,3375.0,3375.0
2559843,192592,1.0,5,-352.0,-382.0,21826.8,21826.8
1469455,314716,0.0,7,-315.0,-319.0,28910.925,28910.925
1567988,152910,1.0,1,-1836.0,-1846.0,5344.74,5344.74
2745288,384092,0.0,11,-412.0,-428.0,6555.195,6555.195
2538816,403257,1.0,6,-377.0,-391.0,28936.26,28936.26
1167770,157850,1.0,7,-481.0,-481.0,20166.57,20166.57
1298863,291144,1.0,2,-1101.0,-1120.0,8478.135,8478.135
1308680,189808,1.0,15,-2410.0,-2489.0,3772.485,3772.485
1560773,262414,1.0,9,-69.0,-85.0,15523.02,15523.02
1948523,102279,1.0,11,-1729.0,-1724.0,4957.335,4580.685
1329590,265728,1.0,22,-220.0,-217.0,27438.03,27202.68
2751440,137880,1.0,2,-2380.0,-2380.0,4921.2,4921.2
2830118,184382,1.0,10,-499.0,-506.0,8605.08,8605.08
1688555,427755,1.0,3,-729.0,-747.0,22392.72,22392.72
2631225,235061,1.0,2,-354.0,-371.0,8707.995,8707.995
1598454,323767,1.0,19,-966.0,-968.0,15991.065,15991.065
1993839,168838,14.0,20,-65.0,-72.0,9666.0,17984.25
1526159,150929,3.0,8,-396.0,-405.0,18264.24,18264.24
1112929,263635,1.0,5,-1667.0,-1677.0,6054.75,6054.75
1737107,193554,1.0,2,-1677.0,-1678.0,11049.345,11049.345
2436247,142357,1.0,8,-2824.0,-2822.0,3893.535,3893.49
2407339,264533,0.0,22,-1632.0,-1649.0,2250.0,2250.0
2746339,257197,0.0,32,-2042.0,-2043.0,6750.0,6750.0
2426090,270171,0.0,4,-188.0,-188.0,6661.89,6661.89
2805604,402406,0.0,42,-1099.0,-1099.0,17.01,17.01
2631097,107626,1.0,5,-1789.0,-1812.0,4798.305,4798.305
1311178,170528,1.0,1,-1222.0,-1234.0,15056.01,15056.01
1367304,241729,1.0,7,-2275.0,-2279.0,3600.45,3600.45
1432100,221428,2.0,6,-2027.0,-2038.0,7605.81,7605.81
2220696,355342,1.0,3,-827.0,-835.0,14218.515,14218.515
1361157,311374,0.0,34,-2180.0,-2180.0,2250.0,2250.0
1566360,200424,1.0,32,-1593.0,-1599.0,12293.19,12293.19
1290637,146277,1.0,18,-2342.0,-2334.0,5696.91,229.41
2207238,352419,0.0,44,-1299.0,-1299.0,2050.56,2050.56
1609134,388096,1.0,4,-229.0,-286.0,10192.23,10192.23
1237542,304630,0.0,78,-307.0,-307.0,4.005,4.005
1411816,410620,1.0,6,-16.0,-46.0,28694.79,28694.79
2347290,144011,1.0,10,-1543.0,-1551.0,4097.25,4097.25
2058923,452970,1.0,10,-7.0,-22.0,24781.68,24781.68
2024669,290387,1.0,2,-282.0,-295.0,13407.12,13407.12
1522792,437558,1.0,4,-672.0,-688.0,7859.025,7859.025
1692138,289543,1.0,3,-135.0,-146.0,19969.2,19969.2
1947544,183978,1.0,13,-482.0,-485.0,7933.59,7933.59
2661440,217976,0.0,66,-1948.0,-1948.0,1177.335,1177.335
2578326,162401,1.0,3,-691.0,-692.0,15942.6,15942.6
1671753,321412,1.0,1,-1128.0,-1138.0,19334.88,19334.88
1377158,395634,1.0,11,-622.0,-626.0,9036.09,9036.09
2450075,262550,1.0,11,-2462.0,-2477.0,5941.53,0.36
2769442,309762,1.0,10,-175.0,-204.0,7598.205,916.155
1730782,378494,1.0,3,-1341.0,-1344.0,8550.99,8550.99
1251706,127701,1.0,4,-725.0,-743.0,16632.405,16632.405
1973837,159777,0.0,31,-1440.0,-1440.0,147.6,147.6
1132926,394539,1.0,10,-1979.0,-1979.0,12009.87,11700.0
1509771,313492,1.0,7,-2064.0,-2076.0,14990.805,14990.805
2754555,332482,1.0,3,-674.0,-686.0,24172.65,24172.65
1721721,283833,0.0,37,-525.0,-538.0,2564.865,2564.865
1031476,309143,2.0,101,-687.0,-665.0,3600.0,3600.0
2182004,333573,1.0,3,-309.0,-322.0,7557.93,7557.93
1355052,160175,1.0,8,-903.0,-920.0,4052.79,4052.79
1869214,329061,1.0,3,-1626.0,-1637.0,9427.14,9427.14
1308972,409110,1.0,2,-373.0,-381.0,54389.7,135000.0
1462271,418788,1.0,3,-667.0,-684.0,68495.13,68495.13
1295848,333088,0.0,1,-2176.0,-2171.0,12508.56,12508.56
1585919,103614,1.0,17,-705.0,-706.0,9349.515,9349.515
1940430,360658,0.0,88,-142.0,-142.0,392.805,392.805
2116690,203876,0.0,88,-227.0,-227.0,640.395,640.395
2772992,441132,0.0,24,-2282.0,-2282.0,900.0,900.0
2661285,427832,1.0,3,-1430.0,-1447.0,14604.075,14604.075
1974200,448009,1.0,1,-1414.0,-1444.0,2761.56,2761.56
1714121,399104,0.0,2,-475.0,-481.0,13803.48,13803.48
1518490,225588,1.0,12,-2367.0,-2367.0,23951.385,23951.385
1537531,223225,1.0,2,-96.0,-97.0,5794.875,5794.875
2619061,452941,1.0,4,-2316.0,-2322.0,3860.37,3860.37
1162171,133297,1.0,16,-505.0,-517.0,45118.44,45118.44
1185465,133852,1.0,8,-2816.0,-2806.0,11562.975,3081.87
1333606,453486,2.0,9,-301.0,-301.0,52804.53,52804.53
1464074,150108,1.0,12,-1526.0,-1526.0,6461.19,6436.98
2162068,444604,1.0,6,-1185.0,-1189.0,23584.77,23584.77
2586052,110782,1.0,3,-831.0,-829.0,9845.28,9731.745
2583874,420644,1.0,12,-2098.0,-2105.0,9443.115,9443.115
2451914,354380,1.0,3,-1164.0,-1170.0,13619.7,13619.7
2271908,392457,1.0,7,-254.0,-275.0,8089.785,8089.785
1956374,125252,0.0,25,-936.0,-936.0,266.625,266.625
1141730,115553,1.0,6,-51.0,-60.0,14637.15,14637.15
2696920,100312,0.0,48,-2446.0,-2458.0,9000.0,9000.0
2508361,451548,1.0,16,-1753.0,-1744.0,13681.935,13681.935
1574007,123352,1.0,13,-767.0,-755.0,17135.55,13545.0
2663376,177092,3.0,8,-113.0,-127.0,28490.04,28490.04
1417394,298736,0.0,100,-171.0,-171.0,141.705,141.705
1390073,303766,0.0,41,-2137.0,-2137.0,573.84,573.84
2509248,413487,1.0,8,-2601.0,-2604.0,3858.75,3858.75
1519766,218041,0.0,31,-32.0,-32.0,13359.15,13359.15
2686826,373333,0.0,9,-2505.0,-2511.0,4500.0,4500.0
2148604,384461,0.0,52,-914.0,-914.0,725.31,725.31
1027312,442067,0.0,32,-2291.0,-2291.0,43.515,43.515
2226223,166727,0.0,70,-1315.0,-1343.0,5625.0,5625.0
1744583,430360,1.0,3,-754.0,-748.0,30365.865,26837.1
2403424,326836,1.0,2,-365.0,-371.0,7155.63,7155.63
1664026,246043,1.0,15,-268.0,-275.0,15885.63,15885.63
1683219,375325,1.0,12,-1487.0,-1489.0,17382.33,17382.33
1875479,432136,0.0,80,-656.0,-656.0,4500.0,4500.0
1062578,172223,1.0,31,-52.0,-55.0,7658.775,7658.775
2145705,173649,1.0,3,-607.0,-608.0,24764.49,24764.49
1383061,146959,1.0,2,-498.0,-510.0,7513.38,7513.38
1000557,116835,1.0,4,-245.0,-252.0,14651.955,14651.955
1960329,357195,1.0,8,-2762.0,-2762.0,6041.835,6041.835
2696690,276704,0.0,25,-302.0,-312.0,5705.145,5705.145
2022488,321329,1.0,4,-272.0,-303.0,5065.875,5065.875
2287929,103054,0.0,92,-1045.0,-1045.0,3375.0,3375.0
1084358,317835,0.0,43,-2154.0,-2163.0,9000.0,9000.0
2477973,428943,1.0,4,-899.0,-911.0,6536.115,6536.115
2355181,444017,1.0,5,-721.0,-699.0,13094.505,170.415
1000054,167367,2.0,9,-1537.0,-1542.0,19758.51,19758.51
2287828,338575,1.0,9,-1493.0,-1494.0,13330.89,13330.89
2719686,241474,1.0,3,-1665.0,-1725.0,5324.535,5324.535
1740809,314786,1.0,4,-195.0,-204.0,22773.78,22773.78
1337821,124228,0.0,8,-69.0,-87.0,3915.54,3915.54
1999286,299600,1.0,6,-630.0,-641.0,5698.17,5698.17
2107467,250937,1.0,21,-30.0,-59.0,8251.335,8251.335
2461965,157986,1.0,5,-1421.0,-1449.0,22996.755,10.98
1958509,430321,1.0,5,-338.0,-346.0,17597.115,17597.115
1567387,411527,0.0,15,-404.0,-404.0,2585.835,2585.835
2412764,266677,4.0,8,-400.0,-408.0,23530.635,23530.635
2032124,231149,0.0,48,-830.0,-830.0,2847.24,2847.24
2565733,253366,1.0,4,-1386.0,-1386.0,5132.79,5132.79
1672683,242215,1.0,14,-1075.0,-1085.0,11524.095,11524.095
1811005,199718,0.0,83,-932.0,-932.0,5058.765,5058.765
2715094,124214,1.0,17,-794.0,-856.0,7649.055,7649.055
1137136,144614,0.0,19,-1627.0,-1636.0,4500.0,4500.0
1748706,270001,1.0,5,-2617.0,-2597.0,6139.44,0.45
1768729,398001,1.0,4,-1688.0,-1702.0,10066.5,10066.5
1375574,439674,1.0,5,-1081.0,-1068.0,12687.3,5170.635
1447281,373879,0.0,3,-319.0,-319.0,130.23,130.23
1542962,187325,0.0,114,-573.0,-573.0,159.255,159.255
1404638,169564,1.0,3,-974.0,-1040.0,19388.79,19388.79
1155260,129437,0.0,16,-2394.0,-2407.0,9000.0,9000.0
1910592,140620,1.0,17,-259.0,-281.0,67855.995,67855.995
2234055,192774,0.0,1,-2213.0,-2213.0,13500.0,13500.0
1316672,329315,1.0,13,-2221.0,-2240.0,6405.93,6405.93
1914922,280363,0.0,2,-718.0,-718.0,1971.81,1971.81
2368553,178166,0.0,13,-849.0,-849.0,687.96,687.96
2181568,171213,2.0,3,-562.0,-617.0,30747.555,30747.555
2333586,146101,1.0,2,-508.0,-525.0,7587.225,7587.225
2140987,367630,1.0,10,-363.0,-385.0,15101.595,15101.595
1025468,199353,1.0,5,-405.0,-405.0,51965.82,51965.82
1190773,317897,0.0,26,-152.0,-153.0,7257.195,7257.195
1368877,167066,1.0,1,-85.0,-85.0,21513.24,21513.24
1036190,219318,0.0,26,-2634.0,-2644.0,10800.0,10800.0
2341387,398434,0.0,20,-542.0,-542.0,743.67,743.67
2803504,106101,1.0,1,-2003.0,-2003.0,10476.585,10476.585
2062049,441796,1.0,3,-2589.0,-2598.0,7859.205,7757.505
1669663,383534,1.0,5,-840.0,-858.0,12523.725,12523.725
1396603,135252,1.0,1,-345.0,-360.0,13304.25,13304.25
2758922,256132,2.0,11,-905.0,-932.0,7636.95,7636.95
1776466,324239,0.0,60,-1024.0,-1024.0,34.155,34.155
2294044,448030,0.0,82,-683.0,-683.0,222.345,222.345
1767896,122970,1.0,10,-903.0,-915.0,7522.2,7522.2
1460701,238665,1.0,3,-1728.0,-1756.0,27511.695,3.375
1039729,419018,1.0,3,-83.0,-94.0,8441.055,8441.055
1316207,125219,1.0,5,-1946.0,-1929.0,10916.595,1974.375
2310715,105325,1.0,11,-2332.0,-2340.0,8897.85,8897.85
1488696,114018,1.0,1,-842.0,-855.0,3540.555,3540.555
2533410,199396,1.0,7,-438.0,-450.0,22197.825,22197.825
1908086,353843,1.0,7,-2851.0,-2853.0,7251.75,7251.75
2144446,316511,1.0,12,-1180.0,-1175.0,26605.8,26605.8
1280205,248615,0.0,100,-741.0,-741.0,1125.0,1125.0
1975024,177144,1.0,9,-556.0,-560.0,12466.035,12466.035
1952682,448928,1.0,4,-2540.0,-2545.0,9111.06,9111.06
1265280,449554,0.0,1,-937.0,-937.0,13500.0,13500.0
2137593,377920,0.0,24,-2654.0,-2654.0,3121.785,3121.785
2453012,348926,1.0,3,-813.0,-820.0,15499.125,15499.125
1676126,330809,0.0,55,-1768.0,-1768.0,10125.0,10125.0
1285657,371248,1.0,5,-1143.0,-1159.0,9999.945,9999.945
2437077,308681,1.0,14,-923.0,-923.0,19472.67,19472.67
1207803,162107,3.0,5,-716.0,-718.0,5827.635,5827.635
1523292,214852,1.0,1,-573.0,-578.0,16988.31,36000.0
2553647,295576,1.0,8,-875.0,-875.0,55985.13,55985.13
2408480,368850,1.0,3,-2072.0,-2107.0,2452.86,2452.86
1462177,142903,1.0,5,-2635.0,-2637.0,7022.835,7022.835
2242043,451987,1.0,8,-1125.0,-1142.0,5208.795,5208.795
1188456,229516,0.0,2,-347.0,-366.0,2250.0,2250.0
2395544,334878,1.0,5,-1645.0,-1747.0,6960.105,6960.105
2309973,213197,3.0,3,-238.0,-254.0,11750.94,11750.94
2322553,173861,0.0,34,-2004.0,-2004.0,57.6,57.6
2253645,450871,3.0,12,-459.0,-463.0,16662.78,16662.78
2414590,328702,1.0,3,-375.0,-384.0,23755.815,23755.815
2390623,178841,1.0,9,-996.0,-990.0,9746.46,3703.14
1092599,425393,0.0,83,-685.0,-685.0,2.16,2.16
2363298,108599,1.0,6,-428.0,-482.0,3033.945,3033.945
1154362,123863,1.0,1,-237.0,-237.0,52922.34,52922.34
2405247,430527,0.0,98,-763.0,-763.0,9000.0,9000.0
1011936,353090,1.0,9,-170.0,-183.0,8859.78,8859.78
2773934,125120,1.0,11,-2109.0,-2134.0,8959.095,8959.095
2039010,276839,1.0,4,-1675.0,-1680.0,3385.71,3384.945
1217871,122077,0.0,108,-1309.0,-1309.0,2250.0,2250.0
2235830,162770,0.0,57,-1552.0,-1552.0,450.0,450.0
1898049,346414,1.0,2,-468.0,-528.0,34204.95,100799.055
1609081,132636,1.0,17,-1010.0,-1049.0,3826.98,43.02
2609839,376553,0.0,55,-2396.0,-2396.0,91170.0,91170.0
1168993,386249,0.0,71,-1212.0,-1212.0,704.43,704.43
2014096,243757,1.0,29,-561.0,-572.0,26473.5,26473.5
2831562,363570,2.0,16,-65.0,-72.0,34760.52,34760.52
1267572,240188,1.0,11,-591.0,-605.0,18823.455,18823.455
2157882,210462,1.0,2,-731.0,-759.0,4088.07,4088.07
2517860,216528,1.0,7,-617.0,-623.0,7140.195,7140.195
2663355,409753,1.0,6,-365.0,-392.0,27187.29,4013.55
1389816,329460,0.0,15,-393.0,-393.0,135000.0,135000.0
1384388,240646,0.0,29,-598.0,-598.0,22500.0,22500.0
2149291,391052,1.0,6,-1319.0,-1319.0,3369.78,3369.78
2775988,454602,0.0,148,-615.0,-615.0,31.275,31.275
1636382,390761,0.0,41,-1477.0,-1480.0,5625.0,5625.0
2567752,119918,1.0,5,-1977.0,-1994.0,14389.65,14389.65
2659461,148893,2.0,9,-386.0,-395.0,8313.75,8313.75
1448345,198233,0.0,15,-285.0,-285.0,450.0,450.0
1498375,231813,0.0,83,-989.0,-989.0,120.375,120.375
1268578,131036,0.0,10,-579.0,-579.0,0.9,0.9
2572974,273125,1.0,6,-272.0,-276.0,33324.21,33324.21
2204276,346726,0.0,104,-339.0,-339.0,14314.635,14314.635
2235297,167184,1.0,4,-475.0,-497.0,9830.97,9830.97
2567689,286709,0.0,70,-1096.0,-1096.0,6750.0,6750.0
2421619,295034,1.0,1,-1099.0,-1106.0,47171.835,47171.835
2054171,331333,0.0,70,-702.0,-702.0,288.135,288.135
2317762,324150,1.0,12,-2531.0,-2531.0,8709.795,8709.795
1791042,254014,1.0,5,-2860.0,-2860.0,7441.245,7441.245
1585626,171050,0.0,17,-2871.0,-2871.0,267.84,267.84
2313867,331625,0.0,116,-512.0,-512.0,8550.0,8550.0
2658523,108088,1.0,15,-478.0,-496.0,14610.42,14610.42
1456564,176925,0.0,14,-630.0,-630.0,6071.76,6071.76
1675610,118453,0.0,17,-930.0,-930.0,5785.425,5785.425
2572253,130236,0.0,11,-397.0,-397.0,6835.455,6835.455
1194240,329872,0.0,13,-2334.0,-2334.0,127215.0,127215.0
2161076,188289,1.0,3,-722.0,-730.0,8953.02,8953.02
2310500,425653,1.0,4,-591.0,-607.0,4280.13,4280.13
2747850,384484,1.0,6,-217.0,-269.0,22425.975,22425.975
1420615,389414,0.0,96,-529.0,-529.0,215.19,215.19
2318033,413063,1.0,7,-1444.0,-1467.0,6307.335,6307.335
2092778,454321,1.0,9,-14.0,-22.0,14181.345,14181.345
2405320,282888,2.0,11,-136.0,-148.0,8929.53,8929.53
1042132,214679,1.0,7,-1253.0,-1259.0,5437.08,5437.08
1820983,304775,1.0,9,-1361.0,-1377.0,6155.19,6155.19
2280807,364882,1.0,4,-1864.0,-1877.0,6871.635,6871.635
2709228,110195,1.0,1,-1134.0,-1143.0,3635.46,3635.46
1691906,401779,1.0,4,-568.0,-584.0,16861.32,16861.32
1575492,233687,0.0,38,-1375.0,-1375.0,274.185,274.185
1783918,333536,0.0,10,-556.0,-556.0,13834.26,13834.26
2571591,353223,0.0,118,-961.0,-971.0,6750.0,6750.0
2769744,168986,1.0,8,-1297.0,-1283.0,4179.555,3511.305
1079962,378431,1.0,8,-1992.0,-2002.0,12911.22,12911.22
2426449,355516,1.0,8,-202.0,-244.0,22681.485,22681.485
1359956,142479,0.0,7,-654.0,-654.0,63836.325,63836.325
2659022,234447,1.0,3,-740.0,-740.0,33643.845,33643.845
1772280,115833,1.0,3,-800.0,-858.0,32678.505,32678.505
2812884,391841,1.0,9,-1520.0,-1532.0,13753.395,16.38
2614108,291920,0.0,100,-1549.0,-1549.0,900.0,900.0
1698209,420481,1.0,1,-56.0,-64.0,13496.895,13496.895
2745551,329239,1.0,10,-1757.0,-1782.0,3717.585,3717.585
2566949,324761,1.0,4,-936.0,-982.0,14584.635,14584.635
2554115,112487,1.0,2,-354.0,-370.0,13622.85,13622.85
1865918,209959,1.0,7,-478.0,-479.0,11531.745,11531.745
1667968,310285,1.0,3,-152.0,-163.0,37952.505,37952.505
1942117,447143,1.0,2,-929.0,-979.0,22877.595,11.295
2617660,356633,0.0,67,-761.0,-761.0,400.23,400.23
1328781,305992,1.0,7,-2273.0,-2295.0,5766.705,5766.705
1290921,135427,1.0,20,-296.0,-357.0,7292.925,7292.925
1871404,449864,1.0,11,-446.0,-468.0,9108.315,9108.315
1539323,107984,0.0,16,-2796.0,-2796.0,2700.0,2700.0
1697905,103903,1.0,5,-719.0,-727.0,24635.97,24635.97
2203984,367627,1.0,3,-1108.0,-1120.0,10212.255,10212.255
1155866,214727,0.0,6,-949.0,-954.0,2992.365,2992.365
1087238,145141,0.0,65,-460.0,-460.0,4500.0,4500.0
1331555,372349,1.0,10,-884.0,-882.0,16094.79,11532.78
1800893,124506,2.0,8,-519.0,-522.0,50444.73,50444.73
1970734,384049,0.0,61,-15.0,-15.0,83.115,83.115
2640203,324628,1.0,6,-570.0,-570.0,31984.695,31984.695
2578734,212479,1.0,2,-2022.0,-2029.0,8900.865,8900.865
2638380,258805,2.0,22,-51.0,-77.0,52026.165,1483.11
2368447,309185,1.0,5,-2351.0,-2362.0,14131.935,14131.935
2621875,267247,1.0,6,-2084.0,-2114.0,6922.44,6922.44
1034172,424215,1.0,4,-1231.0,-1238.0,19189.08,19189.08
2035168,362280,3.0,4,-950.0,-951.0,1678.5,1678.5
2408211,439212,1.0,14,-432.0,-457.0,22852.485,820.125
2438512,238018,1.0,4,-1784.0,-1787.0,16509.6,16509.15
2664435,140406,1.0,1,-2016.0,-2028.0,35817.255,35817.255
2069541,163666,1.0,8,-285.0,-296.0,10729.845,10729.845
1577219,129534,1.0,2,-2247.0,-2255.0,10420.47,10420.47
1960101,127842,1.0,25,-301.0,-302.0,29576.745,29576.745
2181905,195452,1.0,8,-173.0,-179.0,24172.65,24172.65
2816742,342744,1.0,3,-1988.0,-2025.0,5055.84,5055.84
2300946,378380,1.0,4,-432.0,-439.0,6914.655,6914.655
2516969,180652,1.0,3,-2532.0,-2532.0,16262.595,16262.595
2595465,379370,0.0,7,-740.0,-740.0,2055.555,2055.555
2191917,254814,2.0,15,-692.0,-914.0,10962.54,10962.54
2744649,407093,14.0,6,-176.0,-197.0,16738.29,45000.0
1016756,148126,1.0,1,-2594.0,-2609.0,13114.98,13114.98
1242522,257092,1.0,6,-1004.0,-1019.0,8237.34,8237.34
1624411,131235,1.0,21,-1139.0,-1156.0,4839.75,4839.75
2449632,434234,1.0,3,-2452.0,-2452.0,7190.865,7190.865
1591307,269673,1.0,16,-1309.0,-1326.0,8477.415,8477.415
2178638,151934,0.0,52,-1500.0,-1463.0,9000.0,22.5
1941075,253077,1.0,1,-2401.0,-2401.0,12168.18,12168.18
1549646,198858,1.0,3,-2643.0,-2660.0,18497.655,18497.655
1747495,243680,1.0,24,-2075.0,-2097.0,3453.345,854.28
1143519,142719,1.0,4,-2562.0,-2566.0,6884.325,6764.49
1322874,229411,1.0,1,-759.0,-775.0,4757.04,4757.04
2552748,100791,0.0,44,-2004.0,-2004.0,6750.0,6750.0
1688223,245147,0.0,8,-2889.0,-2900.0,3375.0,3375.0
2613008,247963,0.0,33,-2362.0,-2362.0,2189.79,2189.79
2011404,354976,0.0,28,-2080.0,-2097.0,4500.0,4500.0
1347718,455099,1.0,5,-236.0,-302.0,7757.91,7757.91
1916647,108478,0.0,8,-626.0,-626.0,8981.28,8981.28
1465379,298714,1.0,1,-668.0,-698.0,9941.175,9941.175
2737348,230718,3.0,7,-514.0,-526.0,27089.865,27089.865
1623757,118972,5.0,7,-166.0,-178.0,49355.1,49355.1
2641269,211523,1.0,7,-204.0,-238.0,19869.615,19869.615
1562280,349853,2.0,3,-2921.0,-2921.0,7343.28,7343.28
1086106,245337,1.0,8,-525.0,-520.0,29129.805,29084.94
2408027,252860,1.0,3,-1296.0,-1314.0,5991.885,5991.885
2061925,412965,1.0,2,-1322.0,-1332.0,3705.075,3705.075
1255246,167939,0.0,64,-761.0,-761.0,288.495,288.495
2307728,211510,1.0,5,-1466.0,-1501.0,3383.82,3383.82
2567555,339788,1.0,4,-983.0,-989.0,10332.72,10332.72
1786932,138645,1.0,4,-423.0,-427.0,3680.01,3680.01
1209777,238177,0.0,69,-1196.0,-1196.0,958.455,958.455
1592513,316355,0.0,42,-1423.0,-1433.0,4500.0,4500.0
1414004,252101,0.0,39,-2004.0,-2004.0,1545.795,1545.795
1096107,159421,1.0,9,-1398.0,-1398.0,10436.31,10436.31
2114572,377291,8.0,4,-343.0,-343.0,14606.775,72000.0
1761128,240376,1.0,12,-1392.0,-1394.0,5798.34,5798.34
2200296,371490,2.0,2,-940.0,-952.0,21279.825,21279.825
1695264,261689,1.0,4,-2342.0,-2353.0,8284.095,8284.095
1678465,247896,0.0,19,-2425.0,-2425.0,98640.0,98640.0
2646470,160654,0.0,29,-35.0,-35.0,1064.655,1064.655
1143812,224714,0.0,34,-552.0,-552.0,1.35,1.35
2182799,234225,0.0,118,-977.0,-977.0,311.49,311.49
1736669,264619,1.0,10,-2864.0,-2890.0,7796.565,7796.565
2715036,128749,1.0,1,-426.0,-454.0,18722.34,18722.34
2791453,418677,0.0,67,-717.0,-718.0,9000.0,9000.0
2572396,391181,1.0,3,-2566.0,-2598.0,4821.48,4821.48
2029101,312935,3.0,2,-246.0,-246.0,12448.8,12448.8
2817365,436995,0.0,50,-1955.0,-1955.0,509.13,509.13
2383000,171977,0.0,100,-495.0,-495.0,318.915,318.915
1208367,197831,1.0,10,-471.0,-488.0,10079.46,10079.46
1520430,409234,4.0,2,-87.0,-91.0,96005.79,96005.79
1176973,286729,1.0,9,-2141.0,-2159.0,2712.105,2712.105
2150227,321195,1.0,5,-580.0,-592.0,3903.885,3903.885
1211159,178945,0.0,77,-1058.0,-1058.0,274.995,274.995
2571570,323634,1.0,6,-2543.0,-2553.0,14763.6,14763.6
2275389,185341,1.0,3,-818.0,-822.0,32951.16,32951.16
1620733,449923,1.0,3,-2414.0,-2428.0,7746.165,7746.165
1087981,135577,0.0,3,-238.0,-238.0,2462.4,2462.4
1319582,423299,0.0,9,-401.0,-401.0,694.08,694.08
2119287,362323,0.0,57,-1211.0,-1223.0,9000.0,9000.0
2179662,115513,1.0,8,-425.0,-422.0,53079.705,49268.835
1108864,320283,0.0,17,-2146.0,-2152.0,9000.0,9000.0
2726206,128477,0.0,85,-1352.0,-1355.0,13500.0,13500.0
2336325,239507,1.0,4,-79.0,-84.0,44832.015,44832.015
2087031,341527,1.0,8,-2296.0,-2305.0,5509.665,5509.665
2560811,143055,1.0,8,-1220.0,-1230.0,7276.995,7276.995
2128005,171666,0.0,15,-827.0,-826.0,18451.17,18451.17
1467934,415721,1.0,12,-1998.0,-2001.0,9609.345,9609.345
1335677,448698,3.0,4,-538.0,-536.0,6389.145,5667.435
2697943,370489,1.0,12,-2812.0,-2808.0,4907.25,4907.25
1855744,430277,1.0,7,-418.0,-413.0,9636.705,9442.935
1634298,129266,1.0,12,-1369.0,-1370.0,4175.865,4175.865
1613199,237979,1.0,7,-1994.0,-2000.0,2077.515,2074.5
2449750,169096,0.0,26,-173.0,-173.0,26.28,26.28
1375331,418094,0.0,112,-331.0,-331.0,12.375,12.375
2535520,232425,0.0,104,-401.0,-401.0,10.35,10.35
1417126,222904,0.0,70,-50.0,-52.0,14811.255,14811.255
2617491,263663,1.0,5,-727.0,-759.0,4594.23,4594.23
2334481,255285,1.0,3,-396.0,-417.0,12799.755,12799.755
1847235,206501,1.0,5,-2025.0,-2032.0,8269.785,8269.785
1000514,126099,0.0,53,-1932.0,-1932.0,313.785,313.785
1665908,115535,0.0,16,-95.0,-91.0,6469.38,6469.38
2295292,421750,1.0,20,-1084.0,-1079.0,2902.815,2481.3
2397893,219633,0.0,17,-873.0,-873.0,14173.56,14173.56
2575714,439204,1.0,23,-1067.0,-1051.0,7006.59,243.9
1189962,136340,1.0,14,-863.0,-863.0,39942.855,39942.855
2161794,352583,1.0,3,-669.0,-669.0,7702.38,7702.38
2504597,146358,1.0,8,-173.0,-189.0,26770.5,26770.5
2045771,166953,1.0,16,-81.0,-84.0,38742.705,38742.705
2253018,307704,1.0,18,-133.0,-141.0,19285.875,19285.875
2366589,171666,1.0,4,-551.0,-541.0,34714.575,24783.3
2137615,322999,1.0,12,-385.0,-408.0,47038.77,47038.77
2532364,210548,1.0,5,-297.0,-314.0,4580.1,4580.1
1597409,347950,6.0,12,-839.0,-841.0,16270.65,16270.65
1176851,188825,1.0,6,-37.0,-38.0,1565.595,1565.595
1544433,117300,1.0,13,-410.0,-419.0,9635.49,9635.49
2831130,281043,2.0,15,-231.0,-243.0,699430.14,699430.14
2319546,195165,1.0,8,-896.0,-911.0,12176.01,12176.01
2675840,401216,1.0,3,-966.0,-968.0,19386.0,19386.0
1281331,281577,1.0,4,-2585.0,-2563.0,9675.54,8.82
2552257,331948,1.0,3,-2596.0,-2596.0,17588.61,17588.61
1770032,287854,0.0,6,-84.0,-89.0,2250.0,2250.0
1055415,361800,1.0,7,-347.0,-353.0,24639.21,24639.21
2274177,446368,1.0,1,-410.0,-412.0,56279.97,56279.97
1329605,171260,1.0,5,-884.0,-893.0,21178.395,21178.395
2546750,119722,0.0,48,-597.0,-597.0,1829.34,1829.34
2817051,374208,1.0,23,-600.0,-608.0,26264.25,26264.25
1289682,376929,0.0,6,-2899.0,-2899.0,2250.0,2250.0
1192946,404107,0.0,120,-179.0,-179.0,2378.25,2378.25
2628376,299636,1.0,8,-476.0,-476.0,34874.325,34874.325
1416977,355051,1.0,13,-539.0,-544.0,19037.475,19037.475
2119572,320631,2.0,101,-2287.0,-2279.0,1350.0,1350.0
1945729,310020,1.0,1,-2073.0,-2103.0,3364.2,3364.2
2305135,212691,0.0,42,-1510.0,-1517.0,5625.0,5625.0
2319980,436000,0.0,50,-406.0,-406.0,6750.0,6750.0
2814366,271162,1.0,12,-741.0,-833.0,9150.75,9150.75
2571010,196503,8.0,8,-317.0,-375.0,9531.675,9531.675
2422197,166178,0.0,69,-1445.0,-1452.0,9000.0,9000.0
2495823,335609,1.0,4,-1463.0,-1473.0,3808.665,3808.665
2506416,442037,1.0,2,-1183.0,-1201.0,3972.51,3972.51
1276936,187315,1.0,4,-1047.0,-1047.0,3087.54,3087.54
1976613,275053,0.0,18,-188.0,-188.0,3.69,3.69
1915242,374950,0.0,99,-213.0,-213.0,2992.995,2992.995
1748969,201990,1.0,8,-494.0,-504.0,7265.25,7265.25
1185886,265588,1.0,3,-1022.0,-1039.0,23390.64,23390.64
1697164,431913,0.0,4,-198.0,-198.0,840.15,840.15
2075233,261295,0.0,22,-2756.0,-2781.0,9000.0,9000.0
1331937,405811,1.0,1,-2084.0,-2087.0,2365.875,2365.875
2412742,244358,1.0,11,-685.0,-689.0,6484.005,6484.005
1398863,161910,1.0,6,-289.0,-349.0,6662.43,6662.43
2589330,125605,1.0,3,-2280.0,-2297.0,2480.535,2480.535
1314821,376575,1.0,5,-1659.0,-1671.0,5548.095,5548.095
1181538,210842,3.0,3,-708.0,-739.0,28784.25,15.75
1920336,189087,1.0,3,-2789.0,-2792.0,4669.65,4669.65
1981176,278874,0.0,9,-2193.0,-2195.0,9000.0,9000.0
1442625,411465,1.0,5,-169.0,-196.0,10490.175,10490.175
2014925,221255,1.0,4,-1591.0,-1599.0,16274.79,16274.79
1547737,296024,3.0,8,-897.0,-903.0,40252.05,40252.05
2574104,397734,1.0,9,-2133.0,-2162.0,6190.38,6190.38
1745328,258638,1.0,6,-1341.0,-1346.0,15567.345,14692.815
2053986,393530,1.0,4,-51.0,-65.0,14428.62,14428.62
1204823,106357,0.0,90,-832.0,-832.0,115.425,115.425
2784229,115578,1.0,2,-175.0,-193.0,16721.145,16721.145
2322509,356391,1.0,3,-2501.0,-2501.0,3216.555,3216.555
1881683,327989,0.0,20,-348.0,-348.0,2325.06,2325.06
1716814,427510,1.0,4,-1455.0,-1473.0,7283.79,7283.79
1745331,192248,1.0,7,-543.0,-542.0,23552.64,23552.64
1449398,285180,1.0,3,-207.0,-206.0,30467.115,30467.115
2770368,205949,3.0,10,-145.0,-171.0,58911.615,2853.54
2328039,341968,1.0,13,-1139.0,-1176.0,19086.75,19086.75
1027952,211690,0.0,41,-2028.0,-2028.0,290.205,290.205
1004222,294195,0.0,49,-1262.0,-1273.0,4500.0,4500.0
1985523,218965,1.0,8,-857.0,-858.0,40621.455,40621.455
1412718,393834,0.0,81,-380.0,-399.0,603.585,603.585
1697804,303538,3.0,4,-210.0,-219.0,41955.345,41955.345
1052491,365132,1.0,2,-704.0,-715.0,16792.335,16792.335
1660500,106867,0.0,1,-483.0,-484.0,9419.76,9419.76
1380760,224181,1.0,26,-417.0,-516.0,20633.67,20633.67
2570416,242826,1.0,1,-130.0,-141.0,2540.295,2538.0
1295492,416426,1.0,2,-1474.0,-1482.0,12521.16,12521.16
1978521,234981,0.0,38,-1163.0,-1163.0,7569.225,7569.225
1821007,302952,0.0,75,-1852.0,-1852.0,450.0,450.0
2715609,322627,1.0,1,-672.0,-688.0,30251.97,30251.97
2335240,358595,1.0,3,-2219.0,-2224.0,7330.005,7330.005
2598500,422510,1.0,1,-1635.0,-1650.0,5313.825,5313.825
2017417,379688,1.0,4,-1453.0,-1464.0,9743.265,9743.265
2341427,430833,0.0,24,-2016.0,-2016.0,635.265,635.265
2578464,189009,0.0,7,-349.0,-349.0,132.705,132.705
1007437,287433,1.0,11,-777.0,-806.0,28929.6,28929.6
1431019,376465,1.0,7,-1469.0,-1494.0,21054.195,21054.195
2648714,182549,1.0,4,-1500.0,-1574.0,8430.525,8430.525
1743464,145608,0.0,57,-1345.0,-1345.0,900.0,900.0
2098813,378031,1.0,1,-213.0,-223.0,8758.8,8758.8
1716201,103725,1.0,7,-73.0,-77.0,8984.52,8984.52
2366471,246002,0.0,5,-2246.0,-2269.0,2250.0,2250.0
1214191,417017,5.0,15,-422.0,-423.0,16187.265,16187.265
1532049,212231,1.0,5,-2498.0,-2530.0,20174.715,20174.715
1802011,332559,1.0,4,-2451.0,-2461.0,3543.705,3543.705
2106232,291322,1.0,3,-1223.0,-1230.0,13961.205,13961.205
1439346,127496,1.0,11,-715.0,-715.0,16619.22,16619.22
2010517,398531,1.0,14,-1070.0,-1181.0,2933.64,2933.64
2014227,208983,1.0,4,-2300.0,-2307.0,4270.995,4270.995
2085945,116135,1.0,12,-2131.0,-2135.0,12204.675,12204.675
1213748,450179,0.0,43,-257.0,-257.0,53.1,53.1
2013667,396754,0.0,14,-86.0,-89.0,3801.555,3801.555
2560805,242883,0.0,143,-350.0,-350.0,673.65,673.65
2506204,207326,0.0,53,-1366.0,-1376.0,6750.0,6750.0
1084419,385031,1.0,7,-1043.0,-1065.0,8097.795,8097.795
1189169,147996,1.0,1,-174.0,-176.0,10148.625,10148.625
1330801,340779,0.0,32,-1691.0,-1691.0,1125.0,1125.0
1217621,452418,2.0,7,-329.0,-345.0,44299.62,44299.62
1132258,107079,1.0,3,-686.0,-700.0,20320.74,18149.445
1086817,346459,1.0,10,-1178.0,-1182.0,6320.205,6320.205
1282779,321123,1.0,1,-325.0,-327.0,26129.88,26129.88
1259309,416720,0.0,21,-198.0,-201.0,7096.815,7096.815
1320354,189184,1.0,24,-155.0,-157.0,28730.25,28730.25
2486637,255735,1.0,1,-612.0,-615.0,16839.09,16839.09
1137662,370786,1.0,1,-2890.0,-2906.0,3739.815,3739.815
2035865,381935,1.0,4,-502.0,-517.0,71510.04,71510.04
1869069,145986,1.0,12,-26.0,-33.0,17378.19,17378.19
1450581,197780,1.0,6,-741.0,-809.0,26978.4,26978.4
1946039,255838,0.0,14,-2036.0,-2050.0,5625.0,5625.0
2149198,352035,1.0,6,-635.0,-653.0,58520.295,58520.295
1647356,254786,1.0,7,-656.0,-670.0,44214.255,44214.255
1027383,374476,3.0,5,-372.0,-387.0,43818.57,49500.0
1169360,370977,3.0,5,-353.0,-378.0,18360.63,79915.5
1682955,113241,1.0,2,-621.0,-625.0,14393.25,14393.25
2571796,244671,1.0,11,-562.0,-560.0,9141.795,9141.795
1261199,162033,2.0,10,-232.0,-247.0,9424.035,9424.035
1302014,105481,1.0,3,-1919.0,-1934.0,4043.295,4043.295
2205192,213696,1.0,1,-500.0,-514.0,47227.95,47227.95
1688486,267996,2.0,5,-143.0,-147.0,7688.79,7688.79
1075409,267358,1.0,3,-731.0,-751.0,12832.65,12832.65
1770507,129909,1.0,4,-1302.0,-1337.0,2664.045,2664.045
2745326,177166,0.0,22,-2329.0,-2329.0,374.4,374.4
1288249,406607,0.0,49,-2031.0,-2031.0,14625.0,14625.0
2165472,402259,1.0,5,-2375.0,-2379.0,15737.985,0.36
1256625,405623,1.0,19,-1104.0,-1101.0,2349.495,2349.495
2306415,223460,1.0,10,-1698.0,-1702.0,8298.225,8298.225
1509239,313001,1.0,1,-1353.0,-1362.0,3409.38,3409.38
1591998,210208,0.0,23,-1822.0,-1841.0,6750.0,6750.0
1029218,169677,1.0,8,-1952.0,-1949.0,17902.26,3904.38
1052802,423227,0.0,17,-302.0,-302.0,134.325,134.325
2619296,117641,1.0,1,-1023.0,-1040.0,14528.295,14528.295
2088756,364791,1.0,1,-390.0,-392.0,4891.095,4891.095
2669803,398843,0.0,91,-457.0,-457.0,42.03,42.03
1315092,298992,1.0,10,-302.0,-311.0,19901.88,19901.88
1851999,186901,0.0,128,-572.0,-572.0,13500.0,13500.0
2642710,350769,0.0,31,-114.0,-114.0,85.41,85.41
1020870,294029,1.0,5,-2146.0,-2142.0,13440.015,13183.92
1789105,170018,1.0,2,-1111.0,-1134.0,4924.575,4924.575
1877462,169763,0.0,95,-1086.0,-1086.0,37.53,37.53
1853934,236065,1.0,6,-908.0,-915.0,28006.47,28006.47
1209238,157383,0.0,25,-2232.0,-2261.0,5625.0,5625.0
2458360,198343,0.0,35,-1464.0,-1477.0,3375.0,3375.0
2459002,128553,1.0,5,-2790.0,-2757.0,4268.115,4.185
1924090,131169,1.0,4,-591.0,-607.0,3444.03,3444.03
1153929,205205,0.0,13,-334.0,-337.0,28661.895,28661.895
1283917,378408,0.0,68,-428.0,-428.0,247.095,247.095
2295415,304111,0.0,11,-2557.0,-2557.0,5625.0,5625.0
1612897,322057,1.0,1,-670.0,-687.0,11041.65,11041.65
2831869,214184,2.0,15,-715.0,-740.0,116108.685,116108.685
2539535,197534,1.0,8,-647.0,-641.0,9240.57,9223.56
1560768,161983,1.0,6,-2228.0,-2233.0,4701.285,4701.285
2741832,346883,1.0,5,-2749.0,-2749.0,5202.855,5202.855
1194274,442236,1.0,1,-483.0,-493.0,45380.295,1125000.405
2107182,352109,1.0,16,-177.0,-188.0,19508.535,19508.535
2542594,446554,2.0,5,-445.0,-465.0,223972.695,223972.695
2715888,186836,1.0,8,-1679.0,-1680.0,21699.72,21699.72
2226238,419373,0.0,69,-816.0,-816.0,360.0,360.0
1327312,380887,0.0,29,-442.0,-442.0,1.08,1.08
1648285,372093,1.0,10,-322.0,-328.0,52026.165,52026.165
2246131,314536,1.0,16,-330.0,-333.0,7979.625,7979.625
2240039,118905,1.0,1,-165.0,-176.0,24818.58,24818.58
1710314,357832,1.0,16,-2384.0,-2398.0,2238.12,2238.12
2640990,448924,0.0,15,-1852.0,-1867.0,3375.0,3375.0
2208767,156528,1.0,1,-2212.0,-2217.0,2619.54,2619.54
1634549,152423,12.0,7,-105.0,-107.0,22291.65,45000.0
1024455,143143,1.0,5,-135.0,-140.0,11954.79,11954.79
1377638,267097,1.0,2,-46.0,-88.0,4890.825,4890.825
1061868,371987,1.0,2,-198.0,-208.0,9665.685,9665.685
2551914,225252,6.0,26,-201.0,-209.0,35138.655,35138.655
1360729,292298,1.0,4,-1818.0,-1820.0,5467.95,5467.95
1152681,135766,0.0,46,-1249.0,-1269.0,11250.0,11250.0
2614097,206155,1.0,1,-2877.0,-2877.0,2862.225,2862.225
1676586,392885,2.0,6,-1964.0,-1978.0,29587.725,29587.725
2526645,109935,1.0,12,-349.0,-375.0,12437.505,12437.505
2741265,318201,0.0,39,-48.0,-56.0,8058.375,8058.375
1590841,357397,1.0,6,-185.0,-198.0,20109.69,20109.69
1844799,279674,0.0,64,-1208.0,-1208.0,213.435,213.435
2161815,395370,1.0,19,-1162.0,-1192.0,6700.995,6700.995
2354018,112192,0.0,68,-301.0,-320.0,414.315,414.315
1217025,399875,1.0,4,-2873.0,-2873.0,6210.09,6210.09
1947409,211840,0.0,24,-58.0,-61.0,4404.285,4404.285
2011721,338182,1.0,9,-228.0,-266.0,7745.715,7745.715
2510164,234248,1.0,8,-1986.0,-1990.0,3811.86,3811.86
2270970,318037,0.0,72,-378.0,-378.0,255.69,255.69
1359956,142479,0.0,18,-492.0,-501.0,4015.305,4015.305
2141955,353012,0.0,13,-1800.0,-1819.0,4500.0,4500.0
2736525,304416,1.0,3,-1263.0,-1275.0,26532.0,26532.0
2476304,260444,0.0,47,-1530.0,-1530.0,7875.0,7875.0
2257428,190942,1.0,12,-714.0,-718.0,13346.55,13346.55
1255937,392401,0.0,71,-1233.0,-1234.0,9000.0,9000.0
1873902,225255,0.0,61,-937.0,-937.0,900.0,900.0
2323619,408135,0.0,7,-2089.0,-2103.0,6750.0,6750.0
2464091,315488,1.0,11,-152.0,-153.0,16712.64,16712.64
2536088,445826,0.0,95,-622.0,-639.0,11250.0,11250.0
2121318,323700,0.0,17,-1922.0,-1933.0,9000.0,9000.0
2145737,161295,0.0,110,-597.0,-597.0,18265.5,18265.5
1393958,448471,1.0,1,-878.0,-880.0,24172.65,24172.65
2572533,203409,1.0,1,-175.0,-181.0,14019.705,14019.705
1711105,156871,2.0,11,-135.0,-147.0,16218.945,16218.945
2028843,449187,1.0,14,-1098.0,-1102.0,5273.46,5273.46
2436342,176733,1.0,38,-152.0,-161.0,28754.19,28754.19
1132424,420876,1.0,8,-2913.0,-2913.0,4886.505,4886.505
1739489,312015,1.0,17,-598.0,-601.0,6768.585,6768.585
1877296,169403,1.0,5,-1721.0,-1763.0,7628.265,7628.265
1338997,154313,1.0,5,-920.0,-938.0,9422.775,9422.775
1464311,294857,1.0,6,-1400.0,-1406.0,2606.85,2606.85
2769304,169177,1.0,15,-511.0,-538.0,6090.93,6090.93
2282856,103558,1.0,1,-830.0,-819.0,24639.21,24639.21
1150454,144417,1.0,16,-375.0,-378.0,6379.56,6379.56
1964399,191053,1.0,10,-2024.0,-2019.0,5240.475,5240.475
1207700,132078,8.0,6,-235.0,-246.0,9500.895,45000.0
1384879,131305,1.0,33,-169.0,-181.0,26693.1,26693.1
1644386,412024,1.0,7,-327.0,-334.0,6045.165,6045.165
2153446,376127,1.0,18,-536.0,-535.0,34346.16,34346.16
1746732,171432,1.0,4,-9.0,-16.0,25091.235,25091.235
2414320,394961,0.0,9,-413.0,-416.0,5585.085,5585.085
2676165,183207,0.0,13,-738.0,-738.0,1847.565,1847.565
2270983,159586,0.0,77,-711.0,-711.0,162.315,162.315
1037771,295557,1.0,1,-847.0,-860.0,49304.385,49304.385
1059454,372515,1.0,8,-1236.0,-1468.0,7447.86,7447.86
1947010,209215,1.0,1,-1279.0,-1284.0,3256.11,3256.11
1944343,287879,1.0,2,-149.0,-185.0,14434.92,14434.92
2048256,365900,2.0,16,-580.0,-593.0,48967.155,48967.155
2809881,410637,1.0,5,-111.0,-131.0,10718.55,10718.55
1760925,270377,0.0,108,-466.0,-466.0,435.42,435.42
2354744,201817,3.0,8,-610.0,-614.0,759424.14,759424.14
1334740,120202,1.0,5,-1245.0,-1256.0,27187.29,27187.29
1129552,441426,3.0,10,-143.0,-180.0,12779.955,12779.955
1516186,229803,1.0,2,-1369.0,-1409.0,15196.995,4.005
1765258,179282,1.0,4,-760.0,-783.0,10216.215,10216.215
2189073,342417,1.0,6,-980.0,-981.0,8918.28,8918.28
2661741,134365,1.0,10,-655.0,-662.0,13672.485,13672.485
2647547,228406,1.0,5,-1515.0,-1500.0,7155.495,46.98
2103883,113508,0.0,33,-113.0,-122.0,6934.635,6934.635
2725775,284165,1.0,5,-970.0,-961.0,3893.085,3048.39
2784979,124024,1.0,7,-522.0,-522.0,34117.155,34117.155
2755327,192213,1.0,1,-2375.0,-2389.0,7202.565,7202.565
1846403,401330,1.0,17,-352.0,-354.0,27796.095,27796.095
1396014,251627,1.0,9,-787.0,-789.0,2837.7,2837.7
1896771,376851,1.0,3,-400.0,-408.0,10996.785,10996.785
1660313,315750,3.0,8,-835.0,-835.0,32593.5,32593.5
1960202,338535,0.0,3,-2138.0,-2140.0,3375.0,3375.0
1916644,289734,1.0,5,-2520.0,-2543.0,12663.0,12663.0
1302064,303670,0.0,11,-330.0,-330.0,14367.51,14367.51
2644590,129230,1.0,6,-1414.0,-1439.0,3018.195,3018.195
2241880,358030,1.0,4,-142.0,-150.0,85368.195,85368.195
1312863,133672,1.0,17,-786.0,-818.0,9202.545,8927.28
2161606,419227,1.0,11,-1758.0,-1784.0,18534.51,13.005
1405278,156538,0.0,2,-418.0,-435.0,2250.0,2250.0
1382240,185606,2.0,1,-210.0,-211.0,230726.115,230726.115
1078307,258650,1.0,9,-514.0,-514.0,23269.05,23269.05
1678696,226516,1.0,3,-1064.0,-1078.0,34937.01,34937.01
2640185,329638,8.0,4,-418.0,-423.0,3507.705,13500.0
1766325,351776,1.0,17,-253.0,-258.0,9611.73,9611.73
2116767,453392,0.0,8,-176.0,-176.0,20250.0,20250.0
1165372,435248,1.0,15,-518.0,-518.0,53671.5,53671.5
2304757,401226,0.0,50,-1808.0,-1808.0,718.47,718.47
1776459,419027,0.0,12,-1056.0,-1059.0,22886.415,22886.415
1417388,194720,0.0,64,-616.0,-616.0,844.47,844.47
1239947,343303,1.0,6,-12.0,-26.0,12188.835,12188.835
1821603,162505,1.0,1,-1917.0,-1918.0,17571.825,17571.825
1567842,295310,2.0,11,-683.0,-688.0,25218.0,25218.0
1640708,331905,0.0,115,-228.0,-231.0,9021.645,9021.645
1488207,187267,0.0,26,-2370.0,-2374.0,3375.0,3375.0
1050111,367708,1.0,2,-854.0,-879.0,7782.75,7782.75
2525137,374428,0.0,15,-91.0,-91.0,1068.975,1068.975
2249325,339554,1.0,4,-453.0,-463.0,88584.21,88584.21
1182493,267897,0.0,7,-200.0,-205.0,2250.0,2250.0
1515648,237323,0.0,44,-767.0,-767.0,170.055,170.055
1983725,431032,1.0,2,-719.0,-738.0,9195.66,9195.66
1598751,372665,0.0,19,-384.0,-395.0,10273.185,10273.185
1439009,135107,0.0,51,-2137.0,-2137.0,540.0,540.0
1591057,374850,0.0,9,-142.0,-142.0,470.7,470.7
1277034,151325,1.0,24,-163.0,-171.0,12326.4,12326.4
2414850,350397,1.0,5,-629.0,-624.0,11681.325,4150.62
1092576,267302,1.0,4,-2261.0,-2301.0,4062.555,302.445
1495825,216004,1.0,5,-161.0,-152.0,6442.02,5959.35
2793928,304210,1.0,8,-627.0,-626.0,10843.47,10843.47
1155966,288733,1.0,17,-880.0,-890.0,6446.16,6446.16
2414542,189122,1.0,2,-2741.0,-2741.0,4176.585,4176.585
2260051,261713,1.0,16,-1901.0,-1895.0,8890.515,0.27
1074649,183114,1.0,3,-1261.0,-1272.0,22454.1,22454.1
2338755,206437,4.0,103,-319.0,-255.0,1240.965,1240.965
2106247,329011,1.0,2,-857.0,-860.0,28257.39,28257.39
1416703,248092,1.0,7,-64.0,-80.0,13817.34,13817.34
2154584,212945,0.0,30,-1322.0,-1340.0,3375.0,3375.0
1568476,111780,1.0,16,-67.0,-86.0,55393.02,55393.02
2706453,180698,1.0,3,-2635.0,-2674.0,4321.44,4321.44
1435009,443433,1.0,3,-1038.0,-1035.0,32937.255,30584.88
1491214,168836,1.0,8,-1844.0,-1857.0,3148.29,3148.29
1063127,202305,1.0,25,-1772.0,-1776.0,53812.62,53812.62
1185214,157414,1.0,6,-511.0,-543.0,14216.31,14216.31
2552620,335929,1.0,4,-820.0,-853.0,7067.205,7067.205
1509950,126432,2.0,1,-407.0,-410.0,76293.63,76293.63
1366811,169489,1.0,2,-1107.0,-1114.0,29256.615,29256.615
2745773,440206,0.0,55,-1484.0,-1491.0,2250.0,2250.0
1493818,170360,0.0,39,-499.0,-499.0,27000.0,27000.0
2626792,245615,1.0,3,-1811.0,-1810.0,3762.18,3762.18
1997731,403066,1.0,6,-441.0,-448.0,11475.675,11475.675
2277937,336317,0.0,18,-397.0,-397.0,108.945,108.945
1501935,266122,1.0,9,-1059.0,-1082.0,4071.105,11.16
2536675,187309,0.0,1,-277.0,-288.0,9626.445,9626.445
2118126,451405,1.0,5,-537.0,-541.0,12568.725,12568.725
1555462,320096,0.0,145,-894.0,-897.0,4050.0,4050.0
1995633,380218,1.0,5,-2596.0,-2596.0,5255.955,5255.955
2435776,406879,1.0,5,-2914.0,-2914.0,8505.9,8505.9
1677916,433295,1.0,3,-1213.0,-1229.0,6215.22,6215.22
2618246,162432,1.0,4,-18.0,-23.0,47880.0,47880.0
2242529,118511,1.0,11,-1414.0,-1439.0,7981.605,5.58
1165004,349848,1.0,1,-1035.0,-1036.0,25120.485,25120.485
2697886,400900,4.0,11,-428.0,-428.0,51815.52,51815.52
2110709,349692,1.0,2,-414.0,-417.0,32467.5,32467.5
2792465,166152,0.0,51,-479.0,-479.0,416.61,416.61
1154326,327150,2.0,3,-208.0,-237.0,92046.105,92046.105
1405199,322355,0.0,53,-1045.0,-1045.0,16534.26,16534.26
2227074,337475,1.0,17,-217.0,-238.0,19274.085,459.855
1398827,318828,1.0,2,-1859.0,-1879.0,3802.23,3802.23
2836461,206153,1.0,3,-536.0,-540.0,19172.655,19172.655
2256181,418515,1.0,23,-367.0,-389.0,36392.85,36392.85
2557831,288912,1.0,11,-2809.0,-2809.0,4090.905,4090.905
1413750,114234,1.0,10,-969.0,-1041.0,1215.855,1215.855
2465527,134387,1.0,16,-59.0,-114.0,8408.835,8408.835
1101312,197507,1.0,4,-806.0,-809.0,9805.32,9805.32
2805812,402334,1.0,17,-249.0,-256.0,11377.98,11377.98
1466127,130143,0.0,25,-94.0,-105.0,10629.54,10629.54
1568641,158192,1.0,4,-1245.0,-1251.0,8230.815,8230.815
2552516,351886,1.0,4,-360.0,-358.0,7036.245,6544.98
1344991,236345,1.0,1,-1346.0,-1356.0,13734.09,13734.09
1201020,428781,1.0,2,-2862.0,-2867.0,5166.0,5166.0
1184815,272665,0.0,57,-1242.0,-1249.0,9000.0,9000.0
1461529,347339,0.0,96,-373.0,-373.0,310.275,310.275
1059807,104776,1.0,12,-27.0,-52.0,12449.7,12449.7
1916133,130144,1.0,1,-1110.0,-1140.0,32365.08,32365.08
2224851,247147,0.0,4,-366.0,-366.0,1248.21,1248.21
1517510,172503,1.0,1,-1307.0,-1419.0,8303.67,8303.67
1354417,387440,1.0,8,-900.0,-901.0,40059.225,40059.225
2090382,297031,0.0,84,-96.0,-96.0,40.32,40.32
1372171,123722,0.0,68,-1325.0,-1325.0,916.29,916.29
1079617,325040,0.0,61,-889.0,-889.0,711.135,711.135
1100935,261220,1.0,4,-157.0,-157.0,34494.12,34494.12
2468842,232539,0.0,146,-15.0,-15.0,131.355,131.355
2144902,133746,1.0,18,-879.0,-880.0,51139.98,51139.98
1372423,285490,0.0,49,-2451.0,-2451.0,72900.0,72900.0
1369557,185754,0.0,58,-674.0,-679.0,9450.0,9450.0
2044928,232660,1.0,5,-230.0,-231.0,4915.485,4915.485
2532331,183264,1.0,1,-2639.0,-2639.0,4166.1,4166.1
2682369,292550,3.0,12,-329.0,-352.0,5171.715,5171.715
1390038,158489,1.0,7,-435.0,-447.0,10760.22,10760.22
1267095,303779,0.0,67,-343.0,-343.0,61.38,61.38
1127095,199261,1.0,12,-495.0,-529.0,34002.0,34002.0
1211162,355439,0.0,24,-718.0,-718.0,314.01,314.01
1355031,360403,1.0,15,-1566.0,-1569.0,11863.98,11764.485
2125892,313245,1.0,19,-362.0,-377.0,7005.6,7005.6
1719314,250533,1.0,10,-454.0,-472.0,46247.13,46247.13
2051607,167645,1.0,12,-1402.0,-1394.0,6256.17,6246.54
1603399,317838,1.0,16,-389.0,-414.0,14762.79,14762.79
1406454,102767,1.0,4,-668.0,-678.0,27979.65,27979.65
2368881,347210,1.0,4,-900.0,-914.0,24472.17,24472.17
1937584,104765,0.0,44,-384.0,-378.0,9939.42,9939.42
1448359,118506,1.0,7,-1582.0,-1597.0,2887.605,2887.605
1108757,156580,1.0,11,-351.0,-396.0,14715.72,14715.72
1811865,119975,1.0,14,-1553.0,-1553.0,11120.715,11120.715
1538111,198172,0.0,53,-1864.0,-1869.0,8100.0,8100.0
1954103,405763,1.0,4,-594.0,-606.0,59914.26,59914.26
1484383,360923,3.0,16,-240.0,-244.0,28231.02,28231.02
2392870,323767,2.0,15,-376.0,-377.0,15493.77,15493.77
2138561,390120,1.0,8,-117.0,-147.0,32663.655,1308.6
1738935,187405,1.0,6,-111.0,-122.0,11285.325,11285.325
2760407,193451,1.0,4,-531.0,-540.0,18515.655,18515.655
2191493,195176,1.0,5,-1253.0,-1252.0,28283.31,28283.31
1064804,442695,1.0,1,-2485.0,-2483.0,4157.1,4157.1
1693407,268164,0.0,44,-458.0,-458.0,13.815,13.815
2341521,219664,0.0,68,-1192.0,-1222.0,67.5,67.5
1523886,444411,0.0,110,-248.0,-248.0,316.935,316.935
1152879,147790,1.0,8,-200.0,-206.0,25079.265,25079.265
1160284,276267,1.0,6,-1866.0,-1862.0,3894.075,3894.075
2725933,182368,1.0,3,-434.0,-447.0,8911.35,8911.35
1213761,174428,0.0,96,-1928.0,-1948.0,16200.0,16200.0
1239302,308402,0.0,67,-380.0,-380.0,343.17,343.17
1901889,213007,0.0,25,-311.0,-311.0,14028.615,14028.615
2645776,128162,1.0,5,-460.0,-469.0,12113.415,12113.415
1516392,340737,1.0,7,-1195.0,-1220.0,6503.805,6503.805
1559954,189236,1.0,6,-13.0,-26.0,9793.8,9793.8
2414749,443551,1.0,9,-1437.0,-1455.0,4382.55,4382.55
1412209,298640,1.0,1,-374.0,-387.0,9111.645,9111.645
1274710,356155,1.0,28,-1587.0,-1612.0,44125.065,33.48
2410895,446174,1.0,4,-480.0,-495.0,5467.41,5467.41
2002111,226902,1.0,4,-284.0,-284.0,45205.605,45205.605
1080440,234639,1.0,6,-552.0,-552.0,33231.42,33231.42
1672887,217407,1.0,14,-2001.0,-2031.0,11063.88,11063.88
2106149,317486,1.0,6,-1464.0,-1462.0,18343.575,17995.185
1238303,325717,0.0,25,-129.0,-130.0,9437.715,9437.715
1801193,335515,1.0,18,-460.0,-491.0,12763.98,957.735
1262980,275841,0.0,3,-2178.0,-2197.0,9000.0,9000.0
1877182,443937,1.0,1,-351.0,-367.0,7823.88,7823.88
1112889,264088,0.0,3,-2373.0,-2396.0,6750.0,6750.0
2221521,393269,2.0,23,-54.0,-70.0,21783.42,21783.42
1925899,231027,0.0,18,-2013.0,-2019.0,9000.0,9000.0
2536402,220880,0.0,21,-200.0,-209.0,8870.625,5720.625
2528469,223771,0.0,32,-2691.0,-2700.0,5400.0,5400.0
2745643,103285,0.0,93,-304.0,-304.0,1.215,1.215
1683137,328703,1.0,4,-876.0,-900.0,17041.41,17041.41
1046809,235050,7.0,13,-110.0,-124.0,41265.0,41265.0
2234099,379365,1.0,5,-2036.0,-2066.0,9243.0,139.5
2295140,308141,1.0,9,-2621.0,-2621.0,10638.945,10638.945
2575308,325656,1.0,10,-1093.0,-1110.0,9273.42,9273.42
2640797,373815,0.0,126,-1532.0,-1532.0,11863.125,11863.125
1517061,419113,1.0,4,-667.0,-680.0,9974.61,9974.61
1060766,153704,0.0,71,-1751.0,-1751.0,225.0,225.0
1227271,141892,0.0,25,-95.0,-95.0,44.1,44.1
1438419,240470,1.0,7,-1583.0,-1609.0,13516.65,13516.65
1522608,393078,1.0,1,-2002.0,-2014.0,5714.865,5714.865
1252164,224641,3.0,12,-68.0,-76.0,24554.61,24554.61
2204877,399259,0.0,84,-519.0,-519.0,7042.95,7042.95
2273181,191883,1.0,12,-1228.0,-1239.0,35901.495,2866.005
1290974,419631,1.0,7,-13.0,-15.0,12041.595,12041.595
1126362,436941,0.0,52,-809.0,-809.0,680.535,680.535
2352783,397916,1.0,25,-170.0,-230.0,5254.2,5254.2
2305235,307526,0.0,32,-366.0,-375.0,23142.465,23142.465
2703947,136728,1.0,3,-1231.0,-1251.0,7767.45,7767.45
1681412,416950,1.0,15,-551.0,-591.0,7810.47,7810.47
2349391,412501,1.0,2,-1478.0,-1486.0,4400.55,4400.55
2818908,400725,0.0,50,-1900.0,-1914.0,4500.0,4500.0
1105551,267006,0.0,25,-1702.0,-1702.0,1453.545,1453.545
1133008,378189,0.0,13,-2679.0,-2694.0,3375.0,3375.0
2387462,236945,1.0,2,-570.0,-570.0,74038.23,74038.23
2809906,249865,0.0,2,-2892.0,-2911.0,3375.0,3375.0
1610532,318657,0.0,19,-63.0,-66.0,3981.78,3981.78
2287978,387209,0.0,60,-655.0,-679.0,9000.0,9000.0
2387292,292630,1.0,32,-565.0,-568.0,14958.0,14958.0
2115397,183308,0.0,57,-1066.0,-1091.0,4500.0,4500.0
2045194,149279,0.0,95,-1478.0,-1479.0,10800.0,10800.0
2582180,172771,2.0,2,-218.0,-219.0,107054.73,131737.5
1101654,419603,1.0,5,-1989.0,-2025.0,6393.555,6393.555
2240785,173259,1.0,4,-606.0,-613.0,34641.99,34641.99
1855757,245806,0.0,13,-21.0,-19.0,36722.34,2.34
2622712,189473,1.0,7,-1051.0,-1070.0,8577.18,8577.18
1922497,370258,2.0,8,-647.0,-658.0,15934.68,15934.68
2194551,424238,3.0,3,-148.0,-149.0,18085.5,18085.5
2447981,146623,1.0,4,-2489.0,-2493.0,5344.83,5344.83
2362553,103295,1.0,18,-88.0,-97.0,48613.14,48613.14
1308071,284487,0.0,111,-387.0,-387.0,67.725,67.725
1261195,377362,0.0,17,-2502.0,-2507.0,7333.29,7333.29
2567396,398786,1.0,9,-2049.0,-2057.0,10977.885,10977.885
2464730,187654,1.0,4,-623.0,-625.0,6968.295,6968.295
1811843,228906,1.0,2,-664.0,-676.0,16550.505,16550.505
1131986,158807,0.0,2,-418.0,-422.0,2250.0,2250.0
2130323,285120,1.0,9,-1696.0,-1694.0,10849.86,10670.715
2605489,452664,1.0,16,-935.0,-945.0,16650.405,16650.405
1206905,116408,8.0,7,-887.0,-888.0,77947.65,77947.65
2552297,382495,0.0,70,-2005.0,-2005.0,1125.0,1125.0
1398086,412537,1.0,11,-213.0,-239.0,7850.295,278.82
1152158,202807,0.0,111,-378.0,-387.0,131.94,89.01
2126710,137478,1.0,21,-183.0,-205.0,24650.1,24650.1
2580390,285953,0.0,49,-1207.0,-1207.0,116.775,116.775
1067311,422431,2.0,16,-1033.0,-1044.0,553914.135,553914.135
1452922,317461,2.0,11,-1362.0,-1376.0,7491.285,7491.285
2360118,312707,0.0,26,-57.0,-57.0,139.77,139.77
1071620,445253,2.0,1,-163.0,-173.0,142631.415,162000.0
1897315,411283,1.0,1,-115.0,-139.0,14997.375,14997.375
1421305,402458,1.0,1,-730.0,-740.0,24092.775,24092.775
2450044,361439,1.0,15,-34.0,-30.0,11204.19,128.07
1976532,261758,0.0,28,-1986.0,-1987.0,9000.0,9000.0
1636396,411655,1.0,5,-1662.0,-1669.0,4424.895,4424.895
1305075,426657,1.0,1,-1448.0,-1462.0,28765.8,28765.8
1249089,218268,1.0,3,-1926.0,-1946.0,3560.625,3560.625
1772400,116828,1.0,3,-74.0,-104.0,13639.86,13639.86
2360314,343006,1.0,1,-683.0,-694.0,11701.125,11701.125
2835065,391266,1.0,2,-1372.0,-1370.0,29359.44,29333.79
2384177,110738,1.0,5,-949.0,-959.0,8947.125,8947.125
1361036,135361,1.0,10,-2755.0,-2763.0,10976.085,10976.085
1226503,198592,1.0,11,-1684.0,-1682.0,12360.87,12354.57
1214526,320501,0.0,77,-1421.0,-1421.0,9000.0,9000.0
2676133,129274,0.0,110,-812.0,-812.0,216.81,216.81
2594442,117081,0.0,1,-135.0,-135.0,12600.0,12600.0
1848474,182366,0.0,3,-2682.0,-2699.0,6750.0,6750.0
1384427,190003,1.0,14,-946.0,-943.0,27444.915,27419.31
1239975,227369,1.0,9,-2409.0,-2401.0,7995.69,29.88
1013188,344054,3.0,5,-2680.0,-2680.0,5797.845,5797.845
2510011,405663,1.0,12,-1092.0,-1108.0,13909.905,4078.71
1825756,434285,1.0,2,-678.0,-700.0,10844.19,10844.19
1212856,153401,1.0,5,-535.0,-547.0,15716.655,15716.655
1874860,345073,1.0,6,-436.0,-457.0,14226.57,14226.57
1127092,426083,1.0,12,-75.0,-98.0,2972.16,2972.16
1562467,184314,1.0,1,-1026.0,-1036.0,15156.675,15156.675
1238583,422991,1.0,11,-639.0,-654.0,33200.19,33200.19
2578155,218812,0.0,28,-128.0,-128.0,105.435,105.435
1235612,112219,0.0,48,-1957.0,-1957.0,11250.0,11250.0
1418483,346909,0.0,40,-83.0,-83.0,35.685,35.685
2043908,324262,1.0,3,-572.0,-574.0,83345.04,83345.04
1355981,337314,3.0,10,-624.0,-628.0,60003.675,60003.675
1220416,180327,1.0,17,-695.0,-702.0,15022.8,15022.8
1452996,314175,1.0,5,-215.0,-239.0,8138.34,8138.34
1697247,199117,1.0,6,-526.0,-531.0,4765.275,4765.275
1895910,225848,1.0,1,-113.0,-127.0,5821.02,5821.02
2174509,106965,0.0,32,-1679.0,-1679.0,1125.0,1125.0
1106310,139767,0.0,96,-169.0,-169.0,20250.0,20250.0
1716586,214893,0.0,2,-227.0,-227.0,34.515,34.515
2386559,257356,0.0,86,-1308.0,-1308.0,9035.415,9035.415
1492083,106502,1.0,5,-1681.0,-1695.0,3414.285,3414.285
1766446,387621,0.0,22,-2231.0,-2240.0,3375.0,3375.0
2152953,121235,0.0,97,-519.0,-519.0,4500.0,4500.0
1377406,101492,1.0,5,-273.0,-291.0,6110.1,6110.1
2262975,312560,0.0,56,-1602.0,-1593.0,9000.0,9000.0
2229492,179917,0.0,4,-1148.0,-1148.0,1788.615,1788.615
1510660,402470,1.0,2,-1230.0,-1234.0,7156.35,7018.65
1544638,424253,0.0,44,-1702.0,-1702.0,138.915,138.915
2673388,277246,1.0,7,-130.0,-135.0,9202.005,9202.005
1112111,451454,1.0,4,-1138.0,-1141.0,14899.95,14899.95
1425923,351682,1.0,3,-1473.0,-1498.0,6605.73,6605.73
1566137,419455,1.0,9,-1099.0,-1125.0,3910.365,3910.365
1773304,389912,1.0,3,-2820.0,-2829.0,1689.39,1689.39
1008064,351121,1.0,6,-328.0,-332.0,23584.77,23584.77
2394777,384996,1.0,3,-2489.0,-2501.0,7869.015,7869.015
1983713,135664,1.0,2,-2502.0,-2512.0,5746.095,5746.095
2335083,432851,1.0,19,-290.0,-317.0,56329.065,250.965
2245962,227206,1.0,5,-181.0,-211.0,5805.405,5805.405
1595655,117876,1.0,8,-1754.0,-1769.0,3348.045,3348.045
1906211,423504,1.0,6,-2007.0,-2001.0,4688.595,4688.595
2262585,227783,0.0,75,-492.0,-492.0,177.795,177.795
1600574,254771,1.0,4,-2053.0,-2059.0,4723.155,4723.155
1488002,165261,1.0,7,-1968.0,-2000.0,5099.4,5099.4
2272856,142667,1.0,8,-107.0,-117.0,15225.48,144000.0
1294099,197660,0.0,91,-1284.0,-1292.0,13500.0,13500.0
2817424,378313,1.0,10,-43.0,-126.0,6919.56,6919.56
1779578,431707,1.0,6,-1740.0,-1749.0,12511.665,12511.665
1959681,246638,1.0,4,-302.0,-300.0,21149.505,21149.505
2821978,331794,1.0,4,-855.0,-865.0,5998.905,5998.905
1438932,161155,0.0,75,-1041.0,-1041.0,52.245,52.245
1369209,454792,1.0,5,-969.0,-980.0,18201.645,18201.645
1361792,199104,1.0,11,-1481.0,-1482.0,18702.495,18702.495
2062022,119421,1.0,2,-432.0,-440.0,5665.95,5665.95
1226895,421737,0.0,8,-2207.0,-2207.0,2250.0,2250.0
2451850,144387,1.0,19,-152.0,-148.0,14202.36,8457.345
2189015,364919,0.0,41,-2310.0,-2322.0,7875.0,7875.0
2679195,308717,3.0,11,-774.0,-776.0,32070.825,32070.825
1932196,307910,1.0,38,-179.0,-183.0,24231.24,24231.24
2428986,116164,1.0,5,-1980.0,-1985.0,3762.09,3762.09
2103621,249210,1.0,9,-2134.0,-2162.0,3145.23,3145.23
1933817,232062,1.0,2,-613.0,-643.0,24063.885,24063.885
2517010,366200,1.0,2,-2347.0,-2357.0,33546.015,33546.015
1645480,182607,0.0,35,-1871.0,-1871.0,95.22,95.22
1766340,422042,0.0,20,-794.0,-794.0,11250.0,11250.0
1061240,405175,1.0,19,-957.0,-959.0,8540.955,8540.955
2344529,182418,5.0,19,-46.0,-86.0,25185.87,25185.87
2517587,155784,1.0,8,-1641.0,-1664.0,15896.205,2175.39
1223695,213951,0.0,34,-1537.0,-1538.0,6750.0,6750.0
1159923,439206,0.0,34,-458.0,-458.0,3.15,3.15
2730857,333971,1.0,6,-472.0,-488.0,30205.35,30205.35
1171306,166779,1.0,2,-1706.0,-1706.0,3733.56,3733.56
1777491,430722,1.0,6,-1651.0,-1656.0,7950.015,7950.015
1542769,152698,1.0,2,-228.0,-237.0,4980.195,4980.195
2009952,263611,1.0,4,-2065.0,-2067.0,3881.34,3881.34
1282509,247728,0.0,105,-921.0,-927.0,9000.0,2737.44
2196684,231060,1.0,7,-1098.0,-1103.0,28633.32,28633.32
2014833,345213,1.0,30,-152.0,-151.0,43110.63,43110.63
2720429,279548,0.0,69,-1450.0,-1456.0,9000.0,9000.0
2813729,447730,1.0,10,-1162.0,-1179.0,3953.25,3953.25
2070216,237745,1.0,3,-1484.0,-1494.0,38370.555,38370.555
2539790,128491,1.0,2,-2921.0,-2921.0,2908.26,2908.26
1220521,363505,2.0,4,-154.0,-169.0,28075.725,28075.725
1964310,114228,1.0,7,-689.0,-687.0,58839.03,58713.21
2309848,301188,1.0,11,-1689.0,-1694.0,14657.49,14657.49
1817790,265450,0.0,51,-2220.0,-2220.0,2700.0,2700.0
1645420,215907,1.0,4,-1463.0,-1470.0,11598.165,11598.165
2691172,274464,0.0,8,-1588.0,-1584.0,7875.0,7875.0
1959094,203069,1.0,3,-1669.0,-1670.0,4885.965,4885.965
1669321,298440,1.0,5,-2143.0,-2156.0,10567.755,10567.755
2707259,400114,0.0,5,-487.0,-503.0,22874.13,22874.13
2769816,160394,1.0,4,-692.0,-693.0,16057.575,16057.575
1003070,271486,1.0,16,-330.0,-399.0,25075.575,25075.575
1210855,119314,1.0,8,-1041.0,-1055.0,4978.71,4978.71
2252665,179981,3.0,5,-206.0,-211.0,10833.255,10833.255
1261452,100329,0.0,16,-2380.0,-2380.0,405.045,405.045
2527292,409098,1.0,23,-503.0,-507.0,34303.545,300.69
2172804,287988,2.0,18,-42.0,-51.0,6322.86,6322.86
1027482,100416,0.0,74,-1571.0,-1571.0,7159.365,7159.365
2627071,299357,0.0,87,-1149.0,-1149.0,1182.645,1182.645
1669113,371097,0.0,24,-2842.0,-2842.0,18000.0,18000.0
1385419,303144,0.0,25,-2343.0,-2348.0,4500.0,4500.0
1109783,123828,1.0,4,-252.0,-254.0,7215.345,7215.345
2728380,203277,1.0,2,-1104.0,-1118.0,3710.88,3710.88
1564642,238903,1.0,2,-2546.0,-2541.0,2905.245,2905.245
2119373,383986,1.0,16,-1261.0,-1283.0,12585.465,12585.465
1134067,293785,1.0,2,-616.0,-624.0,42460.155,42460.155
1656085,119528,1.0,4,-479.0,-482.0,2183.895,2183.895
2613045,303479,1.0,4,-783.0,-789.0,70253.91,70253.91
1292713,338298,3.0,2,-219.0,-247.0,9547.65,9547.65
1624627,211536,1.0,3,-590.0,-590.0,8217.9,8217.9
2374593,416469,1.0,1,-147.0,-161.0,15953.13,15953.13
2243170,315254,0.0,24,-1692.0,-1692.0,392.49,392.49
2745332,228203,0.0,51,-1872.0,-1877.0,3375.0,3375.0
1033011,428697,1.0,3,-1271.0,-1275.0,9954.45,9954.45
1180946,433731,1.0,2,-446.0,-458.0,11174.31,11174.31
1039460,248867,1.0,8,-218.0,-226.0,14256.09,14256.09
1212342,448585,0.0,37,-1940.0,-1949.0,9000.0,9000.0
1824945,264317,1.0,2,-1111.0,-1103.0,13893.255,8993.205
2518432,301870,1.0,11,-670.0,-698.0,9804.285,9282.15
1711457,267585,1.0,3,-1876.0,-1880.0,15806.925,15806.925
2050701,324769,1.0,4,-2495.0,-2509.0,5950.845,5950.845
1446441,357182,1.0,6,-1991.0,-2001.0,7103.475,7103.475
1017054,358860,1.0,7,-861.0,-861.0,36731.475,36731.475
2233197,180232,1.0,1,-348.0,-352.0,27662.85,27662.85
2035904,194112,1.0,2,-1499.0,-1510.0,3593.385,3593.385
2754491,103213,0.0,5,-304.0,-323.0,2863.26,2863.26
1029827,243513,0.0,2,-1969.0,-1974.0,9000.0,9000.0
1127224,288873,2.0,1,-606.0,-615.0,18117.0,18117.0
1350912,110468,1.0,2,-174.0,-184.0,7130.115,7130.115
2513383,124982,1.0,13,-960.0,-973.0,15828.84,15828.84
1560068,113870,0.0,59,-1779.0,-1779.0,153.495,153.495
2390428,247940,1.0,4,-1505.0,-1511.0,13562.325,13562.325
1430491,424514,1.0,4,-134.0,-143.0,3592.305,3592.305
1052892,138723,1.0,10,-668.0,-672.0,33793.02,33793.02
1227196,180262,1.0,6,-595.0,-624.0,15118.875,8730.945
2495256,211857,1.0,21,-325.0,-326.0,15981.93,15981.93
1789449,293133,1.0,6,-449.0,-443.0,23371.875,23231.25
1359768,205732,1.0,3,-631.0,-645.0,22697.325,22697.325
1463424,297546,2.0,12,-279.0,-278.0,3697.74,3697.74
1898503,117541,1.0,8,-2420.0,-2430.0,5222.025,5222.025
1139593,342234,1.0,9,-2129.0,-2139.0,3912.165,3912.165
1485579,336072,1.0,1,-1384.0,-1393.0,45883.8,45883.8
1517489,235716,1.0,1,-2033.0,-2047.0,3794.445,3794.445
2770070,438393,1.0,7,-1858.0,-1862.0,3356.01,3356.01
1438182,291973,1.0,1,-2181.0,-2199.0,4600.89,4600.17
2014968,278632,1.0,1,-859.0,-886.0,10307.52,10307.52
1208889,350038,0.0,5,-2279.0,-2272.0,1354.95,1354.5
2035266,368947,1.0,17,-979.0,-981.0,23580.0,23580.0
1725755,188425,1.0,15,-80.0,-97.0,8418.96,8418.96
2065949,421350,1.0,12,-1714.0,-1708.0,20352.51,20333.565
2662492,115763,3.0,6,-178.0,-196.0,13671.855,13671.855
1184253,248662,1.0,2,-2652.0,-2705.0,5712.84,5712.84
2627224,155667,0.0,4,-2256.0,-2265.0,5625.0,5625.0
2621948,398043,0.0,18,-2442.0,-2447.0,6750.0,6750.0
1987201,363778,1.0,2,-1085.0,-1089.0,5173.335,5173.335
1776415,436929,0.0,8,-2811.0,-2811.0,3375.0,3375.0
1446786,139741,0.0,109,-764.0,-764.0,1262.88,1262.88
2668308,102014,1.0,14,-38.0,-39.0,1773.72,1773.72
2415295,383618,1.0,10,-2546.0,-2547.0,5701.995,5701.995
1806420,155310,1.0,6,-2488.0,-2490.0,7044.165,7044.165
2028152,356948,0.0,59,-1614.0,-1614.0,5665.905,5665.905
1132906,237044,1.0,16,-393.0,-404.0,30731.4,30731.4
2766236,298728,1.0,3,-1016.0,-1003.0,10748.835,10646.505
1985640,361092,1.0,7,-1795.0,-1813.0,6906.825,6906.825
1839462,148522,0.0,71,-1304.0,-1333.0,1136.745,1136.745
2630393,279164,1.0,4,-1438.0,-1422.0,5935.41,26.64
2334960,214784,1.0,6,-1058.0,-1078.0,6672.465,6672.465
2737530,309964,1.0,2,-921.0,-933.0,16880.805,16880.805
1388977,303058,0.0,74,-1545.0,-1545.0,196.425,196.425
1216915,138025,1.0,1,-283.0,-296.0,6654.78,6654.78
2480334,263274,1.0,20,-9.0,-12.0,5043.195,5043.195
2459609,288058,1.0,13,-593.0,-602.0,16712.28,16712.28
1575589,392756,0.0,92,-1177.0,-1177.0,216.63,216.63
1245623,202836,1.0,1,-389.0,-398.0,12419.235,12419.235
2283870,426405,1.0,13,-271.0,-279.0,23381.82,23381.82
2567056,366614,0.0,6,-152.0,-152.0,151.425,151.425
2474818,341055,1.0,9,-1726.0,-1737.0,3962.61,3962.61
1614458,321955,1.0,17,-378.0,-374.0,39698.91,9853.245
2589327,255704,1.0,8,-1358.0,-1389.0,9828.18,9828.18
2775989,222199,0.0,40,-1862.0,-1860.0,5040.0,3330.0
1461235,115457,0.0,10,-2579.0,-2583.0,16.155,16.155
2644904,259480,1.0,11,-386.0,-385.0,20204.865,20204.865
1282614,454182,0.0,2,-1225.0,-1225.0,40.14,40.14
2536148,207175,2.0,5,-145.0,-150.0,61893.99,61893.99
2598028,383977,0.0,42,-1511.0,-1511.0,1132.695,1132.695
1975994,425284,1.0,3,-588.0,-595.0,6044.85,6044.85
2643074,111280,1.0,4,-2524.0,-2531.0,6397.56,6397.56
1504031,124978,1.0,4,-2540.0,-2540.0,5540.94,5540.94
2628044,198066,0.0,41,-2183.0,-2183.0,143.64,143.64
1932564,142757,1.0,11,-864.0,-864.0,22340.88,22340.88
2400570,220709,1.0,4,-132.0,-155.0,13608.045,1475.865
1231551,313893,1.0,4,-2073.0,-2095.0,21774.24,21774.24
2491280,225582,1.0,2,-367.0,-394.0,5204.115,5204.115
2705261,162135,1.0,8,-2543.0,-2549.0,1938.825,1938.825
1447241,139976,1.0,5,-1578.0,-1583.0,22766.13,22766.13
2818531,112867,1.0,4,-132.0,-152.0,10724.355,10724.355
1848680,376434,1.0,13,-69.0,-81.0,5559.66,5559.66
1035798,203715,2.0,4,-691.0,-711.0,17699.4,36449.55
1665214,238275,3.0,12,-265.0,-284.0,23543.55,23543.55
1061367,324532,0.0,44,-560.0,-560.0,198.675,198.675
1340025,310121,1.0,6,-1660.0,-1694.0,14910.93,14910.93
1864194,434124,1.0,5,-875.0,-877.0,14363.19,14363.19
1259974,326807,0.0,25,-666.0,-666.0,1791.135,1791.135
1843715,287569,1.0,11,-270.0,-300.0,10461.42,1585.8
1316911,279375,2.0,11,-729.0,-750.0,3825.0,3825.0
2343765,414761,1.0,2,-1969.0,-1986.0,14973.12,14973.12
1083785,389788,1.0,8,-1620.0,-1623.0,2605.725,2605.725
1455542,223605,0.0,23,-1720.0,-1723.0,6750.0,6750.0
2826731,420351,1.0,24,-1184.0,-1178.0,2914.29,2824.245
2258708,261173,0.0,28,-61.0,-62.0,9214.02,9214.02
2344922,288090,1.0,6,-287.0,-297.0,27646.785,27646.785
1568935,138817,1.0,24,-873.0,-886.0,28894.95,28894.95
1625299,243101,1.0,19,-79.0,-88.0,18523.215,18523.215
1011743,194147,1.0,12,-1959.0,-1992.0,6826.95,6826.95
1923760,106249,0.0,93,-704.0,-704.0,213.03,213.03
1293192,161430,1.0,8,-36.0,-46.0,11089.62,11089.62
1265280,449554,0.0,56,-81.0,-86.0,4140.9,4140.9
1592003,100697,0.0,19,-2387.0,-2387.0,260.64,260.64
2239418,266548,0.0,64,-1751.0,-1751.0,344.835,344.835
1377128,312902,1.0,8,-388.0,-391.0,3035.61,3035.61
1003088,231106,0.0,26,-2733.0,-2733.0,27.99,27.99
1561584,115392,1.0,6,-375.0,-402.0,5846.805,5846.805
1771308,101254,1.0,9,-1213.0,-1212.0,3339.09,3339.09
2725212,284321,1.0,7,-724.0,-783.0,20466.0,20466.0
2682522,347245,1.0,3,-971.0,-994.0,5521.05,5521.05
2192300,451030,1.0,2,-227.0,-241.0,20456.55,20456.55
2822012,197224,1.0,1,-1237.0,-1254.0,14539.5,14539.5
2789442,202722,0.0,76,-1230.0,-1230.0,3550.59,3550.59
1688269,188668,0.0,29,-660.0,-666.0,6611.4,6518.25
2126644,333240,0.0,44,-188.0,-188.0,6648.93,6648.93
2300782,160996,1.0,27,-49.0,-49.0,43442.865,43442.865
1545226,294350,0.0,82,-502.0,-502.0,2664.54,2664.54
1008800,359548,1.0,3,-824.0,-832.0,5006.07,5006.07
1255280,423756,0.0,109,-309.0,-309.0,217.575,217.575
1489035,253831,1.0,1,-231.0,-241.0,9478.935,9478.935
1569255,338457,1.0,4,-2843.0,-2842.0,5570.46,5515.155
1236624,367282,1.0,3,-2769.0,-2769.0,9719.505,9719.505
1640065,363227,0.0,40,-1099.0,-1099.0,192.735,192.735
1772396,427042,1.0,1,-1673.0,-1684.0,31009.545,31009.545
2142477,189242,0.0,75,-1259.0,-1273.0,9000.0,9000.0
2642275,202101,1.0,11,-1109.0,-1190.0,15991.065,15991.065
2629373,353567,1.0,11,-863.0,-894.0,9264.87,9264.87
1292665,209064,1.0,4,-2365.0,-2366.0,13114.98,13114.98
2759641,321193,1.0,7,-1645.0,-1671.0,32433.885,32433.885
2791264,265859,1.0,10,-1121.0,-1129.0,4456.305,4456.305
1332426,371973,1.0,7,-2526.0,-2526.0,7783.74,7783.74
2379584,323217,1.0,26,-177.0,-181.0,29291.265,29291.265
2094755,428219,1.0,13,-506.0,-528.0,11093.265,11093.265
1684862,397379,1.0,23,-152.0,-154.0,3196.35,3196.35
2173345,109148,1.0,9,-1449.0,-1459.0,11589.615,11589.615
1872753,333755,0.0,39,-613.0,-613.0,1.26,1.26
1317417,384230,1.0,1,-2601.0,-2608.0,6026.76,6026.76
1769341,221487,0.0,120,-870.0,-888.0,9000.0,9000.0
2714167,337695,1.0,10,-1865.0,-1863.0,4845.825,4582.35
1182125,416023,1.0,2,-1683.0,-1701.0,3828.105,3828.105
2720131,445351,1.0,5,-1826.0,-1827.0,5155.425,5155.425
2484214,307093,0.0,65,-985.0,-985.0,3733.065,3733.065
1855773,425884,1.0,3,-2363.0,-2371.0,45900.135,45900.135
1075486,164736,1.0,3,-802.0,-800.0,6796.98,6660.045
1151850,107137,0.0,24,-2203.0,-2203.0,2250.0,2250.0
1025874,414873,1.0,7,-1502.0,-1510.0,7751.88,7751.88
2818290,263624,1.0,9,-293.0,-292.0,67763.565,67763.565
1846371,286130,1.0,20,-70.0,-71.0,33116.76,33116.76
2593088,406416,1.0,4,-717.0,-744.0,2931.165,2931.165
2769893,225212,1.0,29,-27.0,-34.0,17496.0,17496.0
1936827,438694,1.0,16,-1909.0,-1918.0,12054.195,12054.195
1435628,157464,1.0,4,-871.0,-869.0,22612.635,21150.54
1286867,209370,0.0,31,-237.0,-238.0,15750.0,15750.0
1415259,235910,1.0,11,-1405.0,-1415.0,11933.055,11933.055
1312053,237985,0.0,9,-1114.0,-1112.0,22500.0,22500.0
2703612,333317,2.0,4,-595.0,-625.0,21959.865,272.97
1234393,264407,1.0,1,-257.0,-271.0,5556.285,5556.285
1295740,311866,1.0,2,-1922.0,-1932.0,31452.075,31452.075
2820722,291831,0.0,13,-77.0,-83.0,3225.69,3225.69
1062000,216953,1.0,4,-1161.0,-1140.0,10674.765,195.795
2408515,117151,0.0,45,-1453.0,-1453.0,460.755,460.755
1382457,167596,1.0,3,-390.0,-398.0,32404.995,32404.995
1232725,344648,0.0,26,-169.0,-175.0,7491.96,7491.96
2063283,255198,1.0,10,-2302.0,-2274.0,17027.64,16272.9
2578441,112583,1.0,6,-1885.0,-1885.0,8834.13,8834.13
2638230,223991,1.0,9,-748.0,-786.0,7820.505,615.96
1254957,256473,1.0,11,-423.0,-425.0,45220.725,45220.725
2640125,376617,1.0,10,-2573.0,-2577.0,7834.86,7834.86
1762104,301759,4.0,9,-428.0,-446.0,77633.775,77633.775
2261343,374856,1.0,11,-189.0,-208.0,12054.87,12054.87
1993314,439357,1.0,5,-212.0,-225.0,29164.14,29164.14
2174688,107833,0.0,101,-647.0,-633.0,13500.0,9000.0
2763200,179586,1.0,2,-43.0,-41.0,8361.585,8138.835
1947864,328962,1.0,12,-338.0,-338.0,14950.485,116.91
2662551,232912,0.0,95,-936.0,-932.0,2250.0,2250.0
2189184,157106,0.0,48,-536.0,-536.0,2162.925,2162.925
1208459,119166,1.0,8,-2827.0,-2855.0,2083.275,2083.275
1824959,276080,1.0,3,-2382.0,-2391.0,2328.255,2328.255
2444918,194527,1.0,4,-2471.0,-2503.0,21744.45,21744.45
1447519,111723,0.0,68,-1163.0,-1169.0,4050.0,4050.0
1589309,311466,1.0,1,-1039.0,-1045.0,5544.0,5544.0
1428958,123614,1.0,8,-641.0,-644.0,44617.5,44617.5
1635384,100233,2.0,6,-314.0,-315.0,498877.2,498877.2
1005233,328875,1.0,2,-881.0,-893.0,47097.225,47097.225
2390564,210495,0.0,26,-2022.0,-2022.0,889.695,889.695
2245450,222842,1.0,4,-2542.0,-2575.0,5944.5,547.155
1417049,163908,1.0,5,-1121.0,-1128.0,8623.53,8623.53
1242410,167576,0.0,69,-521.0,-521.0,424.44,424.44
2760999,345273,1.0,1,-2575.0,-2594.0,5019.57,5019.57
1406806,227704,1.0,11,-191.0,-225.0,7480.575,7480.575
1846591,374086,0.0,69,-1344.0,-1352.0,9000.0,9000.0
2254063,306941,0.0,4,-557.0,-557.0,13901.175,13901.175
2133314,262311,2.0,12,-295.0,-295.0,475415.37,475415.37
1574113,231029,0.0,13,-2916.0,-2905.0,4050.0,4050.0
2415547,200545,0.0,2,-199.0,-215.0,2250.0,2250.0
1165896,179363,1.0,22,-386.0,-401.0,8775.09,8775.09
1869461,276136,1.0,5,-2111.0,-2147.0,2455.2,2455.2
1715956,243014,1.0,9,-582.0,-579.0,9371.115,8565.75
2027542,260603,0.0,100,-150.0,-150.0,166.77,166.77
2777394,218912,0.0,116,-226.0,-226.0,220.275,220.275
2085630,375169,0.0,44,-121.0,-122.0,17162.01,17162.01
1030372,263663,1.0,4,-273.0,-275.0,3305.655,3305.655
1388977,303058,0.0,71,-1637.0,-1637.0,196.425,196.425
1338588,326742,1.0,3,-2182.0,-2189.0,4907.835,4907.835
1556045,399841,0.0,110,-181.0,-197.0,6750.0,6750.0
2003022,418146,0.0,64,-1256.0,-1277.0,9000.0,9000.0
2741894,152714,0.0,78,-651.0,-651.0,6750.0,6750.0
1163734,178852,0.0,7,-1265.0,-1268.0,13146.435,13146.435
1421648,118105,1.0,1,-321.0,-327.0,8210.34,8210.34
1133380,205839,1.0,8,-182.0,-190.0,11159.46,11159.46
2833042,444548,1.0,1,-1302.0,-1329.0,19653.03,19653.03
2054150,152362,1.0,2,-716.0,-739.0,12580.74,12580.74
2404771,366981,0.0,16,-182.0,-182.0,94500.0,94500.0
1234478,199230,0.0,30,-1784.0,-1793.0,9000.0,9000.0
1287441,301240,1.0,18,-168.0,-224.0,8718.3,8718.3
1230089,303612,1.0,8,-256.0,-317.0,2718.765,2718.765
1085805,245634,12.0,7,-16.0,-16.0,490.86,45000.0
2669624,122434,0.0,91,-467.0,-467.0,450.0,450.0
1723316,109320,1.0,12,-2047.0,-2052.0,5607.18,5607.18
1716207,436150,1.0,6,-1372.0,-1406.0,12084.255,12084.255
2390569,385164,0.0,167,-279.0,-279.0,953.325,953.325
1087465,210004,1.0,7,-1722.0,-1726.0,4272.93,4272.93
2580229,374314,0.0,8,-579.0,-579.0,19652.85,19652.85
1308076,428695,1.0,3,-1034.0,-1041.0,5751.99,5751.99
2095410,122492,3.0,11,-381.0,-385.0,5753.745,5753.745
1024295,448899,0.0,35,-787.0,-786.0,8284.23,8284.23
1843199,369835,0.0,86,-512.0,-512.0,211.41,211.41
1974298,179611,1.0,4,-2137.0,-2170.0,12419.775,12419.775
2319458,291821,3.0,5,-321.0,-303.0,18773.955,113.445
2301201,232229,1.0,4,-1264.0,-1282.0,3829.32,3820.68
2340179,308020,1.0,17,-2267.0,-2268.0,7262.73,7259.895
1928604,305017,1.0,5,-2668.0,-2668.0,6767.595,6767.595
1263151,300585,0.0,82,-1306.0,-1306.0,1.89,1.89
1500265,455044,1.0,4,-426.0,-441.0,8861.085,8861.085
1704057,115347,1.0,5,-291.0,-304.0,30691.395,30691.395
1240109,363747,0.0,75,-1451.0,-1451.0,290.16,290.16
1515940,118134,1.0,6,-1055.0,-1062.0,18033.075,18033.075
1874061,265287,1.0,1,-318.0,-325.0,17772.345,17772.345
1029572,284919,0.0,72,-962.0,-962.0,6750.0,6750.0
2652032,310516,0.0,48,-221.0,-222.0,20120.58,8775.0
2502846,383993,0.0,19,-2093.0,-2093.0,2155.14,2155.14
2241437,434988,1.0,2,-26.0,-32.0,6313.815,6313.815
1328451,203775,1.0,4,-194.0,-204.0,3617.595,3617.595
1716677,201242,1.0,3,-749.0,-807.0,14075.235,14075.235
1061907,450104,1.0,3,-458.0,-462.0,9426.24,9426.24
1435407,329682,0.0,107,-490.0,-490.0,606.51,606.51
1840540,162631,0.0,12,-115.0,-115.0,2084.76,2084.76
2247720,245252,1.0,2,-368.0,-372.0,66406.365,333000.0
2238739,449917,1.0,1,-1511.0,-1523.0,2889.9,2889.9
1743378,292130,1.0,4,-570.0,-582.0,12831.75,12831.75
2107571,448682,1.0,17,-597.0,-598.0,30181.5,30181.5
1493590,180585,1.0,16,-171.0,-178.0,29107.44,333000.0
2377928,401341,1.0,7,-2013.0,-2004.0,7519.275,7516.35
2304972,357957,0.0,61,-1805.0,-1805.0,1821.42,1821.42
2622855,348220,1.0,3,-439.0,-486.0,5006.295,5006.295
2178638,151934,0.0,37,-1954.0,-1955.0,9000.0,9000.0
2305481,126111,1.0,1,-1057.0,-1074.0,11001.06,11001.06
2812902,119488,1.0,5,-457.0,-457.0,2785.05,2785.05
2572290,255771,1.0,2,-437.0,-448.0,2693.43,2693.43
1029676,205588,1.0,10,-1682.0,-1688.0,10501.83,10501.83
1113513,340469,1.0,7,-502.0,-511.0,50404.95,50404.95
2199608,131970,1.0,7,-1606.0,-1622.0,13198.635,13198.635
2517723,187405,2.0,4,-1534.0,-1542.0,31729.905,31729.905
2202787,237719,1.0,5,-517.0,-528.0,5979.735,5979.735
1605241,107088,0.0,17,-360.0,-376.0,7471.17,7471.17
1302491,406690,0.0,109,-98.0,-98.0,108.45,108.45
2687557,272455,0.0,117,-183.0,-183.0,234.54,234.54
1916338,183289,1.0,3,-413.0,-430.0,38770.65,38770.65
2374554,336378,1.0,1,-957.0,-985.0,42176.295,42176.295
1846039,453723,1.0,6,-758.0,-760.0,26077.32,26077.32
2451293,261163,2.0,10,-2858.0,-2858.0,10953.135,10953.135
2690154,408241,1.0,3,-504.0,-515.0,26197.47,26197.47
2162385,216344,0.0,70,-1082.0,-1082.0,364.725,364.725
1550808,274197,0.0,52,-1740.0,-1750.0,6750.0,6750.0
2600138,368434,0.0,83,-423.0,-423.0,115.335,115.335
1307052,311936,1.0,2,-1518.0,-1531.0,4033.665,4033.665
2775264,343492,1.0,16,-621.0,-633.0,46670.13,1296.315
2479003,407905,0.0,30,-5.0,-5.0,2006.775,2006.775
2608963,392379,1.0,19,-115.0,-121.0,48802.95,48802.95
1777472,204961,0.0,34,-408.0,-414.0,10097.955,10097.955
1622921,108204,1.0,2,-204.0,-211.0,7426.395,7426.395
1372370,149621,1.0,16,-878.0,-892.0,6953.49,6953.49
2557651,363182,2.0,5,-116.0,-144.0,35033.49,35033.49
2783720,290760,1.0,4,-366.0,-371.0,70915.5,70915.5
1336761,141515,0.0,139,-675.0,-684.0,10800.0,10800.0
2469584,131133,1.0,10,-453.0,-467.0,6844.275,6844.275
1133314,184218,0.0,17,-2300.0,-2300.0,25447.5,25447.5
2372147,309774,1.0,3,-1971.0,-1991.0,5699.97,5699.97
2243157,293109,0.0,43,-1748.0,-1768.0,9000.0,9000.0
1685762,175891,1.0,13,-567.0,-597.0,13122.72,1705.68
1641314,221372,1.0,3,-2890.0,-2890.0,2303.775,2303.775
1001144,248152,1.0,1,-105.0,-124.0,3330.18,3330.18
1286018,255153,2.0,7,-498.0,-506.0,31780.395,31780.395
1820007,393281,1.0,2,-1524.0,-1563.0,6880.41,6880.41
2408106,411028,1.0,9,-1402.0,-1572.0,1613.88,1613.88
2359887,390047,0.0,61,-1753.0,-1753.0,264.06,264.06
2658015,302967,0.0,18,-293.0,-298.0,21877.605,21877.605
1838940,432018,4.0,6,-367.0,-380.0,67508.865,90000.0
2473090,307077,1.0,6,-2296.0,-2304.0,8958.33,8958.33
2139036,135085,1.0,4,-229.0,-230.0,15065.55,15065.55
2087307,380939,1.0,5,-1692.0,-1710.0,4498.56,4498.56
2560082,212728,1.0,14,-1991.0,-1991.0,12054.195,12054.195
2318729,281549,1.0,9,-228.0,-236.0,3411.36,3411.36
2214769,419166,0.0,9,-246.0,-246.0,22500.0,22500.0
2099285,149033,2.0,9,-1204.0,-1236.0,6275.565,514.8
1864552,206197,1.0,4,-420.0,-440.0,11886.3,11886.3
2168680,416174,0.0,52,-2192.0,-2201.0,5400.0,5400.0
2478796,139483,1.0,6,-1225.0,-1254.0,6348.825,6348.825
1001021,340000,1.0,7,-1441.0,-1460.0,5386.68,5386.68
1561601,179189,1.0,9,-1140.0,-1140.0,7858.53,7858.53
2690565,362133,1.0,6,-489.0,-494.0,10800.855,10800.855
2425068,111651,0.0,8,-2772.0,-2772.0,19125.0,19125.0
1282184,245070,0.0,31,-2020.0,-2028.0,6750.0,6750.0
1012171,378026,0.0,29,-80.0,-80.0,145.35,145.35
1550511,439811,1.0,1,-515.0,-522.0,30452.94,30452.94
1472615,351736,0.0,39,-429.0,-429.0,0.405,0.405
2254560,125737,4.0,7,-171.0,-171.0,19728.63,19728.63
2048587,142682,0.0,16,-965.0,-965.0,789.615,789.615
2701474,423318,0.0,13,-33.0,-33.0,1351.98,1351.98
2273213,162950,1.0,6,-2768.0,-2776.0,5130.0,5130.0
1789370,294745,5.0,8,-741.0,-754.0,29681.775,29681.775
1152015,261474,0.0,18,-110.0,-110.0,0.63,0.63
1985385,448715,1.0,2,-2291.0,-2305.0,6916.365,6916.365
1442625,411465,2.0,9,-49.0,-54.0,20600.775,20600.775
1471465,332768,1.0,11,-2447.0,-2447.0,11328.66,11328.66
2567304,266589,1.0,16,-283.0,-285.0,5489.46,5489.46
1442907,309229,0.0,34,-2087.0,-2116.0,3375.0,3375.0
1148246,450964,1.0,2,-2320.0,-2333.0,6494.4,6494.4
1970381,211831,2.0,4,-486.0,-488.0,43722.99,43722.99
1151157,238039,0.0,102,-1338.0,-1338.0,5400.0,5400.0
2454524,177663,1.0,2,-2362.0,-2422.0,5042.295,5042.295
2359989,127062,1.0,12,-478.0,-491.0,14023.485,14023.485
1901839,388132,1.0,23,-1931.0,-1940.0,10160.685,10160.685
2632797,126714,1.0,5,-762.0,-776.0,6393.69,6393.69
1735951,181839,1.0,8,-975.0,-987.0,13206.69,13206.69
1926263,216458,1.0,7,-2514.0,-2520.0,7418.25,7418.25
1794355,404615,0.0,7,-149.0,-155.0,2250.0,2250.0
1882214,353304,0.0,51,-2050.0,-2050.0,3375.0,3375.0
2023085,417213,0.0,47,-1126.0,-1126.0,1806.03,1806.03
1285282,252776,0.0,43,-1743.0,-1743.0,1957.5,1957.5
1472538,183134,1.0,20,-1031.0,-1036.0,9645.57,7871.535
1466329,344890,0.0,10,-1074.0,-1074.0,887.085,887.085
2366452,362105,0.0,28,-939.0,-939.0,18.135,18.135
1249455,322933,1.0,2,-158.0,-168.0,9151.83,9151.83
2772425,269758,1.0,8,-813.0,-813.0,21405.105,21405.105
1165734,223045,1.0,18,-382.0,-384.0,21844.35,21844.35
1054718,275513,0.0,54,-698.0,-706.0,2250.0,2250.0
1831082,202600,1.0,8,-585.0,-586.0,35869.995,35869.995
1682635,356421,0.0,74,-2202.0,-2202.0,4950.0,4950.0
1476477,202354,1.0,2,-270.0,-289.0,16119.09,16119.09
2665274,378513,1.0,5,-373.0,-376.0,7685.595,7685.595
2244359,334169,1.0,4,-1877.0,-1890.0,5874.075,5874.075
1468046,157968,1.0,28,-192.0,-196.0,19240.875,19240.875
2726516,270092,1.0,14,-220.0,-226.0,16143.795,16143.795
2245566,330624,1.0,6,-531.0,-543.0,17902.575,17902.575
1083260,302693,0.0,69,-206.0,-206.0,1144.485,1144.485
2761878,163894,1.0,1,-654.0,-667.0,5585.67,5585.67
2727451,383567,1.0,1,-1074.0,-1091.0,8179.02,8179.02
1001088,155318,1.0,3,-2611.0,-2638.0,6625.53,6625.53
2641445,205880,0.0,18,-2850.0,-2862.0,9000.0,9000.0
1263521,199907,1.0,3,-2682.0,-2682.0,2629.755,2629.755
1546683,364094,1.0,4,-721.0,-735.0,9880.2,9880.2
1135652,151186,2.0,5,-1230.0,-1240.0,109390.275,109390.275
1586313,350879,0.0,67,-1933.0,-1933.0,3645.0,3645.0
2323105,255677,1.0,8,-2227.0,-2289.0,10492.02,10492.02
1981171,176588,0.0,46,-1751.0,-1761.0,3375.0,3375.0
2210206,382536,1.0,1,-813.0,-843.0,73246.77,73246.77
1141488,197898,1.0,14,-265.0,-264.0,58715.235,58715.235
1217422,402175,0.0,91,-948.0,-948.0,1148.31,1148.31
1549760,350035,1.0,1,-516.0,-526.0,20320.74,20320.74
1384564,181699,1.0,6,-1784.0,-1785.0,12717.45,12717.45
2244044,347471,1.0,17,-533.0,-537.0,31544.37,31544.37
2346208,192073,1.0,28,-1738.0,-1756.0,8723.7,8723.7
1065087,247929,0.0,1,-2728.0,-2739.0,4500.0,4500.0
1328070,416298,0.0,100,-960.0,-970.0,9000.0,9000.0
1710439,401014,1.0,2,-1478.0,-1490.0,4938.975,4938.975
1549657,342598,1.0,4,-1985.0,-1994.0,6474.06,6474.06
2716114,211048,1.0,7,-27.0,-35.0,10500.165,10500.165
1597780,112376,1.0,8,-1742.0,-1765.0,6538.905,4793.535
1385189,277881,0.0,10,-618.0,-618.0,13.32,13.32
1944305,217657,1.0,13,-207.0,-207.0,11093.265,11093.265
1454472,124551,1.0,5,-575.0,-587.0,9292.995,9292.995
1112159,196096,0.0,74,-656.0,-656.0,267.975,267.975
1057754,366072,1.0,24,-212.0,-241.0,20027.925,1187.01
2283308,322843,1.0,1,-873.0,-883.0,5546.61,5546.61
2689506,216481,1.0,8,-2171.0,-2248.0,20913.93,20913.93
1702764,248089,1.0,7,-141.0,-156.0,11781.0,11781.0
1626418,454540,3.0,18,-162.0,-153.0,1229.175,1132.02
2246954,330095,1.0,7,-817.0,-861.0,20869.65,20869.65
1029191,235976,1.0,15,-1036.0,-1046.0,3790.08,3790.08
1777544,200703,0.0,38,-1717.0,-1747.0,67.5,67.5
2321145,435426,0.0,118,-59.0,-59.0,465.075,465.075
2597417,275331,0.0,7,-66.0,-66.0,150047.415,150047.415
1721312,456089,1.0,5,-2111.0,-2133.0,6246.27,6246.27
1564686,286199,2.0,3,-52.0,-74.0,34270.425,34270.425
2004876,372364,1.0,7,-1756.0,-1782.0,2576.07,1156.5
1187026,102312,0.0,93,-479.0,-479.0,55.89,55.89
1141503,360786,1.0,34,-88.0,-81.0,21709.125,18000.0
1386680,256058,2.0,1,-329.0,-359.0,21772.395,21772.395
1105596,323923,0.0,77,-141.0,-141.0,2145.465,2145.465
1441912,342222,1.0,3,-879.0,-880.0,55946.205,55946.205
1364791,194667,1.0,2,-1367.0,-1427.0,3056.715,3056.715
1817342,367137,1.0,3,-601.0,-626.0,13716.405,13716.405
1450355,249453,1.0,35,-86.0,-94.0,9459.0,9459.0
2438657,378533,1.0,10,-1554.0,-1571.0,17923.95,17923.95
1509552,102031,0.0,11,-297.0,-297.0,427.995,427.995
1051524,224165,0.0,134,-351.0,-351.0,240.03,240.03
1750465,426945,0.0,42,-1629.0,-1634.0,9000.0,9000.0
1039742,191453,1.0,6,-718.0,-727.0,4623.615,4623.615
1595986,442273,0.0,60,-1021.0,-1021.0,3600.0,3600.0
2372301,258792,1.0,4,-381.0,-385.0,3469.05,3469.05
1315549,413343,1.0,5,-2049.0,-2050.0,5156.82,5156.82
2697885,180742,2.0,9,-1109.0,-1120.0,47799.855,47799.855
1344132,433998,1.0,6,-1609.0,-1614.0,2054.97,2054.97
2445780,194190,1.0,1,-278.0,-292.0,17214.66,17214.66
2239323,396830,1.0,16,-242.0,-248.0,19756.935,19756.935
1113344,273893,1.0,6,-404.0,-407.0,10870.65,10870.65
1666599,190127,0.0,82,-1208.0,-1237.0,699.705,699.705
1368053,210188,2.0,2,-77.0,-101.0,106068.825,106068.825
2492642,224097,2.0,6,-904.0,-903.0,33150.78,33150.78
1519591,399158,1.0,3,-249.0,-283.0,14838.705,14838.705
2202975,287050,3.0,1,-486.0,-486.0,32637.015,67507.425
2832506,211637,1.0,21,-538.0,-571.0,13536.81,13536.81
2803258,374904,1.0,2,-1487.0,-1525.0,2339.01,2339.01
1603316,436689,1.0,3,-400.0,-405.0,44435.295,44435.295
2342535,392904,1.0,1,-1640.0,-1664.0,13204.665,13204.665
1638874,148844,0.0,66,-1548.0,-1556.0,7875.0,7875.0
1413027,149414,1.0,3,-1473.0,-1488.0,3298.905,3298.905
2539643,385660,1.0,24,-45.0,-75.0,25475.625,3322.125
2120687,377753,1.0,3,-1469.0,-1478.0,10702.08,10702.08
1102739,412783,1.0,2,-1770.0,-1793.0,5583.375,5583.375
2111122,319818,1.0,17,-1141.0,-1148.0,12203.775,12203.775
2691081,391982,1.0,13,-761.0,-763.0,26350.2,26350.2
1376944,184969,1.0,3,-1323.0,-1344.0,5762.16,5762.16
1330787,165625,0.0,35,-2209.0,-2221.0,9000.0,9000.0
2114199,309043,0.0,26,-2712.0,-2712.0,7650.0,7650.0
1874652,363709,2.0,10,-386.0,-419.0,5177.475,5177.475
2701411,333320,0.0,35,-1339.0,-1342.0,9000.0,9000.0
2292162,181019,1.0,10,-1478.0,-1486.0,5238.81,5238.81
1285108,356993,0.0,44,-1596.0,-1545.0,67.5,67.5
2583140,266915,1.0,3,-160.0,-171.0,30281.04,30281.04
1945205,418196,1.0,1,-1033.0,-1056.0,9856.71,9856.71
1165854,275889,0.0,27,-522.0,-522.0,384.975,384.975
1442416,375329,1.0,5,-1348.0,-1368.0,15846.3,15846.3
2463582,241932,1.0,6,-1972.0,-1990.0,5551.245,5551.245
2427534,307795,1.0,9,-617.0,-635.0,9162.45,9162.45
2509055,135770,0.0,39,-1450.0,-1450.0,863.775,863.775
2843490,294719,1.0,3,-2646.0,-2646.0,4039.74,4039.74
1412604,258902,1.0,8,-277.0,-287.0,9646.92,9646.92
1873086,435344,1.0,3,-844.0,-860.0,19501.56,19501.56
1697892,170865,0.0,17,-7.0,-7.0,1693.395,1693.395
1643636,303250,1.0,4,-977.0,-986.0,7073.415,7073.415
1752993,415093,1.0,3,-1428.0,-1441.0,4538.16,4538.16
2466229,295714,0.0,62,-1487.0,-1487.0,7913.925,7913.925
1153484,186775,0.0,8,-2730.0,-2730.0,1125.0,1125.0
1183580,340842,1.0,15,-1371.0,-1372.0,5075.19,5075.19
1466020,240545,0.0,21,-1699.0,-1715.0,6750.0,6750.0
2580244,437464,1.0,1,-249.0,-260.0,16574.895,16574.895
1034511,344820,1.0,2,-277.0,-287.0,19860.84,19860.84
1329364,319346,1.0,33,-82.0,-86.0,29353.05,29353.05
1261966,305705,0.0,32,-1580.0,-1582.0,4500.0,4500.0
1783616,141101,2.0,5,-699.0,-699.0,9275.265,9275.265
2409478,173109,1.0,7,-288.0,-306.0,20389.86,20389.86
2566444,154913,1.0,2,-1058.0,-1114.0,4482.36,4482.36
1597648,351920,0.0,7,-511.0,-516.0,7690.005,7690.005
2467265,451875,1.0,7,-882.0,-887.0,11386.17,11386.17
1354725,147753,1.0,5,-287.0,-291.0,21709.125,21709.125
2083268,411905,1.0,8,-1574.0,-1584.0,2919.555,2919.555
2710124,404882,0.0,101,-1171.0,-1171.0,2766.735,2766.735
2225824,126507,0.0,73,-960.0,-960.0,301.95,301.95
2432703,436888,1.0,4,-2408.0,-2408.0,20665.89,20665.89
2370051,238854,1.0,7,-2400.0,-2405.0,3111.525,3111.525
2186577,240982,1.0,7,-683.0,-692.0,2442.69,2442.69
1926876,196497,0.0,6,-2860.0,-2860.0,4500.0,4500.0
1509245,358350,0.0,96,-761.0,-761.0,350.505,350.505
2314210,403744,0.0,48,-1405.0,-1419.0,4500.0,4500.0
1782583,346154,1.0,5,-1597.0,-1607.0,2639.025,2639.025
2069246,417311,1.0,1,-252.0,-264.0,9267.615,9267.615
2660681,209111,1.0,7,-240.0,-248.0,32982.66,32982.66
1912901,364419,1.0,11,-345.0,-422.0,3493.71,3493.71
1080802,188230,1.0,4,-1193.0,-1200.0,6378.345,7.965
1271467,151359,4.0,6,-510.0,-530.0,85169.025,85169.025
1564855,164775,0.0,29,-240.0,-248.0,15434.91,15434.91
2580117,337461,0.0,56,-1367.0,-1381.0,3375.0,3375.0
1420485,326593,2.0,10,-123.0,-135.0,152933.715,152933.715
2445957,277230,0.0,8,-1061.0,-1061.0,5.13,5.13
1993915,252573,0.0,42,-1617.0,-1617.0,238.095,238.095
1190494,358801,0.0,20,-440.0,-440.0,2727.495,2727.495
1208429,450314,1.0,9,-896.0,-896.0,19861.515,19861.515
1972921,275290,0.0,9,-48.0,-48.0,11390.04,11390.04
2101286,448459,1.0,1,-819.0,-833.0,20957.985,20957.985
2789481,140027,0.0,36,-1591.0,-1621.0,1375.11,1375.11
1328396,400765,1.0,8,-2374.0,-2400.0,6144.66,6144.66
2304097,119293,0.0,62,-1634.0,-1634.0,176445.0,176445.0
1056547,265620,1.0,12,-1188.0,-1196.0,7910.19,7910.19
2026988,412189,1.0,4,-606.0,-639.0,13103.145,13103.145
1289224,101423,0.0,13,-2858.0,-2868.0,8100.0,8100.0
1185378,288629,1.0,6,-1857.0,-1862.0,6942.915,6942.915
2424334,261183,1.0,1,-450.0,-465.0,8802.945,8802.945
1523472,181456,1.0,2,-852.0,-853.0,9686.34,9686.34
2311652,243594,1.0,6,-65.0,-70.0,42166.755,42166.755
2104943,370627,1.0,7,-2347.0,-2367.0,1659.825,72.72
1848582,288506,1.0,9,-572.0,-581.0,13192.065,13192.065
1469853,361141,0.0,38,-252.0,-252.0,82.53,82.53
2452804,453634,1.0,1,-2807.0,-2807.0,3209.67,3209.67
2610974,192032,25.0,29,-154.0,-185.0,21818.52,21818.52
1875281,319497,0.0,59,-1455.0,-1455.0,900.0,900.0
2239416,143441,0.0,63,-1786.0,-1786.0,31500.0,31500.0
1899705,283360,0.0,90,-292.0,-292.0,201.195,201.195
2806047,355845,4.0,4,-622.0,-645.0,142415.325,142415.325
1062669,262354,2.0,1,-1137.0,-1138.0,15107.04,27002.925
2526085,198527,1.0,3,-198.0,-245.0,21059.19,21059.19
1071034,251541,1.0,7,-216.0,-216.0,35215.92,35215.92
2677332,285076,1.0,23,-782.0,-793.0,5167.935,5167.935
1596098,299622,1.0,4,-111.0,-131.0,9036.18,9036.18
1217990,139647,1.0,21,-339.0,-386.0,26401.5,26401.5
2733507,367119,1.0,1,-266.0,-296.0,9926.955,9926.955
2430066,196236,1.0,5,-52.0,-52.0,7254.72,7254.72
2831855,366493,1.0,3,-1164.0,-1190.0,8337.69,8337.69
1154219,168559,1.0,12,-625.0,-640.0,39965.625,39965.625
2259305,319006,1.0,4,-2775.0,-2775.0,4360.05,4360.05
2541630,376273,0.0,87,-1007.0,-1007.0,12.33,12.33
1415039,219029,0.0,97,-1191.0,-1191.0,2250.0,2250.0
2190474,104871,1.0,18,-215.0,-225.0,3577.5,3577.5
1754936,423166,1.0,6,-2437.0,-2425.0,9730.125,2173.23
2299581,398687,0.0,98,-493.0,-493.0,315.225,315.225
1338803,309807,1.0,2,-942.0,-945.0,11357.145,11357.145
1822990,424032,0.0,122,-467.0,-467.0,85.095,85.095
2179773,287653,0.0,46,-154.0,-154.0,3413.925,3413.925
2371494,281823,3.0,3,-377.0,-385.0,32604.345,32604.345
2564462,290494,1.0,1,-2131.0,-2157.0,12444.48,12444.48
1311276,232952,4.0,9,-414.0,-423.0,20070.765,20070.765
2118956,333850,1.0,8,-1711.0,-1744.0,10696.05,10696.05
1045777,315536,0.0,29,-526.0,-524.0,23489.145,23489.145
2059070,267875,1.0,5,-351.0,-405.0,16315.2,16315.2
1486550,356815,0.0,137,-273.0,-273.0,251.055,251.055
2004054,134762,1.0,11,-1860.0,-1864.0,8058.96,8058.96
2414474,366487,1.0,9,-605.0,-632.0,8325.9,8325.9
2440443,434652,1.0,11,-1735.0,-1740.0,15845.895,15845.895
2055570,403294,1.0,10,-294.0,-287.0,27449.82,27449.82
2476488,274743,0.0,13,-772.0,-772.0,26389.485,26389.485
1441611,392826,1.0,2,-1547.0,-1569.0,8377.92,8377.92
1696336,394056,1.0,2,-72.0,-79.0,7897.905,7897.905
2805227,322037,1.0,1,-1352.0,-1362.0,5339.34,5339.34
2372600,184515,1.0,4,-722.0,-732.0,24146.82,307.215
1489478,456093,1.0,1,-378.0,-384.0,6522.03,6522.03
1799905,430767,0.0,40,-2021.0,-2021.0,2013.75,2013.75
1539138,279268,1.0,15,-437.0,-440.0,9832.14,9832.14
1536010,284644,1.0,14,-908.0,-883.0,6117.525,242.01
2543435,331639,0.0,12,-1525.0,-1525.0,15075.0,15075.0
2180745,310757,1.0,8,-482.0,-512.0,26608.275,2742.075
1647201,209155,1.0,3,-264.0,-275.0,10071.72,10071.72
2397153,132190,1.0,1,-574.0,-592.0,10133.325,10133.325
2458405,267072,0.0,29,-1509.0,-1513.0,9000.0,9000.0
2077215,197417,1.0,3,-590.0,-579.0,22261.455,22234.365
2064292,425757,1.0,17,-1014.0,-1020.0,11234.115,11234.115
2496749,396674,1.0,9,-2352.0,-2362.0,2841.21,2841.21
1687041,329781,1.0,3,-944.0,-949.0,14521.23,14521.23
2342527,265826,1.0,1,-1032.0,-1053.0,45065.385,45065.385
2496183,123308,1.0,5,-1347.0,-1347.0,16009.335,16009.335
1585520,440323,0.0,13,-9.0,-9.0,3927.735,3927.735
2235002,212778,1.0,4,-82.0,-91.0,9101.97,9101.97
1020406,230710,2.0,17,-424.0,-416.0,19416.915,4769.055
2007882,399988,0.0,75,-662.0,-662.0,9.585,9.585
2275856,229385,1.0,11,-1623.0,-1623.0,18690.57,18690.57
1251405,437493,1.0,4,-2644.0,-2647.0,18957.105,18957.105
1817164,305127,0.0,81,-664.0,-664.0,99.09,99.09
1258539,398027,1.0,5,-84.0,-86.0,29307.555,29307.555
1776412,323251,0.0,17,-2492.0,-2493.0,9000.0,9000.0
1337845,372128,0.0,16,-322.0,-322.0,5.625,5.625
2417123,242387,1.0,6,-2613.0,-2613.0,4417.785,4417.785
1159548,117303,0.0,18,-1857.0,-1857.0,1175.535,1175.535
2741450,333460,1.0,6,-649.0,-678.0,14128.92,1130.4
2256220,196469,0.0,40,-1758.0,-1758.0,2250.0,2250.0
1291813,280797,1.0,8,-607.0,-639.0,28878.705,3341.565
1760603,132898,1.0,5,-1482.0,-1494.0,4347.18,4347.18
2640722,135947,1.0,1,-619.0,-621.0,38573.73,38573.73
1385074,257587,0.0,14,-99.0,-99.0,160.65,160.65
2736905,436434,0.0,112,-119.0,-119.0,1828.08,1828.08
2422134,329643,0.0,17,-95.0,-100.0,6982.425,6982.425
1135053,239300,0.0,12,-203.0,-203.0,300.195,300.195
1081708,281620,1.0,9,-1632.0,-1662.0,9493.92,9493.92
1231909,349235,1.0,8,-789.0,-821.0,7155.99,308.07
2149837,328610,1.0,5,-239.0,-243.0,134892.0,134892.0
2446693,366141,1.0,1,-2268.0,-2277.0,7245.585,7245.585
1660549,205918,1.0,10,-905.0,-881.0,10316.52,340.2
1367637,366793,1.0,12,-270.0,-299.0,17958.645,17958.645
1776409,248272,0.0,85,-1298.0,-1298.0,1213.02,1213.02
1768381,370760,0.0,69,-1808.0,-1808.0,67.5,67.5
1480972,141336,1.0,4,-837.0,-839.0,3419.37,3419.37
2305125,391933,1.0,2,-2297.0,-2297.0,2080.035,2080.035
1523497,301291,1.0,1,-1327.0,-1337.0,14296.05,14296.05
2559385,433645,1.0,3,-1428.0,-1444.0,3280.95,3280.95
2274092,317010,1.0,35,-96.0,-114.0,13913.325,13913.325
2238311,399560,0.0,66,-2065.0,-2065.0,2250.0,2250.0
2192146,436907,1.0,1,-2801.0,-2816.0,8397.0,8397.0
1783049,324750,0.0,90,-878.0,-878.0,1417.23,1417.23
1874214,378252,1.0,30,-203.0,-205.0,18000.945,18000.945
1155110,108158,1.0,16,-5.0,-36.0,24013.575,4521.375
2500624,221452,1.0,14,-1824.0,-1825.0,9912.51,9912.51
1239234,222441,1.0,1,-1129.0,-1159.0,18324.765,18324.765
2813263,238148,1.0,1,-230.0,-239.0,37746.855,37746.855
1762637,303669,1.0,7,-451.0,-454.0,10789.2,10789.2
1556989,233230,1.0,5,-262.0,-282.0,24172.65,24172.65
1463986,301374,1.0,7,-972.0,-984.0,8146.575,8146.575
1330807,271206,0.0,3,-2394.0,-2394.0,2250.0,2250.0
2062299,369339,1.0,15,-260.0,-259.0,18661.95,18661.95
1959727,231515,1.0,7,-592.0,-603.0,4458.915,4458.915
2500636,253697,0.0,63,-1289.0,-1289.0,118.035,118.035
1294688,430956,1.0,22,-404.0,-400.0,30007.98,27673.425
2683253,315960,1.0,1,-383.0,-407.0,24379.56,24379.56
1870183,129652,1.0,1,-2201.0,-2228.0,43531.02,43531.02
2827408,188166,1.0,4,-1605.0,-1623.0,11930.31,11930.31
2143005,375638,1.0,1,-101.0,-121.0,3518.73,3518.73
2500725,412414,1.0,4,-2072.0,-2092.0,2851.11,2851.11
1016682,116972,1.0,6,-2655.0,-2655.0,15012.0,15012.0
1334537,149837,0.0,5,-292.0,-292.0,4.5,4.5
1127443,113920,1.0,1,-87.0,-95.0,8637.255,8635.5
2290924,168413,0.0,10,-276.0,-276.0,25.29,25.29
1667943,112428,1.0,1,-2217.0,-2236.0,16117.92,16117.92
1376966,172796,1.0,10,-2914.0,-2914.0,7390.485,7390.485
1233075,380522,1.0,3,-516.0,-533.0,8175.6,8175.6
1482261,305026,0.0,115,-444.0,-444.0,215.19,215.19
1245385,281526,1.0,9,-1399.0,-1403.0,33919.695,33919.695
1985016,278077,0.0,34,-699.0,-699.0,3.195,3.195
1684085,362238,0.0,60,-1566.0,-1566.0,7917.3,7917.3
2075914,190701,2.0,10,-637.0,-662.0,49088.385,49088.385
2437870,434394,0.0,58,-1561.0,-1572.0,6750.0,6750.0
1012143,443955,1.0,1,-805.0,-805.0,51961.095,51961.095
1102693,455557,1.0,13,-65.0,-103.0,27029.025,27029.025
2132342,310886,0.0,41,-2008.0,-2008.0,4500.0,4500.0
1876693,219149,1.0,6,-460.0,-469.0,13072.185,13072.185
1914942,265615,0.0,24,-464.0,-464.0,1445.715,1445.715
2293168,203577,1.0,7,-90.0,-115.0,33608.655,33608.655
1621161,144784,2.0,8,-614.0,-615.0,9922.32,9922.32
2246892,165075,1.0,14,-427.0,-459.0,17902.575,830.025
2696251,240570,0.0,3,-403.0,-403.0,2250.0,2250.0
1150661,193232,1.0,10,-388.0,-405.0,87679.26,87679.26
1135988,357299,0.0,107,-813.0,-813.0,25.785,25.785
1975184,432037,0.0,22,-43.0,-59.0,13014.63,13014.63
2242789,343277,1.0,14,-281.0,-354.0,10632.42,10632.42
2763406,142612,0.0,61,-1038.0,-1038.0,450.0,450.0
1028820,384175,1.0,18,-261.0,-289.0,21557.025,21557.025
1266886,210623,0.0,24,-158.0,-158.0,256.32,256.32
2261484,421612,0.0,3,-316.0,-316.0,11128.725,11128.725
2414883,364003,1.0,19,-1830.0,-1860.0,5579.415,5579.415
2188358,250580,0.0,42,-1938.0,-1919.0,9000.0,8100.0
1389202,416310,0.0,93,-1219.0,-1219.0,180.0,180.0
1129152,344995,1.0,12,-445.0,-455.0,12309.84,12309.84
1480560,333106,1.0,2,-185.0,-219.0,10883.745,10883.745
1449217,240918,1.0,24,-446.0,-535.0,19888.56,19888.56
2456649,197054,1.0,5,-154.0,-165.0,42495.75,42495.75
2424388,303735,1.0,3,-1948.0,-1953.0,5406.345,5406.345
1751818,435400,0.0,18,-340.0,-340.0,265.185,265.185
1368761,368205,1.0,9,-1388.0,-1393.0,5647.275,5647.275
2116997,212377,1.0,1,-476.0,-487.0,44372.43,44372.43
1226353,145843,1.0,10,-669.0,-674.0,6741.495,6741.495
2229370,259977,1.0,8,-888.0,-917.0,4109.265,4109.265
1766669,373363,1.0,2,-272.0,-275.0,3753.45,3753.45
1871349,431847,1.0,1,-1654.0,-1668.0,7792.74,7792.74
2390585,313448,0.0,48,-1427.0,-1410.0,3375.0,3375.0
1793250,359254,1.0,5,-1594.0,-1610.0,18536.76,18536.76
2334849,139649,1.0,9,-1920.0,-1941.0,6932.16,6932.16
2445203,136000,1.0,30,-770.0,-769.0,7909.695,7909.695
2253899,319943,1.0,1,-1919.0,-1922.0,16978.905,16978.905
1310504,330534,1.0,1,-1122.0,-1131.0,10394.775,10394.775
2659832,135524,1.0,3,-430.0,-452.0,5893.65,5893.65
1923412,370699,1.0,22,-820.0,-833.0,3191.4,3191.4
1869699,203707,1.0,10,-506.0,-527.0,2061.0,2061.0
1670405,367881,1.0,13,-186.0,-187.0,71383.635,71383.635
1338557,203291,1.0,1,-2584.0,-2594.0,11442.285,11442.285
1424373,131508,1.0,3,-126.0,-135.0,42669.9,42669.9
1862182,422911,1.0,11,-237.0,-236.0,10841.85,10841.85
1766277,202883,1.0,3,-333.0,-329.0,15713.37,15640.11
1128065,422358,1.0,4,-491.0,-508.0,11209.725,11209.725
2709811,334871,0.0,125,-118.0,-118.0,1208.61,1208.61
1710403,298708,0.0,58,-874.0,-874.0,92839.5,92839.5
1106618,311593,1.0,6,-846.0,-858.0,8216.145,6118.785
2033582,330291,1.0,3,-2129.0,-2163.0,17963.685,17963.685
2462242,151441,1.0,20,-513.0,-517.0,4543.65,4543.65
1417631,308739,1.0,1,-356.0,-366.0,11093.265,11093.265
1903134,314525,1.0,12,-31.0,-52.0,11376.0,11376.0
2153667,229148,1.0,3,-890.0,-918.0,6163.2,6163.2
2138308,223808,1.0,3,-1675.0,-1684.0,6843.375,6843.375
1424148,213353,1.0,11,-649.0,-663.0,52164.18,52164.18
2384073,366620,1.0,5,-1497.0,-1498.0,4541.31,4541.31
1127179,402245,1.0,3,-143.0,-182.0,5146.155,5146.155
1262733,348445,1.0,6,-539.0,-548.0,5606.595,5606.595
2703645,363209,3.0,5,-670.0,-678.0,31260.96,31260.96
1820889,154847,1.0,3,-804.0,-814.0,10629.675,10629.675
2631237,309203,0.0,25,-2289.0,-2294.0,9000.0,9000.0
1671551,107462,0.0,62,-1288.0,-1288.0,83.205,83.205
2333782,330310,0.0,13,-2180.0,-2188.0,5625.0,5625.0
2244340,243002,1.0,4,-431.0,-430.0,15944.58,15944.58
1894832,147112,1.0,4,-140.0,-151.0,16146.0,16146.0
1922718,419374,1.0,1,-1350.0,-1362.0,41058.405,41058.405
1577613,145551,1.0,11,-419.0,-431.0,16321.095,16321.095
1326431,280171,0.0,18,-1827.0,-1842.0,6750.0,6750.0
1597806,383070,1.0,4,-1700.0,-1725.0,4854.735,4854.735
1132298,120612,1.0,15,-144.0,-160.0,13214.475,13214.475
1151049,188706,0.0,2,-565.0,-565.0,2250.0,2250.0
1328854,275031,0.0,86,-852.0,-852.0,152.01,152.01
2756601,279996,1.0,6,-2251.0,-2271.0,23189.175,23189.175
2660264,425278,0.0,19,-1895.0,-1907.0,6750.0,6750.0
2446290,405159,1.0,2,-664.0,-684.0,37398.285,37398.285
2776997,426721,0.0,96,-1423.0,-1453.0,8100.0,8100.0
1440101,452468,1.0,16,-417.0,-420.0,28742.67,28742.67
2208107,127159,0.0,28,-1739.0,-1739.0,54.27,54.27
1719490,378432,1.0,7,-603.0,-603.0,47137.725,47137.725
2210714,353499,1.0,10,-1607.0,-1608.0,5032.89,5032.89
1338761,110676,1.0,8,-579.0,-603.0,15247.62,15247.62
2763361,125158,1.0,8,-2574.0,-2589.0,8099.19,8099.19
1029729,157896,1.0,9,-1922.0,-1936.0,4884.3,4884.3
2305504,359769,1.0,9,-680.0,-697.0,6882.885,6882.885
1294705,204722,1.0,2,-802.0,-839.0,51961.095,51961.095
1881963,416608,1.0,8,-2352.0,-2354.0,1029.195,1001.115
2316095,385985,0.0,73,-2070.0,-2079.0,10800.0,10800.0
1084671,148350,1.0,3,-896.0,-914.0,11543.31,11543.31
1773578,257329,0.0,27,-490.0,-490.0,133.47,133.47
1169473,191843,0.0,3,-249.0,-249.0,63641.25,63641.25
1731067,214483,2.0,4,-1708.0,-1723.0,128079.405,128079.405
1317048,455070,1.0,3,-434.0,-441.0,8483.265,8483.265
2074643,398005,1.0,6,-846.0,-853.0,31204.35,31204.35
1381085,127792,1.0,2,-1749.0,-1768.0,3985.83,3985.83
1004676,393032,1.0,3,-1179.0,-1167.0,11406.285,11406.285
2474832,238406,1.0,7,-2555.0,-2559.0,9682.785,9682.785
2703001,233351,1.0,10,-2821.0,-2844.0,1748.745,1748.745
2735748,383308,1.0,17,-28.0,-29.0,17514.0,17514.0
1381437,392791,1.0,2,-519.0,-545.0,1945.125,1945.125
1104335,165033,1.0,7,-1429.0,-1455.0,9007.515,9007.515
1295169,449323,0.0,48,-2532.0,-2532.0,450.0,450.0
1005371,103815,0.0,40,-558.0,-567.0,2250.0,2250.0
2709839,229526,1.0,7,-1928.0,-1947.0,6150.06,6150.06
2028610,280220,1.0,19,-274.0,-279.0,52788.78,52788.78
1320732,250259,1.0,13,-1368.0,-1368.0,6708.06,6708.06
2049900,149829,0.0,14,-2107.0,-2107.0,17.955,17.955
2083102,400768,0.0,31,-2133.0,-2133.0,225.0,225.0
1469272,390378,0.0,29,-944.0,-959.0,4356.72,4356.72
1187814,337044,1.0,1,-359.0,-389.0,20363.22,20363.22
2628346,266900,0.0,17,-441.0,-443.0,22904.1,22904.1
2239232,283530,0.0,95,-1226.0,-1226.0,242.865,242.865
2385769,382470,1.0,3,-1859.0,-1894.0,3196.755,3196.755
2239127,263969,2.0,5,-587.0,-610.0,155421.99,155421.99
1690031,347059,2.0,11,-991.0,-992.0,19836.135,19836.135
2562718,357333,0.0,27,-660.0,-666.0,12361.095,12361.095
2138577,313694,3.0,9,-94.0,-106.0,4521.195,6750.0
1816079,309392,1.0,9,-481.0,-482.0,9231.435,9231.435
1486563,200356,0.0,32,-2257.0,-2263.0,3375.0,3375.0
1258018,451926,1.0,8,-867.0,-893.0,7941.69,48.915
1855978,416811,1.0,1,-355.0,-360.0,19076.175,19076.175
2023306,205794,1.0,9,-188.0,-202.0,5885.1,5885.1
2729440,348275,1.0,4,-2164.0,-2169.0,5246.01,5246.01
2353216,163549,1.0,9,-275.0,-283.0,10347.48,10347.48
2559898,282183,0.0,9,-46.0,-47.0,2250.0,2250.0
2164583,356347,1.0,24,-466.0,-488.0,7094.295,7094.295
1419376,126887,1.0,2,-326.0,-336.0,6917.445,6917.445
1101287,258120,1.0,18,-255.0,-259.0,5257.575,5257.575
1922690,113093,1.0,7,-114.0,-128.0,12417.12,12417.12
1689389,246726,1.0,4,-630.0,-637.0,2987.775,2987.775
1210783,317543,1.0,19,-1000.0,-999.0,9514.08,9514.08
1523928,344809,0.0,37,-1414.0,-1414.0,288.585,288.585
2035630,381910,0.0,9,-2430.0,-2458.0,995.85,995.85
2490829,159113,1.0,6,-1342.0,-1379.0,3085.83,1.17
1598306,112341,1.0,7,-21.0,-31.0,21037.5,21037.5
2595737,219892,2.0,7,-519.0,-518.0,7108.29,7108.29
2152545,210081,1.0,17,-337.0,-331.0,28390.635,28381.545
1611121,296093,0.0,23,-790.0,-775.0,34221.735,9471.735
1259070,251941,1.0,1,-1021.0,-1037.0,13361.895,13361.895
2812702,153905,1.0,9,-329.0,-373.0,6924.285,6924.285
2083417,221251,1.0,4,-2290.0,-2291.0,10144.08,10144.08
1245623,202836,1.0,3,-329.0,-340.0,12419.235,12419.235
1183787,227474,1.0,10,-82.0,-105.0,13680.405,628.605
2756116,427510,1.0,7,-35.0,-40.0,30879.99,30879.99
1058084,289577,1.0,6,-932.0,-951.0,16330.815,16330.815
1414344,327748,0.0,5,-314.0,-321.0,4654.845,4654.845
1589199,268327,0.0,87,-733.0,-733.0,403.515,403.515
1310336,240409,0.0,56,-1706.0,-1706.0,239.22,239.22
1363898,422598,1.0,2,-943.0,-964.0,7729.335,7729.335
1770957,385542,2.0,11,-27.0,-38.0,9661.365,9644.715
1638702,104543,1.0,6,-676.0,-646.0,20106.81,20103.435
1740200,291128,0.0,9,-10.0,-10.0,11938.05,11938.05
2353370,390306,0.0,4,-21.0,-27.0,2250.0,2250.0
1205934,126265,1.0,9,-445.0,-472.0,22680.045,1267.92
2500047,250146,1.0,1,-284.0,-287.0,2474.19,2474.19
1472160,360021,1.0,14,-691.0,-690.0,17670.555,17670.555
1461443,275145,0.0,21,-2519.0,-2519.0,94.68,94.68
1207576,208377,1.0,5,-1405.0,-1419.0,28604.385,28604.385
2578275,140682,1.0,20,-342.0,-342.0,52750.53,52750.53
2596404,215302,1.0,6,-1269.0,-1293.0,6845.85,6845.85
2050466,358375,2.0,11,-315.0,-333.0,59355.0,59355.0
1724823,294925,1.0,12,-588.0,-590.0,31446.36,31446.36
1611279,333762,1.0,7,-185.0,-196.0,8502.255,8502.255
1682163,249519,1.0,4,-411.0,-418.0,7379.865,7379.865
2564743,385953,1.0,18,-355.0,-369.0,7173.72,7173.72
1185961,317830,1.0,8,-2585.0,-2599.0,5546.16,5546.16
1302547,411620,0.0,26,-1939.0,-1969.0,67.5,67.5
1372926,321603,0.0,18,-31.0,-30.0,4186.395,4186.395
2065734,227053,2.0,13,-721.0,-727.0,25287.615,25287.615
2073943,410389,1.0,1,-1260.0,-1271.0,19279.665,19279.665
2835310,353671,1.0,7,-1991.0,-1996.0,13287.24,13287.24
1033029,280179,1.0,4,-1136.0,-1151.0,7509.51,7509.51
2262480,386748,1.0,14,-608.0,-618.0,17676.72,17676.72
2155186,327219,2.0,4,-324.0,-334.0,50671.755,50671.755
1757011,383996,1.0,12,-414.0,-420.0,18378.045,18378.045
1307652,138255,1.0,4,-438.0,-461.0,9277.785,9277.785
2258611,252412,2.0,10,-597.0,-623.0,16582.275,16582.275
2631763,380005,0.0,52,-1743.0,-1758.0,7875.0,7875.0
1312419,386934,0.0,71,-1938.0,-1938.0,1800.0,1800.0
2413905,387372,0.0,42,-42.0,-58.0,2830.14,2830.14
1209134,238419,1.0,1,-244.0,-251.0,48588.525,48588.525
2087234,278759,1.0,1,-271.0,-284.0,10420.065,10420.065
1262745,434632,1.0,1,-2901.0,-2908.0,6015.915,6015.915
1683847,435919,1.0,14,-1426.0,-1432.0,4751.73,4751.73
1926678,354132,1.0,3,-773.0,-787.0,22932.99,22932.99
1274657,321703,3.0,1,-65.0,-70.0,80537.31,117000.0
1545513,261761,1.0,7,-843.0,-867.0,35548.785,35548.785
1487667,235110,2.0,5,-608.0,-637.0,19828.35,348.885
1424325,139282,1.0,20,-1702.0,-1707.0,10886.31,10886.31
2292841,268446,0.0,24,-2543.0,-2543.0,20.52,20.52
1365561,156803,1.0,24,-638.0,-639.0,10125.0,10125.0
2100131,265412,1.0,6,-903.0,-914.0,2838.195,2838.195
2191929,172672,1.0,5,-1069.0,-1075.0,18212.805,18212.805
1924070,256569,1.0,6,-154.0,-155.0,34739.91,34739.91
2327760,104505,0.0,17,-830.0,-799.0,11404.755,154.755
2045036,203122,0.0,14,-2515.0,-2515.0,1350.0,1350.0
2608348,189060,0.0,61,-2271.0,-2271.0,450.0,450.0
1846798,412432,1.0,4,-2147.0,-2195.0,6879.42,6879.42
2015767,203410,0.0,28,-527.0,-527.0,225.0,225.0
1747060,292994,2.0,6,-587.0,-593.0,9349.515,9349.515
2755044,452034,0.0,61,-51.0,-51.0,97.335,97.335
1363175,104162,1.0,13,-144.0,-148.0,19568.475,19568.475
2225105,219601,1.0,4,-965.0,-980.0,2577.69,2577.69
1550067,428198,0.0,18,-2601.0,-2601.0,328.185,328.185
1710725,138575,0.0,48,-2209.0,-2209.0,2025.0,2025.0
1414152,276040,0.0,69,-1271.0,-1271.0,190.035,190.035
1007314,237487,0.0,52,-1476.0,-1483.0,7875.0,7875.0
2283874,144701,1.0,7,-180.0,-238.0,15374.835,15374.835
1394859,400585,0.0,40,-1437.0,-1453.0,6750.0,6750.0
1831033,424089,1.0,1,-565.0,-568.0,33911.1,33911.1
1007131,165442,0.0,8,-241.0,-241.0,407.925,407.925
1561301,163483,0.0,60,-668.0,-681.0,13500.0,13500.0
1193492,229331,1.0,9,-2306.0,-2312.0,8795.385,8795.385
1817000,306774,1.0,10,-1704.0,-1722.0,6434.46,3012.84
1406636,120635,2.0,12,-359.0,-359.0,28493.595,28493.595
1539284,173449,1.0,8,-2522.0,-2525.0,3482.64,3482.64
1282438,186995,1.0,4,-232.0,-245.0,3546.045,3546.045
1335791,272175,1.0,12,-875.0,-881.0,7748.685,6756.03
2618690,375615,1.0,3,-645.0,-649.0,11300.13,11300.13
1769249,343038,1.0,3,-712.0,-714.0,14217.885,14217.885
1497134,295125,1.0,7,-1088.0,-1087.0,5340.105,5340.105
2646247,307166,1.0,13,-2452.0,-2465.0,10073.97,10073.97
1969425,401683,3.0,4,-451.0,-456.0,19027.44,19027.44
2153533,325762,1.0,2,-656.0,-677.0,17546.22,804.78
1190690,140935,1.0,5,-2085.0,-2098.0,6902.505,6902.505
1436743,320787,1.0,52,-811.0,-811.0,9243.0,9243.0
2183564,278765,1.0,16,-1108.0,-1137.0,26498.385,512.73
2525904,359677,1.0,3,-2182.0,-2218.0,4388.22,4388.22
2386073,381139,1.0,19,-166.0,-168.0,71031.78,71031.78
2027159,119276,1.0,2,-919.0,-933.0,2745.675,2745.675
2605557,196194,0.0,71,-273.0,-273.0,21978.495,21978.495
2438671,341793,0.0,30,-1922.0,-1925.0,5625.0,5625.0
2546316,393552,1.0,14,-314.0,-316.0,46928.61,46928.61
1718301,138820,1.0,4,-111.0,-121.0,5712.885,5712.885
1127580,278968,0.0,21,-333.0,-333.0,449.145,449.145
1666463,365741,0.0,125,-1127.0,-1127.0,1679.445,1679.445
2107390,233675,1.0,2,-2578.0,-2587.0,9744.975,9744.975
2837472,160724,1.0,5,-481.0,-490.0,52384.86,52384.86
2812434,167641,1.0,1,-743.0,-756.0,8611.335,8611.335
1369372,355396,0.0,33,-1740.0,-1759.0,3375.0,3375.0
1920923,302374,0.0,37,-1579.0,-1590.0,5625.0,5625.0
2164119,422734,1.0,4,-765.0,-788.0,11722.635,11722.635
1641964,428421,1.0,7,-2486.0,-2486.0,8752.005,8752.005
2290584,358930,1.0,4,-2337.0,-2348.0,8128.755,8128.755
1919628,226416,1.0,7,-507.0,-520.0,4194.855,4194.855
1873597,405508,2.0,9,-85.0,-91.0,16150.77,16150.77
2370051,238854,1.0,4,-2490.0,-2502.0,3111.525,3111.525
2795189,134201,1.0,16,-802.0,-806.0,5783.04,5783.04
2651497,413214,1.0,18,-1629.0,-1643.0,11679.525,11679.525
1756909,425722,1.0,4,-964.0,-993.0,3388.5,3388.5
1398628,107432,1.0,6,-114.0,-121.0,18981.765,18981.765
2414364,440463,1.0,13,-533.0,-558.0,13681.575,2816.37
2094509,362953,0.0,1,-288.0,-294.0,2250.0,2250.0
1051169,351677,1.0,5,-2558.0,-2559.0,6595.155,6595.155
2439516,186344,1.0,8,-1016.0,-1032.0,2396.16,380.52
2707759,389120,1.0,7,-973.0,-989.0,21672.45,21672.45
1954325,157704,1.0,1,-66.0,-70.0,2969.595,2969.595
2560130,320720,1.0,23,-764.0,-775.0,39733.155,39733.155
2391689,251393,1.0,3,-1023.0,-1043.0,38032.56,38032.56
1683624,118510,1.0,6,-454.0,-456.0,22176.405,22176.405
2804114,155058,0.0,100,-428.0,-428.0,1125.0,1125.0
1235600,297392,0.0,89,-523.0,-523.0,2132.145,2132.145
1008775,155899,0.0,19,-167.0,-167.0,547.155,547.155
2261645,424713,0.0,98,-1567.0,-1579.0,10800.0,10800.0
2167188,275925,0.0,73,-1329.0,-1338.0,13500.0,13500.0
1670189,235616,1.0,16,-57.0,-56.0,6247.215,6247.215
2257775,220798,1.0,2,-460.0,-480.0,14110.83,14110.83
1360733,187354,1.0,12,-2050.0,-2057.0,4572.765,4572.765
2095345,445499,1.0,1,-1168.0,-1188.0,11355.75,11355.75
1104352,393218,0.0,55,-1792.0,-1792.0,1011.42,1011.42
2652639,196087,0.0,115,-233.0,-233.0,5.355,5.355
1075303,441745,1.0,1,-2656.0,-2656.0,3766.14,3766.14
1610483,326088,1.0,7,-494.0,-515.0,56754.0,586105.11
2467545,281034,1.0,7,-1572.0,-1588.0,15147.99,15147.99
1787072,171961,7.0,27,-274.0,-279.0,11438.145,27.9
2018656,119437,0.0,60,-414.0,-414.0,4446.855,4446.855
2164060,138424,1.0,7,-351.0,-355.0,17860.68,17860.68
2249581,167110,1.0,1,-1737.0,-1757.0,4323.51,4323.51
1941149,328489,0.0,31,-2220.0,-2226.0,9000.0,9000.0
1054703,312221,0.0,72,-1247.0,-1277.0,140.22,96.48
1180657,304620,1.0,20,-1119.0,-1125.0,23040.0,23040.0
2271239,252193,1.0,3,-343.0,-355.0,21237.75,21237.75
1056946,192324,0.0,12,-294.0,-294.0,61766.46,61766.46
1889554,273833,4.0,10,-595.0,-618.0,410919.885,410919.885
2204465,317412,0.0,93,-918.0,-918.0,388.8,388.8
2831132,190044,1.0,6,-549.0,-562.0,8164.845,8164.845
2345049,290271,1.0,4,-2400.0,-2409.0,5278.815,5278.77
1901781,298721,0.0,46,-1640.0,-1640.0,304.245,304.245
1532611,247790,1.0,2,-809.0,-830.0,15913.26,15913.26
2260255,389742,0.0,88,-259.0,-259.0,173.385,173.385
2605632,302254,0.0,32,-1367.0,-1374.0,9000.0,9000.0
1435260,358239,1.0,12,-122.0,-142.0,57997.665,57997.665
1430119,273144,1.0,16,-2091.0,-2118.0,8481.375,1.305
1728641,164970,1.0,3,-2497.0,-2503.0,1587.42,1587.42
2575076,449235,1.0,10,-236.0,-249.0,5157.675,5157.675
1078335,434427,0.0,107,-1411.0,-1410.0,9450.0,9225.0
1897936,333393,1.0,4,-242.0,-277.0,5762.79,5762.79
1355734,209979,1.0,10,-2055.0,-2041.0,2752.74,306.72
2727448,324126,2.0,12,-855.0,-867.0,15406.515,15406.515
2623122,129269,0.0,10,-235.0,-239.0,9162.27,9162.27
1308489,410546,1.0,15,-399.0,-401.0,38581.425,38581.425
1319968,308527,1.0,3,-725.0,-727.0,6424.245,6424.245
2641354,402103,1.0,29,-332.0,-348.0,13214.475,1231.2
2378255,260807,2.0,11,-636.0,-680.0,2745.405,12518.55
1425383,164860,1.0,7,-1124.0,-1165.0,16458.57,16458.57
2191842,180593,1.0,3,-333.0,-327.0,11120.715,10949.985
1338517,160417,1.0,11,-810.0,-815.0,62660.565,62660.565
2137345,288044,0.0,18,-2577.0,-2577.0,1125.0,1125.0
2671927,360182,1.0,7,-1046.0,-1072.0,12135.285,12135.285
2027091,432952,1.0,4,-2677.0,-2677.0,15635.925,15635.925
2191669,102431,1.0,22,-1171.0,-1183.0,15488.325,15488.325
2462265,407350,1.0,3,-1547.0,-1560.0,6538.86,6538.86
2535939,334612,1.0,3,-2076.0,-2097.0,4089.735,4089.735
1540089,342729,0.0,48,-2174.0,-2174.0,80.775,80.775
1287020,335760,1.0,7,-2149.0,-2178.0,3574.8,3574.8
2210655,422763,0.0,36,-1907.0,-1907.0,751.905,751.905
2458590,246434,1.0,2,-301.0,-319.0,6731.775,6731.775
2055733,441398,0.0,64,-1144.0,-1170.0,3375.0,3375.0
1307085,340223,1.0,5,-2445.0,-2445.0,4038.075,4038.075
1281738,223044,0.0,40,-2245.0,-2245.0,46.755,46.755
1683733,155967,0.0,56,-1702.0,-1702.0,487.755,487.755
1438932,161155,0.0,63,-1317.0,-1330.0,3375.0,3375.0
1016596,333099,1.0,5,-482.0,-493.0,23815.71,23815.71
1271598,184439,1.0,3,-580.0,-595.0,47515.095,47515.095
2162897,128028,2.0,11,-1274.0,-1278.0,6504.705,6504.705
1586032,356312,1.0,10,-1425.0,-1425.0,8920.755,8920.755
2412286,339844,1.0,1,-352.0,-382.0,2515.095,2515.095
1344068,449636,0.0,43,-197.0,-204.0,2702.61,530.01
1075919,393528,1.0,7,-80.0,-84.0,57078.45,57078.45
1538824,166656,1.0,11,-515.0,-528.0,5248.125,5248.125
1260765,265746,0.0,106,-480.0,-480.0,134.46,134.46
1486833,196812,1.0,6,-981.0,-1009.0,3655.53,3655.53
1024309,291351,1.0,2,-807.0,-824.0,4284.225,4284.225
1550908,263634,1.0,2,-620.0,-629.0,30118.77,30118.77
1206535,291615,1.0,12,-2498.0,-2499.0,2281.095,2281.095
2830746,329357,0.0,22,-1878.0,-1889.0,7875.0,7875.0
2390569,385164,0.0,177,-126.0,-126.0,355.815,355.815
1368566,177469,1.0,18,-1029.0,-1045.0,8085.105,8082.0
2588284,395603,1.0,12,-423.0,-431.0,9867.87,9867.87
2468897,362491,0.0,125,-1455.0,-1468.0,10800.0,10800.0
2475984,385390,0.0,41,-1438.0,-1448.0,4500.0,4500.0
1918838,101357,1.0,10,-2004.0,-2031.0,6031.215,6031.215
1674946,251073,1.0,8,-427.0,-436.0,17041.41,17041.41
1435073,418072,1.0,3,-995.0,-1007.0,8667.45,8667.45
2032483,234742,1.0,21,-169.0,-171.0,6259.725,6259.725
1785322,162263,1.0,22,-339.0,-340.0,50305.5,50305.5
2253792,222982,0.0,25,-59.0,-59.0,13234.77,13234.77
2715456,310936,0.0,11,-63.0,-63.0,22500.0,22500.0
1688872,388224,1.0,18,-227.0,-229.0,12657.465,12657.465
2715713,430512,0.0,32,-97.0,-97.0,444.105,444.105
1439488,159933,1.0,3,-791.0,-794.0,8025.21,8025.21
2448420,313418,1.0,2,-375.0,-384.0,6128.775,6128.775
1331988,440725,0.0,12,-564.0,-562.0,11553.48,11553.48
1689227,125695,1.0,5,-1507.0,-1515.0,13054.68,13054.68
2571593,138353,1.0,10,-2063.0,-2065.0,8863.245,8863.245
2775271,284616,1.0,5,-80.0,-78.0,19721.655,8604.36
2579616,246020,0.0,52,-1378.0,-1378.0,2250.0,2250.0
1496995,132227,0.0,34,-1756.0,-1756.0,3375.0,3375.0
1766533,118542,1.0,20,-134.0,-136.0,44555.085,44555.085
1740704,354940,2.0,2,-20.0,-28.0,111781.26,111781.26
2271016,301488,0.0,71,-735.0,-735.0,174.555,174.555
2240290,187649,0.0,18,-2681.0,-2681.0,2250.0,2250.0
1005279,411673,12.0,6,-426.0,-428.0,26543.07,49500.0
1585989,443201,0.0,78,-878.0,-878.0,106.335,106.335
1838913,174477,1.0,2,-2341.0,-2349.0,10492.02,10492.02
1591150,119887,1.0,9,-106.0,-143.0,15451.65,15451.65
1017421,100198,0.0,41,-1726.0,-1743.0,3780.0,3780.0
1041449,195725,1.0,14,-331.0,-334.0,28453.32,28453.32
1836746,348914,1.0,1,-1229.0,-1229.0,54684.405,54684.405
1721441,448042,1.0,9,-935.0,-931.0,6127.425,577.755
1271302,386593,1.0,5,-1332.0,-1328.0,7172.19,6.075
2794208,391263,1.0,6,-878.0,-883.0,5236.92,5236.92
2715300,267324,1.0,12,-1452.0,-1457.0,4419.0,4419.0
1592884,330756,0.0,103,-360.0,-366.0,6750.0,6750.0
1136653,231551,1.0,1,-384.0,-378.0,8073.495,8033.49
2562645,194030,1.0,4,-1827.0,-1839.0,15097.545,15097.545
2399410,216067,1.0,7,-321.0,-315.0,5737.05,3588.84
2764200,207113,1.0,2,-1543.0,-1553.0,12609.945,12609.945
1161168,182907,1.0,7,-469.0,-470.0,6556.77,6556.77
2399004,101268,1.0,3,-803.0,-797.0,29967.615,352.755
2229318,330702,1.0,9,-303.0,-321.0,10629.72,10629.72
1096378,422928,1.0,1,-709.0,-723.0,11087.955,11087.955
2200777,363141,0.0,78,-1347.0,-1356.0,9000.0,9000.0
1877843,321240,0.0,10,-2110.0,-2124.0,5625.0,5625.0
1898471,291639,0.0,41,-114.0,-120.0,6250.59,6250.59
1001549,127489,0.0,55,-258.0,-258.0,19939.185,19939.185
1012596,210952,1.0,12,-487.0,-496.0,25533.81,25533.81
1542671,186003,1.0,6,-1403.0,-1406.0,18702.495,18702.495
1910511,439758,1.0,1,-1172.0,-1195.0,10202.58,10202.58
1150565,239000,0.0,121,-229.0,-229.0,2250.0,2250.0
2114123,313302,1.0,3,-220.0,-235.0,15097.365,15097.365
1030842,267497,0.0,21,-45.0,-45.0,249.165,249.165
1127807,272607,0.0,29,-198.0,-197.0,9644.805,9644.805
1385256,164596,1.0,2,-205.0,-213.0,10023.75,10023.75
1062693,264024,1.0,9,-156.0,-153.0,48609.81,9136.575
1183345,382803,1.0,9,-337.0,-354.0,19925.64,19925.64
2399779,240945,1.0,9,-2114.0,-2114.0,7637.13,7637.13
1564496,376214,1.0,1,-818.0,-848.0,10212.975,10212.975
1944967,443383,0.0,47,-1469.0,-1469.0,3647.61,3647.61
1910277,163573,3.0,27,-85.0,-88.0,18664.335,18664.335
2778696,271772,0.0,27,-609.0,-609.0,10450.71,10450.71
1779855,118620,0.0,76,-579.0,-579.0,0.045,0.045
1301312,203963,1.0,2,-203.0,-211.0,45966.195,45966.195
2007322,318407,1.0,4,-2462.0,-2467.0,8610.12,8610.12
1311728,216284,1.0,23,-286.0,-287.0,25932.915,25932.915
1238683,268761,1.0,3,-108.0,-120.0,66759.75,66759.75
2126777,311676,0.0,19,-778.0,-780.0,3611.565,3611.565
1532452,133310,1.0,2,-2103.0,-2104.0,10611.81,10609.425
1001105,135332,0.0,48,-2216.0,-2216.0,450.0,450.0
2221269,305208,1.0,17,-220.0,-250.0,6260.895,625.68
1786293,156412,0.0,18,-2454.0,-2454.0,1275.84,1275.84
1751375,310740,0.0,4,-2152.0,-2170.0,6750.0,6750.0
2572142,215155,1.0,5,-1265.0,-1266.0,21093.93,21093.93
1561133,411416,1.0,11,-2299.0,-2300.0,9127.35,9127.35
2741375,305568,1.0,5,-1719.0,-1780.0,14116.32,14116.32
1942014,425601,1.0,1,-466.0,-481.0,18858.69,18858.69
2832530,369205,1.0,1,-676.0,-693.0,11544.12,11544.12
1336010,138095,0.0,82,-618.0,-618.0,1743.3,1743.3
1388939,259634,1.0,15,-229.0,-244.0,5160.915,5160.915
2397390,124051,1.0,5,-407.0,-417.0,17899.695,17899.695
1365121,413259,2.0,11,-2039.0,-2051.0,7822.98,7822.98
2299246,131497,1.0,6,-1926.0,-1941.0,10817.91,10817.91
1970295,160804,1.0,12,-385.0,-385.0,34767.495,34767.495
2104761,225364,1.0,1,-520.0,-532.0,59123.475,59123.475
2040148,288853,0.0,37,-500.0,-500.0,13095.495,13095.495
1744602,323989,1.0,10,-1931.0,-1939.0,15189.795,15189.795
1205644,387453,1.0,5,-2074.0,-2072.0,12088.8,11923.605
2778257,255077,1.0,11,-975.0,-981.0,25120.485,25120.485
2517772,170817,1.0,6,-2538.0,-2547.0,4630.23,4630.23
2095161,396013,1.0,3,-1434.0,-1438.0,8735.85,8735.85
1330773,450486,0.0,31,-785.0,-785.0,3437.37,3437.37
2100795,425451,1.0,3,-1494.0,-1507.0,13151.205,13151.205
2239604,109192,1.0,4,-643.0,-653.0,11516.67,11516.67
1416492,444704,1.0,10,-1663.0,-1666.0,12381.165,12381.165
1589926,273540,0.0,49,-1442.0,-1449.0,6750.0,6750.0
1012451,375601,1.0,9,-2049.0,-2062.0,5772.87,5772.87
2117200,308135,1.0,16,-329.0,-347.0,10615.5,10615.5
1251009,277087,1.0,16,-374.0,-384.0,33330.69,33330.69
1191530,130694,1.0,5,-1158.0,-1163.0,17676.72,17676.72
1111212,378078,0.0,124,-540.0,-549.0,4500.0,4500.0
2132535,142608,0.0,31,-345.0,-345.0,1370.25,1370.25
1162298,340252,0.0,73,-1805.0,-1805.0,2250.0,2250.0
1740751,122730,1.0,7,-439.0,-454.0,17853.075,17853.075
1815799,294497,0.0,72,-46.0,-44.0,10584.315,10584.315
2307810,229036,1.0,1,-2599.0,-2602.0,4848.615,4848.615
1391309,440198,1.0,4,-832.0,-852.0,6296.22,6296.22
1386405,453830,0.0,111,-90.0,-90.0,195.03,195.03
1560755,273214,1.0,1,-204.0,-218.0,32085.675,225000.0
2621738,440740,0.0,4,-281.0,-281.0,9000.0,9000.0
2428427,410456,1.0,17,-399.0,-406.0,21839.625,21839.625
1398683,136093,2.0,12,-1314.0,-1325.0,14764.68,14764.68
2248477,393782,0.0,25,-1529.0,-1529.0,125370.0,125370.0
1789595,383883,1.0,5,-1854.0,-1870.0,6163.83,6163.83
1157861,213651,1.0,6,-1366.0,-1422.0,5200.47,3688.425
1105524,138149,0.0,58,-364.0,-364.0,417.735,417.735
2508044,135555,1.0,1,-1846.0,-1865.0,13628.07,13628.07
2629107,214575,1.0,11,-674.0,-676.0,56451.87,56451.87
1211221,346505,0.0,18,-1944.0,-1961.0,9000.0,9000.0
2833536,100067,0.0,16,-2231.0,-2237.0,2250.0,2250.0
2388653,357959,1.0,6,-538.0,-549.0,9300.6,9300.6
2669613,259103,1.0,15,-2021.0,-2010.0,7606.125,7538.265
1420383,431651,0.0,42,-2453.0,-2461.0,8100.0,8100.0
2564600,148392,1.0,2,-144.0,-194.0,6425.82,6425.82
1316736,164248,0.0,14,-123.0,-123.0,302.67,302.67
2769700,178095,1.0,2,-1331.0,-1344.0,7229.115,7229.115
1812483,298645,0.0,1,-656.0,-663.0,11070.63,11070.63
1189964,420992,0.0,6,-1096.0,-1111.0,6742.845,6742.845
1710353,219753,1.0,3,-125.0,-143.0,2437.56,2437.56
1197557,125419,1.0,1,-1084.0,-1091.0,9051.435,9051.435
1481326,312856,1.0,8,-2216.0,-2226.0,19176.255,19175.535
2574885,335608,18.0,25,-145.0,-172.0,49115.7,67500.0
1287518,431286,1.0,6,-780.0,-800.0,22443.075,22443.075
1223275,275469,1.0,18,-154.0,-155.0,29808.45,29808.45
1266965,138817,3.0,23,-97.0,-96.0,30795.75,30795.75
2089353,225001,0.0,92,-707.0,-707.0,2.43,2.43
2570115,171578,1.0,19,-213.0,-214.0,19037.475,19037.475
2474624,242114,1.0,3,-1201.0,-1225.0,47041.335,47041.335
1603316,436689,2.0,6,-310.0,-321.0,405564.705,450000.0
1158492,271834,1.0,9,-857.0,-879.0,4923.675,4923.675
1328338,282680,1.0,12,-572.0,-561.0,18793.485,18569.43
2583472,420047,1.0,20,-284.0,-289.0,19062.675,19062.675
2702508,147857,1.0,1,-934.0,-953.0,62793.0,62793.0
2633185,414723,1.0,7,-216.0,-246.0,13321.575,13321.575
2511934,244325,1.0,14,-1189.0,-1176.0,5518.8,717.075
1282496,304225,0.0,33,-2491.0,-2491.0,267.93,267.93
1549383,219020,1.0,12,-212.0,-223.0,19908.27,19908.27
2474636,236436,1.0,5,-197.0,-218.0,7196.625,7196.625
1415921,172361,1.0,22,-702.0,-700.0,5792.76,5792.76
1457034,375115,1.0,5,-322.0,-331.0,11059.11,11059.11
2032153,454900,0.0,3,-911.0,-919.0,8334.63,8334.63
2505155,176139,1.0,18,-25.0,-24.0,12074.31,12074.31
1367573,277984,0.0,48,-95.0,-95.0,134.73,134.73
2674293,154892,1.0,16,-399.0,-406.0,52788.78,52788.78
1360479,248283,0.0,24,-162.0,-162.0,12.915,12.915
2571048,449829,1.0,2,-602.0,-615.0,12566.475,12566.475
1832375,343240,1.0,2,-2024.0,-2045.0,5618.385,5618.385
2340992,238026,1.0,1,-1167.0,-1173.0,12561.75,12561.75
1676789,238196,1.0,3,-80.0,-86.0,1875.105,1875.105
2144703,136997,1.0,6,-175.0,-173.0,10662.255,9973.53
1301831,283304,1.0,3,-801.0,-842.0,13972.455,13972.455
1820499,193831,1.0,14,-84.0,-108.0,10455.615,10455.615
2487208,346834,1.0,7,-743.0,-772.0,10777.275,586.35
2726183,293962,0.0,125,-342.0,-359.0,11250.0,11250.0
1882121,431187,1.0,9,-1223.0,-1232.0,5785.29,5785.29
1262572,405847,1.0,1,-2683.0,-2683.0,6118.02,6118.02
2261696,365534,0.0,107,-1092.0,-1101.0,6750.0,6750.0
2032114,224583,0.0,25,-2166.0,-2166.0,9000.0,9000.0
2636477,385058,0.0,18,-2411.0,-2429.0,5625.0,5625.0
2224255,346712,1.0,8,-346.0,-348.0,29247.345,29247.345
1565426,455492,0.0,20,-2353.0,-2353.0,181.755,181.755
1974519,432311,2.0,7,-350.0,-368.0,170671.77,170671.77
1629706,417295,3.0,4,-35.0,-86.0,24509.97,24509.97
2166618,155133,0.0,57,-112.0,-120.0,15782.4,15782.4
2085160,280829,1.0,11,-671.0,-687.0,17367.3,17367.3
2697204,234557,1.0,6,-438.0,-437.0,13232.34,13232.34
1865530,297912,0.0,43,-936.0,-936.0,3775.77,3775.77
2598542,312025,0.0,38,-74.0,-74.0,239.58,239.58
2638356,123294,1.0,5,-587.0,-590.0,44711.19,44711.19
2723107,265103,3.0,11,-587.0,-591.0,15230.34,15230.34
2323204,139619,1.0,4,-1972.0,-1976.0,16978.905,16978.905
1575885,354639,1.0,8,-2527.0,-2527.0,9043.065,9043.065
2354784,145636,1.0,1,-1513.0,-1543.0,14584.05,14584.05
1780393,285725,1.0,1,-192.0,-207.0,16598.97,16598.97
1609665,183807,1.0,6,-1630.0,-1646.0,6173.235,6173.235
1369152,293382,1.0,5,-598.0,-628.0,32650.605,32650.605
1084921,433994,1.0,4,-1731.0,-1746.0,10648.44,10648.44
1465258,271222,1.0,1,-195.0,-218.0,6767.37,6767.37
2379889,248750,0.0,6,-739.0,-739.0,163215.18,163215.18
1636630,339757,1.0,1,-2565.0,-2576.0,8857.665,8857.665
1385485,230789,1.0,9,-310.0,-317.0,12581.28,12581.28
2585872,104964,5.0,29,-68.0,-66.0,28285.65,27136.935
1686830,433037,1.0,3,-2507.0,-2507.0,2763.855,2763.855
2639704,344307,1.0,2,-1197.0,-1202.0,3891.555,3891.555
1057588,283684,1.0,1,-61.0,-84.0,3807.495,3807.495
1285328,176497,0.0,56,-391.0,-391.0,15710.085,15710.085
2479449,240608,1.0,6,-1115.0,-1134.0,6672.375,6672.375
1423375,423501,1.0,6,-560.0,-563.0,45369.405,45369.405
2186861,425325,0.0,83,-264.0,-264.0,5376.69,5376.69
1340128,317243,0.0,11,-123.0,-123.0,28779.525,28779.525
2673605,154641,1.0,13,-404.0,-408.0,21720.87,21720.87
2623291,336914,2.0,7,-2266.0,-2268.0,49634.775,49634.775
1716636,144731,1.0,1,-548.0,-553.0,10134.045,10134.045
1463522,251191,0.0,21,-2231.0,-2242.0,8100.0,8100.0
2819416,445404,1.0,1,-241.0,-243.0,48241.845,48241.845
2099299,212141,1.0,9,-1732.0,-1735.0,3268.035,3268.035
1545175,203098,0.0,13,-2580.0,-2591.0,3375.0,3375.0
1840915,232259,0.0,38,-2113.0,-2132.0,3375.0,3375.0
2356561,423403,1.0,4,-475.0,-522.0,5438.835,644.085
2300708,100952,1.0,7,-1321.0,-1363.0,12978.225,12978.225
1088042,436041,1.0,4,-2299.0,-2306.0,4940.1,4940.1
1052886,407401,0.0,61,-1209.0,-1209.0,95.175,95.175
2617293,385246,1.0,7,-2455.0,-2451.0,5691.33,5691.33
2575172,118270,1.0,8,-734.0,-767.0,14416.56,14416.56
1051961,325769,1.0,1,-177.0,-189.0,3253.32,3253.32
2037169,358409,1.0,9,-2490.0,-2493.0,4854.33,4854.33
2119394,201900,1.0,5,-134.0,-138.0,5307.075,5307.075
2541558,347543,0.0,9,-841.0,-843.0,16309.08,16309.08
1042034,431089,1.0,16,-381.0,-372.0,3487.725,821.79
2642970,311217,1.0,4,-874.0,-879.0,10503.405,10503.405
1183321,240355,1.0,13,-536.0,-543.0,8180.82,8180.82
1764635,204705,1.0,16,-702.0,-710.0,11556.18,11556.18
1414618,113532,1.0,3,-1409.0,-1408.0,7658.505,7658.505
2115648,317741,0.0,32,-280.0,-280.0,21413.07,21413.07
2738262,207514,1.0,6,-815.0,-821.0,13990.68,13990.68
2796741,243429,1.0,11,-432.0,-457.0,31275.81,2269.17
2411721,298678,1.0,9,-839.0,-841.0,22790.205,22790.205
2558027,231680,1.0,11,-1516.0,-1530.0,9345.105,9345.105
1641677,448488,1.0,3,-1017.0,-1024.0,5739.345,5739.345
2094309,436365,1.0,2,-806.0,-804.0,96447.195,90684.225
1220194,255783,2.0,1,-322.0,-336.0,29445.3,29445.3
1975145,208020,1.0,7,-195.0,-212.0,25444.035,25444.035
2403657,282506,2.0,2,-46.0,-64.0,10568.88,10556.055
2180098,234567,1.0,4,-677.0,-685.0,48952.62,48952.62
1839300,111273,1.0,1,-236.0,-248.0,24924.42,24924.42
2299601,446592,1.0,8,-784.0,-791.0,23111.37,23111.37
2652869,115742,1.0,2,-666.0,-693.0,11552.58,11552.58
1411978,318554,1.0,9,-1556.0,-1569.0,3647.295,3647.295
1311800,253591,0.0,23,-43.0,-43.0,21.645,21.645
2632940,174328,1.0,11,-286.0,-304.0,13570.02,13570.02
1646600,121514,1.0,2,-278.0,-296.0,9396.0,9396.0
1622586,122365,1.0,6,-1731.0,-1739.0,4641.975,3871.125
1606298,290144,1.0,22,-514.0,-544.0,24390.0,24390.0
1822656,258933,1.0,6,-695.0,-695.0,14638.725,14638.725
1002497,160716,1.0,8,-1201.0,-1213.0,39088.035,39088.035
1210461,370181,1.0,7,-918.0,-923.0,4071.15,4071.15
2015002,208373,0.0,35,-378.0,-392.0,2250.0,2250.0
2032390,349290,1.0,4,-1722.0,-1691.0,5654.295,2.385
1235983,288944,0.0,31,-1621.0,-1601.0,9000.0,9000.0
2728692,122394,0.0,1,-1259.0,-1259.0,70200.0,70200.0
1465955,399839,1.0,7,-1404.0,-1413.0,7834.23,7834.23
1940441,275197,0.0,37,-458.0,-469.0,4079.16,4079.16
2199548,278798,0.0,79,-354.0,-354.0,369.45,369.45
2108013,451285,1.0,9,-37.0,-42.0,15746.625,15746.625
1565741,218888,1.0,10,-458.0,-497.0,6992.595,6992.595
2809713,203959,1.0,10,-381.0,-386.0,7850.97,7850.97
2463404,159435,1.0,7,-1982.0,-2009.0,5928.885,21.105
1035863,303441,0.0,50,-1675.0,-1675.0,61.605,61.605
2702165,379932,1.0,11,-14.0,-15.0,18729.18,18729.18
1980697,163669,1.0,1,-1139.0,-1154.0,4599.675,4599.675
1683378,231763,1.0,2,-1818.0,-1831.0,3625.92,3625.92
1261498,140488,1.0,7,-2124.0,-2134.0,2567.475,2567.475
1436738,389967,1.0,6,-2153.0,-2228.0,3452.175,3452.175
1801944,382237,1.0,7,-28.0,-46.0,5819.49,5819.49
1652652,355297,1.0,11,-1061.0,-1066.0,64935.0,64935.0
2290689,389933,1.0,13,-1890.0,-1907.0,12054.195,12054.195
1640161,191199,0.0,99,-25.0,-25.0,98.415,98.415
1180968,444546,1.0,9,-1996.0,-2009.0,16706.34,16706.34
1744699,269311,1.0,1,-1160.0,-1175.0,7960.275,7960.275
1061808,180120,1.0,3,-113.0,-117.0,15854.67,15854.67
1725877,327638,0.0,98,-500.0,-500.0,846.45,846.45
2290464,325897,1.0,2,-1820.0,-1834.0,3860.955,3860.955
1259353,235309,1.0,9,-746.0,-772.0,3889.035,225.72
1329634,345821,1.0,12,-1434.0,-1444.0,2440.26,2440.26
1442043,352658,1.0,6,-1841.0,-1845.0,9438.66,9438.66
2476625,260222,1.0,6,-2097.0,-2102.0,13004.145,13004.145
1985652,186105,0.0,21,-2648.0,-2673.0,8100.0,8100.0
2080847,172623,0.0,98,-1610.0,-1632.0,6750.0,6750.0
1675853,223302,1.0,5,-2609.0,-2636.0,3916.755,3916.755
2674505,144507,1.0,12,-1047.0,-1054.0,28170.45,28170.45
2794294,359751,1.0,7,-2180.0,-2195.0,8275.68,8275.68
1467898,264289,0.0,3,-604.0,-622.0,3789.36,3699.0
1118372,174230,3.0,10,-448.0,-461.0,2562.885,4911.345
2246545,372494,1.0,11,-677.0,-679.0,9751.95,9751.95
2167730,357450,1.0,9,-138.0,-131.0,7759.755,7646.175
1067307,357130,1.0,6,-1869.0,-1869.0,16978.905,16978.905
2175041,366040,1.0,2,-1396.0,-1411.0,5603.22,5603.22
1748453,362319,0.0,10,-118.0,-126.0,22991.265,22991.265
1380575,213299,1.0,1,-946.0,-976.0,23077.305,23077.305
2343918,353333,1.0,15,-577.0,-586.0,11436.345,11436.345
2843010,236997,2.0,22,-193.0,-197.0,27438.03,27438.03
1411050,239032,1.0,4,-986.0,-997.0,16789.635,16789.635
2444622,357989,1.0,8,-1170.0,-1171.0,15644.7,15644.7
1817985,163292,1.0,1,-360.0,-374.0,8286.435,8286.435
2777728,370238,0.0,42,-1553.0,-1575.0,9000.0,9000.0
1471639,443266,0.0,16,-1123.0,-1123.0,911.385,911.385
2737931,375916,3.0,13,-60.0,-62.0,19969.29,19969.29
2820669,165868,1.0,14,-1294.0,-1310.0,3373.605,3373.605
1970179,376351,2.0,1,-429.0,-434.0,219566.835,298257.525
2673758,308495,1.0,2,-794.0,-799.0,32672.25,32672.25
1298946,222094,1.0,5,-1907.0,-1908.0,14643.135,14643.135
2368693,404118,2.0,5,-1426.0,-1443.0,9033.66,9033.66
2518532,363759,1.0,1,-1496.0,-1501.0,7858.395,7858.395
2261313,391055,1.0,4,-1405.0,-1412.0,10849.86,10849.86
1028841,439484,3.0,8,-313.0,-314.0,8390.25,8390.25
2565029,149056,1.0,7,-30.0,-31.0,47819.925,47819.925
2673142,349378,1.0,9,-1650.0,-1661.0,6371.1,6371.1
2645782,182659,2.0,5,-2622.0,-2622.0,8824.185,8824.185
1184828,251845,0.0,20,-1959.0,-1961.0,9000.0,9000.0
1180436,189933,1.0,10,-1392.0,-1412.0,17928.585,17928.585
2261527,261473,1.0,4,-1405.0,-1414.0,37633.05,37633.05
2561118,188628,1.0,10,-664.0,-666.0,8086.32,8086.32
2158963,356627,0.0,74,-1334.0,-1334.0,1488.96,1488.96
2224325,386806,1.0,20,-131.0,-138.0,10038.195,10038.195
2258067,200796,0.0,11,-748.0,-748.0,424.26,424.26
2541360,443198,6.0,10,-176.0,-189.0,236674.485,236674.485
1355240,143994,1.0,3,-1130.0,-1141.0,8129.655,8129.655
1100438,293823,1.0,5,-2402.0,-2415.0,9143.01,4852.935
2137374,368752,0.0,35,-1289.0,-1273.0,3375.0,3375.0
2486743,138185,0.0,2,-470.0,-470.0,1614.375,1614.375
1510791,397687,1.0,3,-102.0,-103.0,14486.76,14486.76
2155608,109086,0.0,181,-278.0,-278.0,1624.95,1624.95
1576750,283818,1.0,6,-741.0,-748.0,14766.885,14766.885
1668318,324888,1.0,4,-979.0,-984.0,18059.085,12504.915
2662864,456127,1.0,3,-1083.0,-1087.0,12647.745,12647.745
2830723,397868,1.0,1,-257.0,-270.0,13476.96,13476.96
2200707,249043,1.0,2,-1398.0,-1421.0,6613.245,6613.245
2749376,211062,1.0,7,-2274.0,-2302.0,3429.81,3429.81
2553648,179847,1.0,6,-228.0,-238.0,21709.125,21709.125
2492857,150157,0.0,7,-246.0,-246.0,2297.475,47.475
1410576,316721,1.0,14,-114.0,-115.0,63195.435,63195.435
2512151,456060,1.0,9,-1258.0,-1260.0,5521.68,5521.68
2686928,177788,1.0,2,-456.0,-466.0,6208.695,6208.695
2101974,362174,1.0,9,-1644.0,-1633.0,3572.19,3572.19
1285961,158713,0.0,119,-447.0,-447.0,109.575,109.575
2370018,103459,1.0,2,-213.0,-227.0,5580.675,5580.675
2690698,269434,1.0,4,-1290.0,-1294.0,14192.55,14192.55
2046022,108762,1.0,8,-218.0,-229.0,13516.065,13516.065
1363572,449749,1.0,8,-719.0,-734.0,9377.73,9377.73
2356306,117757,0.0,37,-950.0,-950.0,109.98,109.98
2305943,410013,1.0,26,-242.0,-240.0,16281.855,16118.325
1589068,190856,0.0,82,-1543.0,-1543.0,225.0,225.0
1096967,170549,1.0,2,-287.0,-296.0,19257.165,19257.165
2214325,276019,0.0,51,-51.0,-51.0,39326.355,39326.355
1645566,257663,0.0,15,-2061.0,-2080.0,4500.0,4500.0
2682766,157878,0.0,90,-1212.0,-1212.0,83.07,83.07
2137357,127316,0.0,16,-2309.0,-2319.0,9000.0,9000.0
2016184,313250,1.0,6,-320.0,-328.0,6938.235,6938.235
2387807,163447,1.0,9,-645.0,-651.0,15488.325,15488.325
2837241,173822,0.0,111,-642.0,-642.0,19.575,19.575
2686871,257904,1.0,5,-388.0,-399.0,13608.045,118.575
2644740,347870,1.0,8,-1445.0,-1453.0,13831.11,13831.11
1716327,313143,1.0,4,-1034.0,-1066.0,6942.42,6942.42
1876848,231558,0.0,6,-1249.0,-1235.0,22035.42,18303.48
2605805,169560,0.0,15,-2793.0,-2802.0,6750.0,6750.0
2736816,111961,0.0,43,-114.0,-124.0,7931.115,7931.115
1316690,208660,1.0,6,-1396.0,-1408.0,11346.12,11346.12
1557115,250714,1.0,13,-1480.0,-1478.0,16075.08,15338.97
1214817,436257,1.0,10,-550.0,-554.0,34666.425,34666.425
1362072,121667,1.0,2,-2178.0,-2194.0,9502.965,9502.965
1712054,390652,1.0,4,-560.0,-570.0,4413.51,4413.51
1668277,107190,0.0,22,-253.0,-257.0,22299.075,22299.075
1874205,241239,1.0,7,-584.0,-584.0,29276.01,29276.01
2240877,379932,1.0,11,-989.0,-992.0,17609.895,17609.895
1951870,401827,0.0,75,-28.0,-28.0,355.095,355.095
1770449,129698,1.0,2,-1668.0,-1667.0,3270.87,3270.87
1944888,329660,0.0,26,-2133.0,-2133.0,923.175,923.175
1666932,411253,1.0,4,-409.0,-412.0,11781.09,11781.09
1258870,332721,1.0,11,-2341.0,-2379.0,25755.075,44.55
2392933,451368,1.0,6,-2375.0,-2375.0,2641.77,2641.77
1268389,374166,1.0,2,-763.0,-763.0,47978.55,47978.55
1982517,394862,0.0,27,-115.0,-126.0,11563.425,11563.425
2836193,218066,1.0,1,-975.0,-977.0,12649.545,12649.545
1452014,273935,1.0,14,-508.0,-508.0,9406.665,9406.665
1931722,162995,1.0,9,-1622.0,-1648.0,6942.06,6942.06
1263736,315255,1.0,3,-686.0,-697.0,37436.805,37436.805
2596049,148071,1.0,4,-1509.0,-1511.0,19459.53,19459.53
1382823,413165,1.0,3,-1715.0,-1728.0,8503.65,8503.65
2104426,276279,0.0,51,-1559.0,-1560.0,3375.0,3375.0
1354963,115288,0.0,93,-138.0,-138.0,33.705,33.705
2339963,422599,0.0,20,-2773.0,-2797.0,10800.0,10800.0
2383017,129259,1.0,3,-1980.0,-1997.0,3733.56,3733.56
1611121,296093,0.0,68,-91.0,-101.0,5038.38,5038.38
1779468,261801,1.0,6,-2185.0,-2232.0,17916.75,17916.75
1571313,392665,0.0,53,-899.0,-899.0,166.86,166.86
1543851,440561,1.0,5,-1523.0,-1549.0,3862.08,3862.08
2085676,109378,1.0,5,-235.0,-265.0,31856.625,31856.625
1573680,286801,1.0,10,-499.0,-503.0,8316.225,8316.225
1198582,443381,2.0,2,-596.0,-623.0,12991.455,12991.455
2490869,272879,0.0,50,-627.0,-627.0,4.005,4.005
1259348,434475,1.0,28,-504.0,-508.0,23496.12,150.885
1825850,120822,0.0,1,-1095.0,-1095.0,11250.0,11250.0
2295299,288873,1.0,10,-2218.0,-2230.0,3233.52,3233.52
2759263,228533,1.0,3,-82.0,-93.0,8979.435,8979.435
1830344,173097,1.0,4,-1322.0,-1338.0,14272.695,14272.695
1238215,370374,1.0,2,-581.0,-583.0,17356.59,17356.59
2164604,125971,0.0,114,-212.0,-212.0,419.31,419.31
1152087,282671,1.0,6,-606.0,-626.0,57519.225,7747.875
2804745,166426,1.0,5,-2028.0,-2033.0,12169.125,12169.125
2356357,169307,1.0,5,-134.0,-148.0,27591.075,27591.075
2721076,365338,1.0,6,-800.0,-808.0,6358.905,6358.905
2282741,436955,1.0,8,-2467.0,-2483.0,9989.01,9989.01
1544847,402524,1.0,3,-657.0,-666.0,6810.57,6810.57
2580592,357286,1.0,3,-785.0,-789.0,17626.05,17626.05
1267231,210133,0.0,1,-755.0,-755.0,45000.0,45000.0
2032036,445690,1.0,10,-1427.0,-1426.0,4695.705,4695.705
1418481,278284,8.0,16,-54.0,-57.0,25759.125,33129.0
2599820,180410,1.0,6,-1543.0,-1548.0,15473.655,15473.655
2137161,113921,1.0,1,-2163.0,-2193.0,3423.375,3423.375
2819019,109457,2.0,18,-370.0,-386.0,178316.865,178316.865
1840258,434687,1.0,8,-359.0,-364.0,30890.295,30890.295
1416523,265486,1.0,2,-783.0,-794.0,22211.1,22211.1
1514197,174509,0.0,4,-246.0,-246.0,900.0,900.0
1820499,193831,1.0,8,-264.0,-294.0,10455.615,10455.615
1059712,210329,2.0,4,-509.0,-511.0,277819.425,277819.425
1062633,438749,2.0,12,-1380.0,-1387.0,18691.47,18691.47
1561571,214142,0.0,31,-1745.0,-1747.0,4500.0,4500.0
1660964,433631,0.0,69,-53.0,-72.0,2250.0,2250.0
1968647,449876,1.0,12,-1671.0,-1682.0,24427.305,24427.305
2632642,292527,1.0,4,-644.0,-683.0,26311.5,26311.5
2177481,345435,1.0,4,-410.0,-415.0,9877.77,9877.77
1945434,192554,0.0,23,-2639.0,-2653.0,6750.0,6750.0
2640981,231897,0.0,18,-1963.0,-1963.0,177.525,177.525
1821544,434963,1.0,8,-1824.0,-1818.0,20517.165,20162.52
2672962,380301,1.0,8,-945.0,-978.0,2655.81,2655.81
2772997,448405,1.0,2,-199.0,-232.0,10038.69,10038.69
2013553,123425,1.0,6,-339.0,-370.0,13200.255,9297.225
1673239,310003,0.0,24,-1776.0,-1789.0,9000.0,9000.0
1152058,381404,1.0,9,-1395.0,-1388.0,9416.475,9245.925
2142896,403957,0.0,23,-79.0,-78.0,9292.59,9292.59
1570652,442432,4.0,2,-129.0,-156.0,147463.065,147463.065
2618156,258318,1.0,9,-94.0,-169.0,4611.15,4611.15
2583830,217137,0.0,41,-1688.0,-1688.0,306.495,306.495
1284067,312112,1.0,5,-2363.0,-2423.0,6917.22,6917.22
2837177,120772,1.0,7,-964.0,-966.0,16762.905,16762.905
1395143,451017,1.0,11,-117.0,-154.0,26693.775,26693.775
1092802,371758,0.0,33,-418.0,-421.0,15399.27,15399.27
2727663,289835,3.0,12,-350.0,-360.0,20540.7,20540.7
1739571,431875,1.0,1,-1026.0,-1025.0,47007.045,47007.045
1154369,138081,6.0,13,-416.0,-421.0,2521.44,12751.2
2526388,103494,1.0,1,-844.0,-849.0,7994.385,7994.385
2178240,352386,1.0,4,-1642.0,-1664.0,13725.135,13723.74
2322718,447704,0.0,54,-2344.0,-2356.0,3375.0,3375.0
1373326,328039,0.0,39,-1791.0,-1810.0,9000.0,9000.0
1915769,138380,1.0,7,-1367.0,-1362.0,16729.155,16726.815
2539021,128390,0.0,32,-145.0,-145.0,24.975,24.975
1370601,263479,0.0,15,-571.0,-570.0,11217.51,11217.51
2200653,181092,1.0,6,-605.0,-638.0,28502.82,431.28
1535700,408072,3.0,9,-211.0,-214.0,75138.255,75138.255
1417387,188598,0.0,50,-1432.0,-1432.0,32.4,32.4
1410622,371289,1.0,17,-1877.0,-1874.0,14334.525,14004.45
1314888,378688,0.0,116,-740.0,-740.0,13500.0,13500.0
2186726,311674,2.0,6,-305.0,-322.0,43353.54,43353.54
1697342,449062,0.0,2,-205.0,-205.0,2700.0,2700.0
2079518,286222,1.0,7,-2205.0,-2203.0,7689.24,6046.2
2138878,437348,1.0,3,-343.0,-369.0,4369.5,4369.5
2099382,297107,1.0,4,-553.0,-577.0,4644.675,4644.675
1999898,336501,0.0,113,-145.0,-145.0,1265.94,1265.94
2758905,448870,1.0,4,-1789.0,-1795.0,3641.58,3641.58
2661239,114382,1.0,2,-1111.0,-1128.0,3922.335,3922.335
2552332,396386,0.0,16,-2083.0,-2087.0,6750.0,4500.0
1187110,384904,1.0,6,-326.0,-332.0,23284.485,23284.485
2777406,452591,1.0,15,-300.0,-307.0,32819.445,32819.445
1739503,289170,1.0,6,-91.0,-96.0,9849.555,9849.555
1482386,363373,1.0,5,-2332.0,-2332.0,15737.985,15737.985
1369717,432608,1.0,8,-122.0,-129.0,10155.6,10155.6
1423378,306381,1.0,1,-1540.0,-1550.0,22121.955,22121.955
1940254,378244,1.0,6,-373.0,-391.0,7401.195,7401.195
2790839,296267,1.0,42,-958.0,-956.0,17840.925,14457.735
1498656,418140,1.0,3,-470.0,-472.0,37422.315,37422.315
1897423,345062,1.0,3,-654.0,-655.0,9673.2,9673.2
1645213,141731,1.0,2,-698.0,-703.0,58709.565,58709.565
1369342,419437,0.0,122,-61.0,-55.0,9000.0,9000.0
1889930,360671,0.0,103,-49.0,-49.0,304.875,304.875
1925378,361077,1.0,3,-386.0,-396.0,3862.62,3862.62
1956354,325305,0.0,35,-1964.0,-1968.0,7875.0,7875.0
2791282,413769,0.0,22,-1739.0,-1754.0,4500.0,4500.0
2153496,372550,1.0,16,-2298.0,-2295.0,13776.21,13722.615
2088300,271741,1.0,4,-286.0,-310.0,33944.625,33944.625
2733097,107338,0.0,62,-1516.0,-1516.0,244.305,244.305
1139690,446427,1.0,5,-1057.0,-1070.0,6956.775,6956.775
1268611,154132,1.0,3,-1271.0,-1290.0,5467.275,5467.275
1189427,234363,0.0,26,-1941.0,-1940.0,3375.0,3375.0
1570635,384679,1.0,6,-611.0,-612.0,35318.97,35318.97
2463662,167833,1.0,18,-188.0,-189.0,11913.84,11913.84
2677004,110758,2.0,4,-418.0,-420.0,43272.135,43272.135
1182918,363574,1.0,1,-982.0,-981.0,11632.95,11632.95
1801020,383260,1.0,7,-2771.0,-2771.0,10122.48,10122.48
2417066,278474,1.0,1,-872.0,-876.0,9625.86,9625.86
2821534,401089,1.0,3,-1900.0,-1906.0,3165.39,3165.39
2506208,319716,0.0,96,-1273.0,-1284.0,6750.0,6750.0
1060455,338300,0.0,9,-174.0,-174.0,4.185,4.185
2137497,297303,0.0,30,-52.0,-58.0,3215.835,3215.835
1431213,142551,1.0,2,-592.0,-592.0,26703.0,26703.0
1281941,192502,0.0,17,-286.0,-286.0,36.99,36.99
2626801,415675,1.0,1,-1343.0,-1344.0,16043.445,16043.445
1307565,419946,0.0,1,-1408.0,-1408.0,9000.0,9000.0
2653497,270570,4.0,4,-272.0,-293.0,55896.165,60627.78
2657510,266940,1.0,2,-636.0,-647.0,4033.17,4033.17
2074423,373011,1.0,1,-1583.0,-1589.0,7514.235,7514.235
1697846,144764,2.0,1,-668.0,-671.0,31959.81,45031.995
1568794,443905,1.0,1,-896.0,-897.0,10429.245,10429.245
1180180,134063,1.0,2,-637.0,-648.0,11758.185,11758.185
2149903,451139,1.0,14,-711.0,-721.0,19141.29,19141.29
1118872,361778,1.0,11,-1182.0,-1187.0,4551.75,4551.75
2510230,349882,2.0,29,-148.0,-167.0,8758.305,8758.305
1139884,340011,1.0,3,-2432.0,-2444.0,4665.375,4659.075
2240493,145868,0.0,15,-28.0,-21.0,3712.68,3712.68
2413115,221307,2.0,7,-290.0,-304.0,10142.64,10142.64
1523281,256325,1.0,5,-2899.0,-2898.0,23723.955,23480.955
1431999,440172,1.0,1,-1174.0,-1180.0,31480.29,31480.29
1026090,437660,0.0,37,-228.0,-228.0,5137.02,5137.02
1411134,239603,1.0,21,-259.0,-281.0,34002.0,34002.0
1786319,152019,1.0,1,-266.0,-296.0,12734.19,12734.19
2413767,327577,1.0,1,-1596.0,-1603.0,12139.785,12139.785
2474893,232216,1.0,7,-1540.0,-1550.0,6049.89,6049.89
2641523,247427,1.0,4,-515.0,-531.0,9656.055,9656.055
2813189,153714,1.0,1,-693.0,-699.0,42337.215,42337.215
1566051,347872,0.0,32,-1653.0,-1662.0,3375.0,3375.0
1567996,129396,1.0,9,-2812.0,-2829.0,7347.78,7347.78
1568431,131885,1.0,4,-22.0,-22.0,17688.465,17688.465
2323478,418081,0.0,129,-1131.0,-1131.0,3600.0,3600.0
1518842,371213,0.0,93,-241.0,-241.0,195.39,195.39
1378084,173402,0.0,61,-797.0,-807.0,9000.0,9000.0
2213511,245590,1.0,2,-1805.0,-1835.0,4273.02,4273.02
2642941,200723,1.0,2,-778.0,-787.0,21106.035,21106.035
2556205,189591,1.0,16,-1009.0,-1026.0,2637.765,2637.765
1556987,406938,1.0,12,-534.0,-536.0,13286.925,13286.925
1550941,374106,1.0,8,-1034.0,-1049.0,6808.23,6808.23
1173459,384452,0.0,84,-978.0,-978.0,302.4,302.4
2134626,330950,1.0,3,-235.0,-312.0,3583.215,3583.215
1214858,440185,0.0,59,-1389.0,-1388.0,3375.0,3150.0
1568739,106551,0.0,54,-1963.0,-1976.0,13500.0,13500.0
2118262,305565,1.0,4,-2377.0,-2394.0,6919.47,6919.47
1794216,165197,1.0,1,-367.0,-368.0,11623.95,11623.95
1079352,252422,1.0,5,-934.0,-944.0,21285.9,21285.9
2155393,246408,1.0,1,-210.0,-221.0,18578.745,18578.745
2248747,352704,1.0,4,-698.0,-714.0,21518.235,268.92
2014662,118592,0.0,20,-454.0,-454.0,4225.815,4225.815
2565765,230548,1.0,4,-1610.0,-1612.0,11841.93,11841.93
1717146,112755,1.0,10,-1745.0,-1745.0,16389.045,16389.045
2536576,307161,1.0,4,-926.0,-932.0,11769.165,11769.165
1230823,243443,1.0,2,-2495.0,-2500.0,2320.245,2320.245
2220470,120895,0.0,19,-2113.0,-2122.0,4500.0,4500.0
2319990,390939,1.0,12,-1727.0,-1730.0,16284.735,16284.735
2557988,163601,1.0,5,-2604.0,-2616.0,3405.51,3405.51
2713506,340306,1.0,9,-101.0,-105.0,28502.82,28502.82
1068678,398037,0.0,49,-1733.0,-1708.0,4500.0,2250.0
2249424,263284,1.0,11,-1232.0,-1239.0,11018.565,11018.565
2594288,174045,1.0,1,-760.0,-764.0,16469.775,1.575
1514872,107247,2.0,8,-33.0,-62.0,48817.08,48817.08
1498563,372611,1.0,1,-1000.0,-1025.0,16128.9,16128.9
1847070,132618,1.0,2,-2634.0,-2640.0,13435.65,13435.65
2628343,197021,1.0,12,-74.0,-78.0,20166.93,20166.93
1838969,292354,1.0,12,-268.0,-270.0,33026.58,33026.58
1074858,285737,1.0,4,-2056.0,-2069.0,5246.01,5246.01
1309821,289070,1.0,8,-1843.0,-1831.0,14889.87,14889.87
2730728,425390,0.0,37,-2525.0,-2555.0,4050.0,4050.0
2506172,200965,0.0,43,-1247.0,-1247.0,581.67,581.67
1260796,106251,1.0,7,-412.0,-424.0,2708.055,2708.055
1531418,348978,1.0,9,-2377.0,-2397.0,11763.81,11763.81
2713053,134441,1.0,7,-249.0,-261.0,9465.75,9465.75
1235247,349124,1.0,1,-1499.0,-1491.0,4323.51,4323.51
2798366,278766,1.0,5,-834.0,-837.0,48696.21,48696.21
1635211,258216,0.0,83,-1626.0,-1629.0,3375.0,3375.0
2083419,448874,0.0,9,-409.0,-416.0,4927.77,4927.77
1723745,211709,1.0,8,-2281.0,-2296.0,6461.64,6461.64
2044682,133950,1.0,5,-1279.0,-1297.0,8554.77,8554.77
2628528,325808,1.0,4,-1523.0,-1519.0,3038.22,2472.84
1959046,317358,1.0,5,-1969.0,-2036.0,9267.255,9267.255
1135369,217751,1.0,1,-815.0,-830.0,12261.87,12261.87
2609916,125684,1.0,1,-923.0,-924.0,25531.425,25531.425
1914949,226012,0.0,4,-1006.0,-1006.0,2055.78,2055.78
2249447,143589,1.0,6,-793.0,-804.0,7856.685,7856.685
2051201,386860,1.0,3,-1404.0,-1423.0,5704.695,5704.695
2554065,240497,1.0,18,-422.0,-429.0,55679.355,55679.355
2767062,237452,1.0,2,-2550.0,-2563.0,4541.985,4541.985
2079112,439326,1.0,4,-364.0,-373.0,15616.71,15616.71
1390464,165215,1.0,6,-285.0,-346.0,8791.065,8791.065
1049951,138167,1.0,3,-34.0,-38.0,5395.77,5395.77
1480409,341930,1.0,4,-1883.0,-1855.0,10727.055,653.22
2159255,317205,1.0,5,-1164.0,-1174.0,5751.99,5751.99
2561249,249001,1.0,1,-881.0,-893.0,14381.1,14381.1
1984314,255991,0.0,72,-1856.0,-1856.0,450.0,450.0
1698023,371289,0.0,53,-2241.0,-2253.0,10800.0,10800.0
2789765,317696,1.0,11,-147.0,-155.0,33490.485,33490.485
1481644,341064,1.0,11,-2318.0,-2346.0,6500.7,7.2
2390711,283784,0.0,86,-511.0,-511.0,100.98,100.98
1118328,351792,0.0,5,-231.0,-226.0,1926.0,275.94
2672233,228708,0.0,24,-2394.0,-2401.0,9000.0,5850.0
1999592,236875,0.0,17,-2312.0,-2321.0,4500.0,4500.0
2104295,224182,0.0,35,-2455.0,-2466.0,6750.0,6750.0
1242355,143528,2.0,2,-1312.0,-1342.0,17388.0,17388.0
1511022,360166,2.0,7,-1350.0,-1368.0,492.075,492.075
1811359,179335,3.0,7,-303.0,-337.0,24390.945,24390.945
2610064,164533,1.0,26,-130.0,-161.0,16821.315,16821.315
1025545,358733,2.0,1,-825.0,-839.0,149408.55,149408.55
2274494,431253,1.0,8,-260.0,-288.0,6747.075,6747.075
2377274,267050,5.0,11,-339.0,-340.0,65278.26,65278.26
2730943,130076,0.0,14,-768.0,-787.0,10285.425,1327.095
1243089,127086,1.0,4,-1110.0,-1114.0,12044.34,12044.34
2183910,156715,1.0,5,-388.0,-399.0,23055.75,23055.75
1054936,112912,1.0,7,-1663.0,-1674.0,10457.145,10457.145
2705082,337216,1.0,5,-621.0,-651.0,11475.99,11475.99
2349806,317209,3.0,23,-372.0,-375.0,7973.415,7973.415
2245535,120032,1.0,9,-1497.0,-1524.0,18299.925,12.6
2226454,342837,1.0,10,-626.0,-633.0,28196.28,28196.28
1284580,166900,1.0,7,-151.0,-153.0,31180.365,31180.365
1471405,161570,1.0,5,-1370.0,-1375.0,10827.99,10827.99
1384013,435711,0.0,10,-81.0,-97.0,2250.0,2250.0
1547329,146749,0.0,2,-315.0,-315.0,11250.0,11250.0
2050679,251959,1.0,9,-502.0,-511.0,28936.26,28936.26
2451035,298837,1.0,10,-967.0,-976.0,2406.69,2406.69
1829872,145230,2.0,16,-313.0,-312.0,32358.6,32358.6
1392719,406467,1.0,1,-2141.0,-2152.0,16708.5,16708.5
1865218,394884,0.0,1,-539.0,-540.0,2939.355,2939.355
1136035,116458,1.0,1,-1224.0,-1246.0,47828.745,47828.745
2356986,224452,0.0,18,-2867.0,-2867.0,28.035,28.035
1285320,355299,0.0,80,-498.0,-511.0,7875.0,7875.0
1556148,329692,1.0,1,-649.0,-658.0,8485.65,8485.65
2141023,367350,1.0,10,-303.0,-313.0,24769.53,24769.53
1789564,407570,1.0,8,-369.0,-377.0,12284.64,12284.64
1209435,202955,1.0,10,-1065.0,-1065.0,16976.925,16976.925
2139946,296674,1.0,1,-2837.0,-2837.0,25755.075,25755.075
1586114,181106,1.0,8,-2317.0,-2328.0,4049.595,4038.165
2661823,150567,1.0,3,-2157.0,-2175.0,7075.89,7075.89
2026974,320366,1.0,10,-205.0,-234.0,13732.02,13732.02
1432027,437933,1.0,4,-203.0,-208.0,12967.83,12967.83
1186943,154038,1.0,9,-2469.0,-2466.0,8272.17,8272.17
1117525,102329,1.0,9,-214.0,-215.0,82599.525,82599.525
1175959,103378,0.0,98,-388.0,-388.0,28.755,28.755
2079423,156610,1.0,4,-461.0,-532.0,14871.24,14871.24
2085897,123294,0.0,78,-1087.0,-1087.0,210.24,210.24
2258191,241217,1.0,5,-1886.0,-1890.0,12569.4,12569.4
2022795,362095,1.0,6,-2084.0,-2070.0,5178.915,4892.13
2807175,145017,1.0,7,-999.0,-984.0,4459.185,4214.295
1986008,323976,0.0,54,-157.0,-157.0,68268.195,68268.195
1543385,249062,1.0,11,-1173.0,-1199.0,3191.175,3191.175
2126246,411521,0.0,25,-271.0,-276.0,3446.685,3446.685
1819823,424866,1.0,9,-2110.0,-2147.0,2914.695,2914.695
1618666,135595,1.0,7,-2647.0,-2658.0,7862.535,7862.535
2833753,194967,1.0,5,-1129.0,-1144.0,14633.1,14633.1
2776157,317463,1.0,9,-612.0,-614.0,21179.7,21179.7
1488588,197188,2.0,9,-723.0,-744.0,20971.53,20971.53
1623995,294380,1.0,23,-2001.0,-2019.0,1457.64,1457.64
2666081,423455,1.0,8,-2154.0,-2167.0,9842.4,9842.4
1953805,157250,1.0,3,-976.0,-986.0,28742.67,28742.67
2683371,417668,1.0,21,-299.0,-299.0,34241.985,34241.985
1053739,304160,1.0,3,-1010.0,-1018.0,11217.24,11217.24
1726802,431360,0.0,18,-4.0,-4.0,420.165,420.165
1725719,321334,1.0,5,-761.0,-766.0,6556.905,6556.905
2556504,185405,2.0,12,-1080.0,-1085.0,485993.745,485993.745
2761133,443857,0.0,48,-12.0,-12.0,109.89,109.89
2445363,171869,1.0,11,-663.0,-663.0,8598.51,8598.51
1882156,310818,1.0,12,-1095.0,-1091.0,2147.49,2108.205
2040594,384545,1.0,21,-1035.0,-1033.0,6724.35,5459.445
1716069,141796,1.0,2,-535.0,-581.0,5956.92,5956.92
2018676,316345,0.0,116,-236.0,-236.0,392.94,392.94
1897684,454575,0.0,13,-1203.0,-1220.0,3375.0,3375.0
1958817,380263,1.0,1,-215.0,-215.0,9036.135,9036.135
1316671,359506,0.0,78,-950.0,-950.0,11.115,11.115
1054501,434805,0.0,31,-2123.0,-2123.0,12420.0,12420.0
1826216,376577,1.0,3,-1052.0,-1054.0,8992.935,8992.935
2340131,307596,1.0,5,-344.0,-367.0,8177.535,8177.535
1277503,178119,0.0,36,-1429.0,-1429.0,321.525,321.525
1257832,206473,1.0,2,-1436.0,-1441.0,3486.465,3486.465
2177998,252141,3.0,9,-511.0,-516.0,13179.105,13179.105
1912636,285560,1.0,3,-2505.0,-2527.0,14704.515,14704.515
1618821,154691,1.0,11,-1550.0,-1580.0,10998.9,251.1
1503391,403042,3.0,14,-299.0,-312.0,19501.155,19501.155
1492330,311331,0.0,134,-523.0,-523.0,5756.22,5756.22
1107155,387739,2.0,4,-17.0,-39.0,223314.075,223314.075
2696435,309424,1.0,5,-2117.0,-2116.0,2880.945,2880.945
1184253,248662,1.0,10,-2412.0,-2412.0,5712.84,5712.84
2162106,195350,1.0,5,-1473.0,-1492.0,5034.51,5034.51
2348174,314196,0.0,34,-2327.0,-2337.0,10800.0,10800.0
1826080,436979,2.0,21,-146.0,-148.0,29034.0,29034.0
2031337,123153,1.0,5,-1305.0,-1334.0,5932.98,5932.98
2766122,125704,1.0,6,-452.0,-467.0,17021.745,17021.745
1989777,334149,1.0,5,-2176.0,-2178.0,6293.7,6293.7
2016071,277782,1.0,6,-2258.0,-2255.0,4941.36,4924.89
2282229,355648,1.0,2,-279.0,-291.0,23696.055,23696.055
1000527,265312,1.0,15,-609.0,-611.0,4522.95,4522.95
1004989,317788,2.0,8,-2000.0,-2003.0,86258.835,86258.835
1940927,210649,4.0,6,-328.0,-351.0,48948.57,90000.0
1560005,233435,1.0,7,-187.0,-200.0,12640.455,12640.455
2603965,192523,1.0,5,-2272.0,-2276.0,7605.09,7605.09
2155185,322447,0.0,10,-181.0,-181.0,1517.895,1517.895
1294048,283514,1.0,6,-557.0,-562.0,9825.66,9825.66
2051220,314575,1.0,10,-2292.0,-2289.0,9842.4,6325.38
1557474,185149,3.0,4,-438.0,-457.0,17151.975,35185.5
1752758,267582,0.0,98,-1684.0,-1699.0,10800.0,10800.0
1414368,377654,1.0,9,-1964.0,-1964.0,4921.2,4921.2
1864748,389397,0.0,57,-1234.0,-1234.0,200.43,200.43
1720489,359462,1.0,8,-2590.0,-2600.0,6413.535,6413.535
1158915,174416,1.0,17,-601.0,-603.0,6126.435,6126.435
2386859,262215,0.0,71,-1228.0,-1228.0,3334.995,3334.995
1672619,298239,1.0,7,-1759.0,-1761.0,5351.715,5351.715
1232309,276779,1.0,6,-1743.0,-1767.0,8364.915,8364.915
2165767,191514,1.0,1,-195.0,-206.0,6320.115,6320.115
2087208,343735,1.0,10,-426.0,-444.0,9065.88,9065.88
2168538,309765,1.0,7,-1854.0,-1861.0,12437.685,12437.685
1135150,197448,0.0,42,-33.0,-35.0,30213.945,30213.945
2333018,344005,1.0,17,-164.0,-195.0,39475.305,39475.305
2088937,296243,1.0,8,-353.0,-378.0,14605.65,524.61
1744885,327534,2.0,8,-468.0,-477.0,11516.67,11516.67
1782186,383256,0.0,99,-57.0,-72.0,9000.0,9000.0
2257178,344600,1.0,4,-1388.0,-1444.0,2396.655,2396.655
2683198,271246,1.0,13,-659.0,-675.0,29829.96,14619.78
1129033,195298,1.0,5,-928.0,-928.0,16013.835,16013.835
1740900,376158,0.0,52,-704.0,-704.0,516.645,516.645
2725498,117114,1.0,10,-39.0,-53.0,16712.325,16712.325
1896893,151187,1.0,3,-246.0,-255.0,16236.18,16236.18
2206960,368972,1.0,11,-515.0,-515.0,11916.315,11916.315
1697446,267898,1.0,10,-1988.0,-1990.0,4137.39,4137.39
2300457,316774,1.0,9,-1717.0,-1727.0,23833.575,23833.575
1051994,442754,0.0,4,-524.0,-524.0,12.06,12.06
1383881,401634,0.0,51,-1305.0,-1306.0,9000.0,9000.0
1183434,267520,1.0,3,-2273.0,-2293.0,9842.4,9842.13
2529061,220441,1.0,1,-983.0,-1013.0,16227.54,16227.54
1193399,382463,0.0,95,-1298.0,-1298.0,881.91,881.91
1873862,417589,1.0,1,-1266.0,-1276.0,4524.66,4524.66
1604408,292548,1.0,5,-2065.0,-2078.0,11867.85,11867.85
2172789,256423,0.0,109,-784.0,-784.0,270.0,270.0
2287568,439561,0.0,81,-468.0,-468.0,417.015,417.015
1692415,100542,1.0,3,-779.0,-778.0,9408.285,9408.285
2499673,148684,1.0,9,-333.0,-334.0,55956.06,55956.06
1367514,273707,1.0,16,-353.0,-376.0,15944.58,15944.58
1053979,287363,1.0,5,-2521.0,-2552.0,8805.735,86.265
1937899,204910,1.0,2,-2460.0,-2476.0,9793.98,9793.98
2547341,367161,1.0,4,-240.0,-249.0,12556.665,12556.665
1153509,375895,1.0,3,-1537.0,-1562.0,8975.25,8975.25
1194780,313132,1.0,8,-2253.0,-2250.0,5735.16,5718.78
1769158,224801,0.0,17,-2870.0,-2870.0,1125.0,1125.0
1319325,205372,1.0,8,-930.0,-949.0,23616.0,23616.0
2315593,366254,1.0,8,-275.0,-287.0,3894.705,3894.705
1950441,100612,1.0,6,-1362.0,-1370.0,9672.525,9672.525
1509408,260711,1.0,6,-1021.0,-1038.0,5062.005,5062.005
1563447,180719,3.0,14,-491.0,-491.0,17253.765,17253.765
1985880,310200,3.0,11,-739.0,-743.0,19035.675,19035.675
1926431,182202,1.0,4,-1996.0,-2040.0,7636.725,7636.725
1545178,230305,0.0,69,-707.0,-707.0,226.62,226.62
2192376,373940,1.0,19,-124.0,-141.0,21942.9,21942.9
1668890,438925,1.0,1,-930.0,-938.0,25695.315,25695.315
2657920,129389,0.0,32,-2240.0,-2249.0,4500.0,3690.0
1406279,175399,1.0,3,-791.0,-798.0,10119.195,10119.195
1489980,309669,0.0,51,-1518.0,-1530.0,4500.0,4500.0
2341173,312997,1.0,3,-9.0,-34.0,35134.29,35134.29
2118371,348464,1.0,9,-1682.0,-1685.0,14987.025,14987.025
2574654,302752,1.0,3,-62.0,-93.0,16010.73,16010.73
2742233,396822,0.0,41,-272.0,-272.0,2526.345,2526.345
2100972,292272,0.0,67,-1314.0,-1320.0,9000.0,9000.0
1728075,250802,1.0,5,-2522.0,-2534.0,8909.1,8909.1
2788635,243332,2.0,12,-747.0,-753.0,86239.665,86239.665
1239902,369223,1.0,5,-506.0,-512.0,27317.205,27317.205
1465392,388987,1.0,8,-2256.0,-2275.0,6936.48,6936.48
2729933,390480,1.0,8,-725.0,-727.0,13071.105,13071.105
1243113,411671,0.0,39,-464.0,-464.0,27974.205,27974.205
1541117,135746,1.0,7,-317.0,-347.0,6630.705,6630.705
2256141,375400,0.0,6,-2713.0,-2718.0,3375.0,3375.0
2273402,222951,1.0,12,-44.0,-47.0,25999.38,25999.38
1364596,289160,1.0,21,-884.0,-899.0,3125.205,3125.205
1595171,456247,0.0,19,-2469.0,-2498.0,1248.03,1248.03
2216420,277345,0.0,44,-799.0,-808.0,6547.095,6547.095
1518472,340540,1.0,8,-1527.0,-1533.0,21201.795,21201.795
2203531,141119,1.0,17,-459.0,-459.0,38803.68,38803.68
1034159,163150,1.0,14,-1147.0,-1172.0,40813.29,483.03
2767072,370702,1.0,6,-2647.0,-2647.0,8566.2,8566.2
2633128,237992,1.0,5,-2239.0,-2271.0,32067.63,32067.63
2636224,174235,0.0,38,-1796.0,-1755.0,3375.0,3375.0
1079846,396611,1.0,36,-163.0,-168.0,6471.18,6471.18
1690752,153516,2.0,22,-200.0,-205.0,13639.455,13639.455
2415321,325465,1.0,2,-851.0,-851.0,21309.93,21309.93
1581748,145378,1.0,29,-154.0,-161.0,14547.6,14547.6
1509502,220321,1.0,6,-2175.0,-2150.0,7936.065,162.0
1045667,226890,0.0,31,-1629.0,-1629.0,965.43,965.43
1236546,368858,0.0,36,-2126.0,-2126.0,2250.0,2250.0
2357572,434981,1.0,6,-688.0,-688.0,21661.83,21661.83
1430513,123762,1.0,15,-19.0,-24.0,6002.685,6002.685
1025891,206739,1.0,4,-1493.0,-1506.0,2947.905,2947.905
1927751,294138,0.0,43,-1632.0,-1632.0,0.54,0.54
1546561,158659,1.0,2,-2495.0,-2470.0,11698.83,151.74
2495274,372872,0.0,18,-60.0,-60.0,4500.0,4500.0
2006902,388672,1.0,19,-2248.0,-2246.0,7070.49,3078.945
1591110,350917,1.0,1,-2537.0,-2552.0,4328.19,4328.19
2605566,423182,0.0,99,-739.0,-739.0,3834.675,3834.675
2559497,142025,0.0,20,-286.0,-302.0,3461.49,3461.49
2522219,432145,1.0,6,-64.0,-67.0,9254.16,9254.16
2087136,163879,0.0,94,-1294.0,-1294.0,552.825,552.825
1756741,372106,1.0,12,-1636.0,-1636.0,18532.935,18532.935
2773013,253160,0.0,26,-2151.0,-2151.0,752.085,752.085
2218095,350277,1.0,6,-644.0,-650.0,6892.965,6892.965
2181244,107439,1.0,10,-83.0,-91.0,35577.27,35577.27
2391545,136021,1.0,6,-1513.0,-1513.0,6332.715,6332.715
1969365,219858,1.0,6,-893.0,-891.0,8011.8,8010.45
1387075,212213,1.0,2,-2889.0,-2905.0,5389.74,5389.74
2143015,175101,1.0,8,-2036.0,-2045.0,4831.65,4831.65
2610283,374498,0.0,51,-2042.0,-2042.0,129.195,129.195
2100681,273530,1.0,2,-1495.0,-1507.0,6432.705,6432.705
1779976,345248,1.0,5,-258.0,-261.0,33939.63,33939.63
1201015,394995,0.0,136,-960.0,-973.0,11250.0,11250.0
1591118,127993,1.0,1,-192.0,-202.0,8809.92,8809.92
1102476,389280,2.0,2,-793.0,-804.0,15081.57,15081.57
2719727,385765,1.0,21,-119.0,-157.0,11683.485,11683.485
2829886,359269,0.0,64,-1844.0,-1844.0,2250.0,2250.0
1409607,290157,1.0,7,-79.0,-95.0,5494.77,5494.77
1101940,112648,0.0,33,-2297.0,-2299.0,9000.0,9000.0
1848908,426592,1.0,16,-2173.0,-2178.0,10332.18,75.42
2393269,201677,0.0,98,-75.0,-75.0,74.475,74.475
2837108,332000,1.0,9,-621.0,-619.0,8174.385,5767.065
2233986,304387,0.0,89,-784.0,-784.0,183.555,183.555
2801286,396066,0.0,47,-1992.0,-1992.0,2765.97,2765.97
2789834,145061,0.0,49,-934.0,-941.0,26775.0,26775.0
2660159,300491,1.0,2,-1227.0,-1231.0,11223.585,11223.585
1229752,433511,0.0,94,-1252.0,-1274.0,3375.0,3375.0
1769398,111016,1.0,5,-247.0,-261.0,10884.24,10884.24
2627142,185515,1.0,7,-1102.0,-1145.0,13889.115,13889.115
2379164,381505,1.0,3,-1400.0,-1432.0,4718.97,4718.97
1666626,158864,0.0,50,-1310.0,-1310.0,248.67,248.67
1017528,251181,0.0,6,-87.0,-87.0,1839.735,1839.735
2065850,335638,0.0,21,-1407.0,-1415.0,4500.0,4500.0
2057869,237161,1.0,26,-64.0,-70.0,27071.415,27071.415
1635059,131411,0.0,11,-1969.0,-1977.0,6750.0,6750.0
1864255,283989,1.0,10,-716.0,-733.0,3974.49,3974.49
1000735,209924,1.0,9,-1400.0,-1430.0,13286.925,1278.45
1204760,261921,1.0,5,-535.0,-546.0,14406.885,14406.885
2712124,323973,1.0,4,-507.0,-513.0,19322.55,19322.55
1263153,367428,1.0,3,-1851.0,-1869.0,2287.935,2287.935
2557026,267562,2.0,1,-459.0,-489.0,32307.705,45061.155
2632868,425322,0.0,7,-107.0,-109.0,26657.37,26657.37
1414725,208172,1.0,7,-2178.0,-2210.0,2585.7,52.29
1451404,426466,1.0,22,-360.0,-362.0,20906.865,20906.865
1517387,347280,1.0,1,-2472.0,-2491.0,5192.01,5192.01
2570959,263593,1.0,7,-1479.0,-1490.0,14872.05,14872.05
2099156,430197,1.0,1,-437.0,-454.0,5594.265,5594.265
2831147,360696,1.0,8,-1125.0,-1155.0,45990.135,453.555
2670831,328109,0.0,21,-913.0,-913.0,2113.515,2113.515
2204018,419581,1.0,2,-1614.0,-1638.0,5807.385,5807.385
2466589,334085,0.0,12,-335.0,-352.0,9343.125,9343.125
1925307,257138,1.0,3,-283.0,-301.0,8702.055,8702.055
1790841,113524,1.0,12,-1798.0,-1789.0,1963.575,1963.575
1396205,422115,1.0,5,-2492.0,-2507.0,7369.785,7369.785
1622140,253870,1.0,13,-135.0,-155.0,28881.63,28881.63
1338642,435139,1.0,24,-1355.0,-1355.0,7248.645,7248.645
1257145,203404,1.0,9,-241.0,-252.0,9523.35,9523.35
2764412,350669,1.0,3,-338.0,-372.0,9045.495,412.47
2415673,271172,0.0,44,-37.0,-42.0,27998.145,27998.145
2121356,222538,0.0,20,-908.0,-908.0,5607.045,5607.045
2116747,281371,1.0,1,-2559.0,-2559.0,7942.815,7942.815
1054017,336014,1.0,2,-1657.0,-1673.0,4400.55,4400.55
2651727,354326,1.0,8,-60.0,-62.0,18043.605,18043.605
2211192,437761,1.0,9,-778.0,-777.0,16339.275,16339.275
2431814,388305,2.0,3,-527.0,-549.0,496477.395,496477.395
1856405,400893,0.0,30,-2272.0,-2272.0,1614.105,1614.105
1135629,196612,1.0,5,-875.0,-891.0,34173.045,34173.045
1485772,162740,1.0,9,-1105.0,-1183.0,5057.685,5057.685
2287946,350840,0.0,74,-486.0,-486.0,10760.805,10760.805
2188338,441164,1.0,8,-667.0,-702.0,7633.215,7633.215
1183255,180719,0.0,10,-112.0,-112.0,20.43,20.43
1200994,308398,0.0,42,-1255.0,-1255.0,811.17,811.17
1833100,170740,1.0,4,-1913.0,-1933.0,4294.845,4294.845
1295240,130413,1.0,6,-851.0,-860.0,7272.495,7272.495
2240649,107795,0.0,29,-1924.0,-1924.0,180.0,180.0
2421892,200632,0.0,61,-1783.0,-1812.0,288.315,288.315
2701922,386982,1.0,3,-723.0,-751.0,25679.52,25679.52
1860795,134856,1.0,14,-1992.0,-1995.0,16713.405,16713.405
2827303,388410,1.0,13,-2.0,-32.0,5136.975,5136.975
2490771,117384,2.0,4,-1034.0,-1046.0,71504.145,71504.145
2737147,233157,0.0,96,-1427.0,-1441.0,4050.0,4050.0
1815787,273206,4.0,10,-515.0,-531.0,290905.38,290905.38
2640933,388498,0.0,51,-1557.0,-1557.0,214.785,214.785
1288285,231287,1.0,4,-454.0,-459.0,9244.395,9244.395
2584682,328840,1.0,6,-863.0,-868.0,26516.43,26516.43
1298193,110235,1.0,15,-393.0,-399.0,22676.985,22676.985
2409462,348714,0.0,7,-2395.0,-2416.0,3150.0,3150.0
1449400,355237,1.0,9,-589.0,-603.0,17269.83,17269.83
2362584,251681,1.0,8,-336.0,-351.0,6497.955,6497.955
2113938,280985,0.0,1,-286.0,-303.0,4303.665,4303.665
1245252,305079,0.0,2,-686.0,-686.0,2250.0,2250.0
2295541,154285,1.0,2,-183.0,-186.0,23373.225,23373.225
1366453,159707,1.0,3,-170.0,-210.0,10699.83,10699.83
1721398,101191,1.0,10,-453.0,-450.0,11721.735,9463.275
1063131,417243,1.0,17,-19.0,-41.0,8648.055,8648.055
2199876,378021,1.0,8,-48.0,-80.0,5859.9,5859.9
2526439,223413,1.0,19,-450.0,-446.0,8344.62,7122.78
1192587,395808,1.0,3,-598.0,-612.0,20132.145,20132.145
2585520,321377,1.0,2,-204.0,-209.0,4765.32,4765.32
1638853,235058,1.0,3,-1679.0,-1681.0,10764.045,10764.045
2241680,248835,1.0,3,-335.0,-343.0,18943.02,18943.02
1411196,239026,0.0,107,-1231.0,-1231.0,165.78,165.78
2257844,376532,0.0,5,-450.0,-450.0,450.0,450.0
1463681,223966,1.0,3,-744.0,-749.0,8191.8,8191.8
2269458,225183,3.0,9,-181.0,-182.0,28732.95,28732.95
1003314,402015,1.0,11,-662.0,-673.0,33286.5,33286.5
2065804,130179,1.0,9,-705.0,-713.0,7344.54,7344.54
2630130,189396,5.0,20,-288.0,-292.0,41288.94,41288.94
1360100,164213,1.0,7,-1930.0,-1936.0,3094.83,3094.83
1365669,163707,1.0,5,-766.0,-781.0,15619.23,15619.23
1047989,148846,0.0,132,-54.0,-73.0,9000.0,9000.0
1158551,359168,1.0,11,-1633.0,-1631.0,11357.91,10709.505
2843003,455533,1.0,1,-257.0,-272.0,2920.5,2920.5
1159620,374469,1.0,25,-602.0,-632.0,24049.26,24049.26
1840768,199971,1.0,5,-665.0,-693.0,28742.67,28742.67
1489505,449924,0.0,50,-2912.0,-2923.0,10800.0,10800.0
2428507,314858,1.0,5,-745.0,-744.0,22544.55,22544.55
1772504,412446,0.0,17,-73.0,-73.0,2177.235,2177.235
2707836,217190,0.0,71,-824.0,-824.0,60.84,60.84
1783304,335600,0.0,70,-1461.0,-1461.0,598.005,598.005
2674640,286593,1.0,6,-2840.0,-2838.0,7021.215,7020.0
2353039,230383,0.0,11,-81.0,-93.0,2964.51,2964.51
1061258,358302,1.0,4,-2305.0,-2305.0,5345.1,5345.1
1259082,452711,2.0,2,-626.0,-646.0,6864.165,16934.265
1128366,264532,1.0,3,-621.0,-632.0,7430.265,7430.265
1793122,238266,1.0,6,-357.0,-356.0,13833.45,13833.45
1391940,179505,2.0,7,-2059.0,-2084.0,6214.455,6214.455
1289563,109823,1.0,1,-2472.0,-2478.0,13706.055,13706.055
2397182,207548,1.0,9,-747.0,-758.0,22535.64,22535.64
2409686,136686,1.0,12,-735.0,-923.0,32017.5,32017.5
1077374,418586,0.0,6,-138.0,-138.0,3825.0,3825.0
2831743,400029,0.0,12,-2078.0,-2078.0,27.63,27.63
1575477,351462,0.0,8,-2420.0,-2424.0,3375.0,3375.0
2001193,236459,0.0,97,-1771.0,-1771.0,36900.0,36900.0
2288306,239669,1.0,7,-2057.0,-2065.0,21490.56,21490.56
1499226,123223,1.0,9,-874.0,-907.0,16677.495,16677.495
1437581,193029,2.0,7,-55.0,-87.0,7228.845,7228.845
2842114,122198,1.0,1,-1412.0,-1442.0,25329.15,25329.15
2130410,447547,1.0,9,-2446.0,-2446.0,8104.05,8095.95
1384154,426202,1.0,5,-734.0,-729.0,7445.565,7437.825
1041670,399195,1.0,18,-356.0,-361.0,22197.825,22197.825
1377799,385394,0.0,58,-1298.0,-1311.0,11250.0,6750.0
1290336,148080,0.0,64,-1458.0,-1458.0,276.615,276.615
2469394,189425,1.0,3,-144.0,-152.0,16391.43,16391.43
1775371,316977,0.0,31,-23.0,-28.0,7277.085,7277.085
1442118,229740,1.0,4,-2856.0,-2862.0,12069.0,11893.455
1159903,300591,2.0,15,-905.0,-906.0,198610.785,198610.785
2533236,337636,2.0,1,-346.0,-376.0,571991.31,662215.5
1523149,146682,1.0,16,-1114.0,-1119.0,5049.585,5049.585
1469280,258173,0.0,37,-2352.0,-2358.0,3375.0,3375.0
2206214,335040,1.0,9,-385.0,-383.0,16420.005,16411.545
1525604,142819,6.0,3,-236.0,-248.0,58982.13,58982.13
2778188,218849,1.0,4,-376.0,-387.0,10093.95,10093.95
1896283,129454,1.0,8,-2158.0,-2170.0,12562.2,1875.6
1912603,140318,1.0,2,-2268.0,-2264.0,9045.045,8445.555
1851000,340607,1.0,1,-1506.0,-1510.0,4603.365,4603.365
1789269,149308,1.0,4,-280.0,-290.0,47261.655,47261.655
1096013,275573,0.0,61,-958.0,-958.0,4470.48,4470.48
1184860,260448,0.0,69,-138.0,-150.0,22418.595,22418.595
2580336,250562,1.0,9,-1048.0,-1072.0,6312.69,6.48
2595737,219892,2.0,6,-549.0,-564.0,7108.29,7108.29
1699424,202851,1.0,11,-222.0,-225.0,42306.795,42306.795
1384933,428618,1.0,13,-2333.0,-2359.0,4868.19,4868.19
2078224,429841,0.0,79,-78.0,-100.0,4500.0,4500.0
2320937,242272,1.0,1,-876.0,-876.0,23976.0,23976.0
1848927,103809,0.0,6,-368.0,-368.0,166.635,166.635
1052961,130860,1.0,5,-2234.0,-2238.0,5245.425,5245.425
1469177,412707,1.0,1,-1671.0,-1684.0,6306.39,6306.39
1027911,221617,1.0,3,-1561.0,-1560.0,12738.015,12738.015
2665161,264479,0.0,60,-2355.0,-2355.0,10800.0,10800.0
1972677,405462,1.0,11,-1197.0,-1205.0,2196.135,2196.135
1262950,437230,0.0,85,-165.0,-165.0,205.74,205.74
2769502,213843,1.0,1,-1529.0,-1534.0,7491.78,7491.78
1169454,162249,2.0,11,-10.0,-27.0,9767.205,916.2
1919260,442392,1.0,1,-969.0,-978.0,33706.08,33706.08
2384038,254809,0.0,42,-1630.0,-1650.0,4500.0,4500.0
1292936,344950,1.0,3,-2165.0,-2172.0,12036.825,12036.825
2693692,223202,0.0,3,-236.0,-236.0,2641.41,2641.41
1012692,281620,1.0,8,-1079.0,-1054.0,22235.22,4230.855
2015876,179045,1.0,7,-1341.0,-1370.0,10275.57,10275.57
1127523,124382,1.0,14,-1130.0,-1134.0,7732.395,7732.395
1470372,184542,0.0,31,-2381.0,-2381.0,1026.18,1026.18
2118900,369156,0.0,64,-32.0,-32.0,145.485,145.485
1718036,361937,0.0,89,-60.0,-74.0,9812.295,9812.295
2408865,351667,0.0,36,-325.0,-326.0,8107.695,8107.695
1692449,132851,0.0,46,-1913.0,-1931.0,10800.0,10800.0
1542597,383878,1.0,1,-1187.0,-1217.0,4904.325,4904.325
1690136,171483,4.0,11,-1003.0,-1011.0,11448.855,11448.855
1321090,347048,1.0,6,-2588.0,-2595.0,2268.54,2268.54
2009821,104802,1.0,22,-673.0,-703.0,4336.02,1317.87
1157374,148257,1.0,7,-1599.0,-1625.0,17236.935,17236.935
2575076,449235,1.0,14,-116.0,-119.0,5157.675,5157.675
2706408,424581,2.0,9,-474.0,-478.0,15316.29,15316.29
1494653,134472,1.0,1,-571.0,-548.0,14738.76,108.225
2474819,252229,0.0,8,-95.0,-95.0,522.9,522.9
2790686,353686,1.0,3,-118.0,-135.0,8179.02,8179.02
2248787,440900,0.0,80,-382.0,-378.0,718.83,528.795
2505487,290856,0.0,94,-472.0,-472.0,2.475,2.475
2578117,412153,0.0,33,-1774.0,-1774.0,225.0,225.0
2180831,431430,1.0,2,-2261.0,-2268.0,2758.635,2758.635
1212998,297626,2.0,5,-2121.0,-2135.0,17206.065,17206.065
2379982,229337,1.0,8,-85.0,-102.0,14527.35,14527.35
2004571,232161,1.0,12,-1946.0,-1958.0,40387.995,827.64
1444837,317651,1.0,5,-2293.0,-2300.0,7497.045,7497.045
2304392,446056,1.0,6,-2572.0,-2572.0,4567.68,4567.68
1373012,202125,4.0,2,-486.0,-494.0,26025.345,90000.0
1609619,444186,0.0,7,-2576.0,-2580.0,3375.0,3375.0
1651919,217915,1.0,9,-1690.0,-1709.0,3371.76,3371.76
1976163,428620,1.0,7,-2211.0,-2233.0,2079.45,2079.45
1573772,151242,1.0,4,-378.0,-408.0,8539.605,8539.605
2462659,238654,1.0,16,-1032.0,-1009.0,8034.165,0.36
1033458,294128,1.0,7,-1695.0,-1725.0,21389.895,18.63
2609858,293234,1.0,8,-1546.0,-1562.0,5155.155,5152.5
1314296,380139,0.0,20,-2334.0,-2314.0,3375.0,3375.0
1037459,156820,3.0,2,-116.0,-125.0,42335.82,59595.66
2080020,324740,0.0,10,-374.0,-374.0,4.185,4.185
2737246,202885,3.0,6,-229.0,-244.0,10356.39,10356.39
1054720,193880,0.0,16,-810.0,-810.0,3629.385,3629.385
2580283,155335,1.0,1,-1280.0,-1310.0,33016.725,33016.725
2079755,408474,1.0,6,-1930.0,-1926.0,8304.48,6887.88
2561428,130683,0.0,136,-396.0,-412.0,6750.0,6750.0
1621480,379405,0.0,66,-666.0,-666.0,1635.165,1635.165
1054628,389034,0.0,92,-770.0,-770.0,178.425,178.425
1409607,290157,1.0,6,-109.0,-128.0,5494.77,5494.77
1398602,373438,1.0,6,-1620.0,-1615.0,6204.69,5278.14
1853862,305321,0.0,74,-427.0,-427.0,65.115,65.115
1143383,237196,2.0,28,-32.0,-32.0,55680.255,55680.255
1439711,354029,0.0,49,-2111.0,-2111.0,11250.0,11250.0
2596420,189706,1.0,3,-1697.0,-1716.0,9074.565,9074.565
1799932,346282,1.0,17,-642.0,-627.0,15227.28,15140.07
1619743,188458,0.0,61,-1305.0,-1305.0,10.935,10.935
1365772,226164,1.0,2,-1502.0,-1533.0,16937.235,16937.235
1406303,242577,0.0,11,-364.0,-370.0,18598.635,18598.635
2659629,309605,2.0,2,-565.0,-604.0,11160.45,11160.45
2407375,172454,1.0,1,-264.0,-280.0,8760.42,8760.42
2696714,166962,0.0,24,-1893.0,-1903.0,4500.0,4500.0
1541704,427634,0.0,44,-1035.0,-1036.0,4500.0,4500.0
1338820,154395,1.0,1,-54.0,-78.0,8086.41,8086.41
1831351,147491,1.0,9,-1996.0,-2000.0,6145.875,6145.875
2842819,305044,1.0,19,-84.0,-78.0,7446.15,7296.84
1985390,291965,1.0,3,-1593.0,-1600.0,21845.655,21845.655
2057723,449364,1.0,1,-842.0,-846.0,18413.055,18413.055
2096413,128958,1.0,1,-590.0,-601.0,11321.01,11321.01
2335177,112589,1.0,9,-92.0,-103.0,9528.525,9528.525
2024033,335556,1.0,8,-173.0,-175.0,6567.795,6567.795
2430716,356175,1.0,12,-1798.0,-1807.0,5524.695,5524.695
2832871,285154,0.0,3,-2721.0,-2734.0,4500.0,4500.0
2486098,110150,0.0,60,-1199.0,-1199.0,2150.82,2150.82
1887374,281101,1.0,12,-2320.0,-2332.0,873.18,873.18
1212505,237966,1.0,4,-50.0,-61.0,9208.665,9208.665
1107734,397354,1.0,6,-2448.0,-2444.0,6699.87,6699.87
2278083,107415,0.0,39,-98.0,-97.0,11758.32,4680.0
1282882,320073,1.0,1,-495.0,-515.0,19329.84,19329.84
1960350,102807,1.0,1,-163.0,-169.0,14111.82,14111.82
1667782,169286,1.0,10,-2873.0,-2875.0,5194.665,5194.665
1366982,222255,1.0,3,-713.0,-726.0,13381.425,13381.425
2052097,241920,2.0,2,-280.0,-281.0,24849.135,24849.135
2635320,297909,1.0,2,-746.0,-760.0,14202.36,14202.36
1364169,240847,0.0,28,-164.0,-164.0,173.655,173.655
1921946,265828,1.0,4,-539.0,-549.0,12878.01,12878.01
2840373,451330,1.0,1,-484.0,-491.0,14871.24,14871.24
2425465,371116,1.0,20,-625.0,-650.0,20378.16,4229.46
2647668,435275,1.0,3,-837.0,-872.0,9426.24,2.52
2834992,454275,1.0,6,-1004.0,-1030.0,16321.635,16321.635
2561371,106875,1.0,4,-1672.0,-1674.0,11651.04,11199.42
2774392,249629,0.0,83,-901.0,-902.0,8100.0,8100.0
2657669,405818,1.0,11,-1476.0,-1486.0,9801.27,9801.27
1487740,178893,0.0,76,-1060.0,-1060.0,91.8,91.8
1968814,334262,0.0,63,-499.0,-499.0,169.965,169.965
2641382,454884,1.0,11,-2162.0,-2167.0,2607.255,2572.245
2610724,181214,1.0,7,-639.0,-646.0,37339.155,37339.155
2487286,211181,1.0,1,-938.0,-942.0,23698.35,23698.35
1865700,353187,1.0,18,-100.0,-101.0,22414.05,22414.05
1783786,327881,0.0,116,-737.0,-735.0,2250.0,2250.0
2371741,394502,1.0,4,-702.0,-703.0,11852.235,11852.235
1029447,106317,1.0,5,-1538.0,-1568.0,4537.845,4537.845
1232325,211741,3.0,9,-119.0,-115.0,18655.875,17490.375
2009745,110259,0.0,25,-2215.0,-2215.0,448.425,448.425
1026340,165132,0.0,38,-2493.0,-2493.0,450.0,450.0
1937589,180012,1.0,12,-765.0,-769.0,21061.98,21061.98
2366785,384119,2.0,10,-343.0,-351.0,2165.625,2165.625
2416117,303836,2.0,9,-364.0,-365.0,58252.23,58252.23
2345507,232003,2.0,4,-221.0,-251.0,30942.27,30942.27
1845716,401890,1.0,14,-286.0,-316.0,10982.655,10982.655
2472070,328128,1.0,7,-2359.0,-2370.0,2566.395,2566.395
1710178,188527,1.0,6,-555.0,-565.0,6776.595,6776.595
1238553,173506,1.0,11,-485.0,-519.0,6104.61,6104.61
2691784,332566,3.0,7,-25.0,-38.0,21951.81,21951.81
1034259,140471,0.0,42,-1799.0,-1827.0,5625.0,90.0
1777598,117885,1.0,8,-973.0,-967.0,9725.67,9725.67
2499514,354907,1.0,7,-2409.0,-2409.0,6922.53,6922.53
2028132,186333,0.0,23,-2249.0,-2261.0,3375.0,3375.0
1235606,179272,0.0,59,-339.0,-339.0,2.115,2.115
2354465,432585,0.0,5,-745.0,-745.0,10694.565,10694.565
2228916,142725,1.0,1,-2487.0,-2510.0,13431.15,13431.15
1455546,448344,0.0,2,-2722.0,-2731.0,7875.0,6750.0
2795236,221455,1.0,1,-462.0,-483.0,17091.27,17091.27
2797528,337846,0.0,8,-930.0,-930.0,241875.0,241875.0
1669064,279119,1.0,2,-470.0,-474.0,8918.595,8918.595
2662466,125636,1.0,3,-1907.0,-1916.0,9803.43,9803.43
1463232,147434,0.0,13,-57.0,-57.0,197.865,197.865
2518388,168731,1.0,25,-57.0,-58.0,35528.355,35528.355
1880322,120602,1.0,1,-412.0,-414.0,16325.64,16325.64
1185103,311059,0.0,6,-2125.0,-2135.0,9000.0,9000.0
1584524,352964,2.0,15,-604.0,-620.0,41946.795,41946.795
1204977,212123,1.0,2,-1379.0,-1387.0,3707.1,3707.1
1531361,167771,2.0,5,-490.0,-521.0,7652.7,7652.7
2830728,136776,1.0,1,-1508.0,-1525.0,14238.72,14238.72
1175697,310461,1.0,3,-104.0,-116.0,22823.775,22823.775
1330797,389519,0.0,5,-1166.0,-1171.0,2250.0,2250.0
2604072,248151,1.0,6,-99.0,-127.0,17734.545,17734.545
1314876,288540,1.0,10,-2030.0,-2035.0,3317.4,3317.4
2679067,210240,1.0,3,-1645.0,-1694.0,9792.09,9792.09
1481837,129907,3.0,17,-361.0,-372.0,4112.1,4112.1
2794694,440272,1.0,1,-370.0,-377.0,8532.0,8532.0
2086968,314868,0.0,14,-39.0,-39.0,406.575,406.575
2190643,323656,1.0,6,-736.0,-741.0,32810.085,32810.085
1470018,241829,0.0,10,-1821.0,-1836.0,6750.0,6750.0
1669755,245199,1.0,2,-1935.0,-1954.0,12681.36,12681.36
2203407,122442,0.0,46,-1737.0,-1737.0,1447.245,1447.245
1282463,380067,1.0,1,-1129.0,-1135.0,32889.375,32889.375
2004197,141552,1.0,16,-2228.0,-2198.0,9024.03,23.805
2792067,390728,1.0,6,-2131.0,-2138.0,14032.44,14032.44
1331612,392952,7.0,6,-233.0,-237.0,9248.625,11252.475
1569768,100682,1.0,5,-1041.0,-1037.0,12110.265,12110.265
1496575,203774,0.0,14,-592.0,-608.0,10788.885,10788.885
1295250,353276,1.0,15,-26.0,-25.0,2469.6,2469.6
1941122,341013,1.0,5,-555.0,-563.0,6916.725,6916.725
1747215,247005,1.0,4,-184.0,-210.0,12694.14,12694.14
2584873,156401,2.0,27,-77.0,-79.0,18820.035,18820.035
1938109,236144,1.0,2,-46.0,-70.0,16908.885,16908.885
2314156,254978,1.0,3,-394.0,-397.0,7510.815,7510.815
2760787,169844,1.0,26,-117.0,-114.0,14349.15,14238.09
1875683,440845,1.0,4,-148.0,-158.0,20673.945,20673.945
1959688,426211,0.0,111,-456.0,-456.0,3375.0,3375.0
1551676,363848,1.0,4,-1184.0,-1199.0,33964.38,33964.38
1208609,322775,1.0,10,-452.0,-462.0,42176.295,42176.295
2403525,166674,1.0,5,-322.0,-322.0,10724.76,10724.76
1232993,298844,0.0,17,-885.0,-885.0,10914.255,10914.255
1740674,234832,3.0,17,-195.0,-240.0,5900.265,5900.265
1438867,194589,1.0,4,-2358.0,-2358.0,12199.995,12199.995
1386047,208447,1.0,8,-419.0,-418.0,31446.36,31446.36
2206266,160363,1.0,4,-2298.0,-2312.0,7869.015,7869.015
2229771,407178,1.0,2,-1636.0,-1647.0,3293.865,3293.865
1614032,392707,1.0,8,-1772.0,-1792.0,964.845,964.845
1873102,367633,1.0,16,-1019.0,-1030.0,9339.165,9339.165
1521805,186986,1.0,3,-347.0,-398.0,10242.045,10242.045
1410749,385824,0.0,18,-101.0,-101.0,252.81,252.81
1794472,212613,1.0,11,-6.0,-12.0,18660.015,18660.015
2424570,377625,1.0,3,-1176.0,-1216.0,19198.215,19198.215
2262632,220724,1.0,19,-344.0,-346.0,3744.9,3744.9
1389049,416219,1.0,3,-1413.0,-1424.0,9398.25,9398.25
2762617,363234,0.0,74,-1864.0,-1876.0,10800.0,10800.0
1150825,143320,0.0,116,-226.0,-226.0,194.67,194.67
1406372,367127,0.0,8,-884.0,-884.0,522.405,522.405
1745006,199639,1.0,6,-2038.0,-2045.0,41331.555,364.725
1597847,308191,1.0,9,-1692.0,-1693.0,13249.53,13249.53
1284396,344317,1.0,5,-1600.0,-1614.0,4765.05,4765.05
1666460,176059,0.0,15,-2825.0,-2847.0,6750.0,6750.0
1447222,367803,1.0,7,-1323.0,-1341.0,6907.32,6907.32
1543998,339416,1.0,13,-95.0,-92.0,6099.12,4748.265
2437780,448514,1.0,6,-191.0,-200.0,19925.775,19925.775
2573057,195208,1.0,6,-2029.0,-2030.0,20801.25,20801.25
1101359,271161,0.0,78,-817.0,-828.0,6750.0,6750.0
2327282,249356,2.0,11,-1800.0,-1806.0,4959.9,4959.9
2159060,341450,1.0,2,-314.0,-325.0,8910.0,8910.0
2246921,120642,0.0,37,-122.0,-122.0,1.8,1.8
2140870,123125,1.0,16,-255.0,-257.0,7227.54,7227.54
1220270,204173,1.0,3,-534.0,-540.0,4791.015,4791.015
2451585,399634,1.0,10,-395.0,-404.0,7873.83,7873.83
1007398,186856,0.0,60,-1303.0,-1332.0,1.26,1.26
2636269,367846,1.0,1,-459.0,-468.0,8675.955,8675.955
1415134,430882,1.0,3,-2835.0,-2835.0,6397.425,6397.425
1189612,183744,0.0,14,-2536.0,-2542.0,5625.0,5625.0
2721140,352877,1.0,6,-185.0,-182.0,54124.83,53036.055
1239477,142207,0.0,46,-1924.0,-1924.0,225.0,225.0
2480365,431915,1.0,2,-160.0,-181.0,15582.555,15582.555
1661447,209073,0.0,12,-410.0,-408.0,2250.0,2250.0
1369887,370142,1.0,2,-1543.0,-1552.0,5441.49,5441.49
1751501,319707,0.0,19,-1810.0,-1822.0,9000.0,9000.0
1618031,372044,0.0,2,-158.0,-158.0,2175.885,2175.885
1288166,345196,0.0,71,-1658.0,-1659.0,10800.0,10800.0
1411047,182385,1.0,8,-773.0,-775.0,46283.94,46283.94
2597158,403054,1.0,21,-1716.0,-1733.0,9127.35,9127.35
2694202,314229,1.0,5,-109.0,-111.0,11290.905,11290.905
1302484,252095,2.0,4,-201.0,-204.0,199498.905,199498.905
2560787,119240,1.0,3,-1404.0,-1427.0,16186.5,16186.5
1907132,421105,1.0,7,-333.0,-339.0,14871.24,14871.24
2272624,235540,1.0,3,-1153.0,-1155.0,21192.48,21192.48
2083092,370461,0.0,22,-535.0,-535.0,15750.0,15750.0
1745530,280379,1.0,7,-1159.0,-1195.0,4651.02,4651.02
1474543,220347,0.0,32,-2326.0,-2326.0,97.65,97.65
1503451,323134,1.0,11,-795.0,-796.0,26439.3,26439.3
1605134,387897,1.0,1,-568.0,-582.0,14349.96,14349.96
2118175,311318,0.0,54,-1789.0,-1799.0,9000.0,9000.0
1634738,393246,1.0,1,-1135.0,-1164.0,3615.3,3615.3
1261219,262568,1.0,2,-284.0,-302.0,7939.665,7939.665
2244452,299148,1.0,7,-126.0,-156.0,18746.055,18746.055
2032741,138150,3.0,23,-123.0,-128.0,66436.47,66436.47
2207339,449468,1.0,3,-2427.0,-2435.0,4541.985,4541.985
1959340,167427,1.0,8,-338.0,-342.0,24883.47,24883.47
1832476,104315,1.0,11,-29.0,-63.0,8138.385,8138.385
1027629,168205,0.0,42,-1726.0,-1726.0,6750.0,6750.0
2211597,153081,1.0,6,-2508.0,-2513.0,7364.25,7364.25
2366559,345546,1.0,2,-2195.0,-2227.0,3496.995,3496.995
1686304,453561,1.0,2,-847.0,-872.0,13748.76,13748.76
1974310,191677,0.0,33,-54.0,-54.0,5304.555,5304.555
2290736,133216,1.0,1,-1324.0,-1354.0,22384.98,204.075
2274508,202371,0.0,39,-446.0,-446.0,0.135,0.135
1715606,354656,0.0,30,-953.0,-942.0,4500.0,4500.0
2683390,244482,1.0,8,-307.0,-315.0,17953.785,17953.785
1619174,220006,1.0,16,-185.0,-216.0,54970.065,306.225
2104426,276279,0.0,23,-2076.0,-2076.0,1125.0,1125.0
2214506,257708,0.0,54,-1109.0,-1139.0,1079.64,1079.64
1954276,181388,1.0,6,-1412.0,-1412.0,34502.31,34502.31
1916562,275365,0.0,131,-96.0,-96.0,159.93,159.93
2085839,222475,1.0,3,-987.0,-988.0,5860.89,5860.89
2796828,349901,1.0,4,-2259.0,-2266.0,3368.835,3368.835
2237913,314726,0.0,3,-156.0,-156.0,450.0,450.0
2527761,353753,2.0,2,-831.0,-844.0,58282.74,58282.74
2464649,217018,1.0,20,-486.0,-499.0,19317.465,19317.465
1956245,254986,1.0,5,-1343.0,-1365.0,18378.045,18378.045
1727612,391921,1.0,6,-2327.0,-2358.0,2592.9,2592.9
2006441,182549,2.0,7,-500.0,-511.0,23254.38,23254.38
1466878,142959,1.0,1,-1525.0,-1534.0,23825.655,23825.655
2478491,358857,1.0,15,-454.0,-459.0,15854.85,15854.85
